# Blender 5.1.1
# www.blender.org
mtllib lemonobj.mtl
o lemon
v -0.018785 1.231110 -0.379662
v 0.264197 1.178071 0.411765
v 0.347771 1.155064 0.400427
v 0.301459 1.222602 0.337214
v 0.206826 1.165918 0.414930
v 0.288099 1.149734 0.457250
v 0.218788 1.226251 0.341917
v 0.123200 1.174079 0.410758
v 0.085155 1.225197 0.383141
v 0.075815 1.179841 0.431985
v 0.144873 1.194133 0.370409
v 0.155451 1.149435 0.457978
v -0.203050 1.003966 0.733298
v -0.169789 1.063795 0.654584
v -0.252836 1.014364 0.696047
v -0.119450 1.122937 0.501349
v -0.152663 1.088143 0.582456
v -0.066277 1.099450 0.582043
v -0.204957 1.137978 0.437768
v -0.205725 1.095423 0.529195
v -0.152133 1.172748 0.396635
v 0.820604 0.962950 -0.226298
v 0.764683 1.005609 -0.205782
v 0.815591 0.982803 -0.174582
v 0.841498 0.926710 -0.312645
v 0.789751 0.968114 -0.263231
v 0.880806 0.944022 -0.165844
v 0.870544 0.928846 -0.240949
v 0.584465 1.141522 -0.005844
v 0.486222 1.197509 0.050915
v 0.560051 1.143914 0.097594
v 0.529607 1.147980 -0.107482
v 0.510380 1.201427 -0.016923
v 0.690000 1.087565 0.003438
v 0.621965 1.121158 -0.068944
v 0.670456 1.089988 0.076260
v -0.115938 1.320096 0.274712
v -0.082706 1.350839 0.236920
v -0.133077 1.329800 0.241595
v -0.095400 1.281357 0.331934
v -0.077024 1.332243 0.275900
v -0.191853 1.261600 0.270625
v -0.149147 1.272972 0.309028
v 0.002003 1.354049 0.160839
v 0.071109 1.324874 0.135931
v -0.008098 1.349008 0.118653
v -0.053140 1.370357 0.159911
v 0.014133 1.335653 0.094068
v 0.391762 1.257638 -0.185199
v 0.460075 1.200081 -0.155845
v 0.421880 1.215365 -0.212299
v 0.367630 1.218505 -0.250393
v 0.350324 1.265086 -0.208838
v 0.343094 1.294009 -0.165208
v 0.404612 1.265814 -0.145176
v 0.212450 1.326130 -0.176271
v 0.157992 1.331233 -0.151039
v 0.216111 1.320922 -0.121837
v 0.156148 1.328936 -0.124584
v 0.194882 1.318812 -0.099774
v 0.216444 1.314451 -0.061940
v 0.236772 1.308394 -0.062075
v 0.254579 1.318081 -0.158808
v 0.254858 1.316277 -0.111983
v 0.185782 1.337602 -0.085564
v 0.174653 1.359519 -0.064708
v 0.202454 1.337503 -0.061856
v 0.160158 1.347664 -0.098105
v 0.153455 1.397804 -0.002443
v 0.144402 1.400933 0.016857
v 0.153453 1.393009 0.012463
v 0.154929 1.376770 0.033428
v 0.164990 1.375451 0.020562
v 0.170149 1.376334 0.002734
v 0.066547 1.409554 -0.011562
v 0.042523 1.379882 -0.045486
v 0.032521 1.376369 -0.028244
v 0.027604 1.372537 -0.007478
v 0.075647 1.413733 0.004087
v 0.082777 1.417316 -0.016352
v 0.093386 1.390486 0.048395
v 0.094198 1.350765 0.075841
v 0.114395 1.391235 0.049413
v 0.109790 1.411744 0.029418
v 0.087122 1.404018 0.034539
v 0.037879 1.363062 0.037364
v 0.062123 1.357531 0.059126
v 0.726557 -1.141264 0.319237
v 0.802521 -1.098953 0.295474
v 0.758440 -1.105959 0.350602
v 0.713841 -1.125307 0.407727
v 0.684916 -1.164282 0.349690
v 0.684896 -1.189079 0.283790
v 0.746271 -1.147852 0.270603
v 0.376563 -1.518080 -0.329923
v 0.340727 -1.552542 -0.298687
v 0.343175 -1.524068 -0.336718
v 0.435967 -1.458397 -0.319772
v 0.388799 -1.535574 -0.304113
v 0.366787 -1.439894 -0.368674
v 0.405691 -1.447110 -0.346264
v 0.488814 -1.360068 0.119924
v 0.528641 -1.295526 0.192122
v 0.481057 -1.336648 0.216293
v 0.543895 -1.348479 0.012884
v 0.529107 -1.296502 0.116986
v 0.396938 -1.405363 0.167633
v 0.455294 -1.482127 -0.046489
v 0.511196 -1.414035 -0.080529
v 0.494502 -1.421042 -0.011343
v 0.450664 -1.441540 0.048041
v 0.420359 -1.511686 -0.028399
v 0.416270 -1.532271 -0.092226
v 0.458729 -1.485889 -0.095470
v 0.081137 -1.523454 -0.037176
v 0.114972 -1.567190 -0.081838
v 0.113845 -1.542889 -0.024364
v 0.077488 -1.484153 0.047373
v 0.038160 -1.477913 0.010523
v 0.002554 -1.475686 -0.034487
v 0.069128 -1.532026 -0.077908
v 0.151863 -1.513383 -0.345410
v 0.181619 -1.552445 -0.316419
v 0.142869 -1.529076 -0.316102
v 0.160831 -1.455937 -0.392379
v 0.183140 -1.526069 -0.354930
v 0.085353 -1.472362 -0.329428
v 0.121572 -1.460774 -0.366627
v -0.228799 -1.273364 -0.274359
v -0.296097 -1.233604 -0.318973
v -0.207092 -1.249248 -0.374472
v -0.190332 -1.313686 -0.191002
v -0.284261 -1.262599 -0.239732
v -0.154625 -1.290725 -0.312991
v -0.608701 -0.944068 -0.484759
v -0.556809 -1.000722 -0.474533
v -0.609482 -0.965549 -0.431932
v -0.668302 -0.916217 -0.417123
v -0.644585 -0.899837 -0.491537
v -0.599927 -0.882904 -0.560009
v -0.570916 -0.947178 -0.529039
v -0.638313 -0.812237 -0.578735
v -0.541418 -0.876442 -0.630673
v -0.518757 -0.953041 -0.590880
v -0.690010 -0.832179 -0.498526
v -0.730637 -0.754226 -0.503726
v -0.718713 -0.848599 -0.410763
v -0.759074 -0.768386 -0.406580
v -0.802530 -0.684811 -0.407737
v -0.739865 -0.868513 -0.319699
v -0.782619 -0.785994 -0.310011
v -0.836477 -0.702159 -0.308555
v -0.865087 -0.607548 -0.299996
v -0.851539 -0.717970 -0.202830
v -0.887969 -0.623778 -0.190185
v -0.891388 -0.512447 -0.293671
v -0.861712 -0.736541 -0.094215
v -0.903073 -0.643357 -0.077846
v -0.917748 -0.527125 -0.178822
v -0.930809 -0.544341 -0.061892
v -0.945768 -0.430688 -0.170860
v -0.901128 -0.660722 0.037763
v -0.935587 -0.562311 0.056562
v -0.953723 -0.444082 -0.047524
v -0.954418 -0.460979 0.073674
v -0.972241 -0.346307 -0.033846
v -0.909284 -0.571070 0.176422
v -0.928964 -0.470093 0.195300
v -0.971770 -0.360322 0.092503
v -0.947605 -0.369829 0.216611
v -0.984434 -0.261373 0.110491
v -0.886642 -0.471639 0.316708
v -0.900575 -0.374850 0.339897
v -0.961962 -0.269925 0.238418
v -0.917361 -0.279531 0.365883
v -0.960419 -0.170988 0.254976
v -0.841944 -0.384173 0.468468
v -0.855036 -0.292120 0.494648
v -0.914836 -0.182100 0.383430
v -0.855055 -0.194275 0.512898
v -0.914606 -0.084831 0.399794
v -0.776709 -0.300393 0.620564
v -0.775946 -0.201485 0.634747
v -0.854208 -0.096113 0.529989
v -0.775681 -0.102563 0.651277
v -0.856149 0.000052 0.545421
v -0.683640 -0.205337 0.749720
v -0.687045 -0.107567 0.768537
v -0.773514 -0.003546 0.662828
v -0.686161 -0.006125 0.777876
v -0.772153 0.096981 0.669388
v -0.579244 -0.108065 0.866525
v -0.581028 -0.006609 0.877101
v -0.688209 0.095279 0.784478
v -0.577395 0.095255 0.878333
v -0.684479 0.195537 0.784393
v -0.463951 -0.006006 0.959324
v -0.459199 0.095753 0.959098
v -0.572426 0.193856 0.878554
v -0.454274 0.195387 0.958761
v -0.558706 0.290820 0.872081
v -0.340258 0.096863 1.031226
v -0.334218 0.195481 1.026623
v -0.444082 0.294757 0.955241
v -0.329443 0.296748 1.027442
v -0.431689 0.393024 0.946370
v -0.202892 0.194491 1.067465
v -0.200722 0.292796 1.065642
v -0.316442 0.396444 1.012356
v -0.195573 0.395037 1.057633
v -0.303515 0.496641 0.992720
v -0.069884 0.295401 1.103521
v -0.070150 0.395846 1.086552
v -0.185706 0.496172 1.036715
v -0.066637 0.497534 1.064234
v -0.174924 0.595264 1.008535
v 0.058687 0.402747 1.088195
v 0.055550 0.500681 1.063392
v -0.062143 0.599323 1.039165
v 0.054516 0.604619 1.042033
v -0.058672 0.699225 1.006619
v 0.177816 0.509421 1.050884
v 0.167799 0.612114 1.030280
v 0.051541 0.706836 1.012047
v 0.160535 0.716884 1.001106
v 0.043571 0.802691 0.965327
v 0.282709 0.627110 1.016130
v 0.269248 0.724947 0.978263
v 0.148745 0.808348 0.949565
v 0.255154 0.820515 0.931404
v 0.132028 0.895967 0.895267
v 0.376823 0.734255 0.949123
v 0.361775 0.833980 0.904501
v 0.233798 0.905764 0.874453
v 0.334487 0.924929 0.849428
v 0.205469 0.982899 0.808800
v 0.459598 0.841380 0.857560
v 0.428347 0.938297 0.800980
v 0.298240 1.001434 0.781733
v 0.381406 1.013055 0.731973
v 0.255513 1.048821 0.692791
v 0.501692 0.943894 0.731570
v 0.452360 1.027076 0.671674
v 0.328938 1.061404 0.649921
v 0.395066 1.081954 0.596928
v 0.284880 1.113241 0.572767
v 0.513106 1.032998 0.601216
v 0.457913 1.083331 0.534005
v 0.340827 1.122122 0.523830
v 0.399027 1.119121 0.463886
v 0.529210 1.086731 0.469275
v 0.469139 1.115883 0.393349
v 0.413042 1.147496 0.323161
v 0.529897 1.117492 0.332388
v 0.471663 1.162145 0.263002
v 0.370054 1.216451 0.259713
v 0.410997 1.211061 0.196327
v 0.329915 1.280912 0.183572
v 0.508877 1.157600 0.212962
v 0.435215 1.198303 0.150095
v 0.360497 1.263538 0.123626
v 0.374563 1.247220 0.082487
v 0.307127 1.290303 0.070556
v 0.461774 1.194817 0.102954
v 0.390070 1.248377 0.049007
v 0.313541 1.275945 0.034530
v 0.323706 1.288524 0.009525
v 0.280115 1.288127 0.017613
v 0.406429 1.261641 0.008183
v 0.335136 1.308305 -0.027821
v 0.286647 1.302505 -0.010774
v 0.287842 1.316654 -0.048154
v 0.261976 1.302149 -0.020452
v 0.341707 1.316619 -0.078201
v 0.288369 1.318591 -0.098573
v 0.259821 1.312290 -0.057310
v 0.342271 1.308889 -0.123836
v 0.292197 1.313813 -0.142381
v 0.299019 1.298841 -0.185935
v 0.258773 1.309772 -0.208436
v 0.306108 1.270094 -0.236923
v 0.261205 1.285092 -0.260509
v 0.208009 1.318509 -0.226431
v 0.203054 1.292831 -0.271286
v 0.152938 1.325063 -0.233745
v 0.158277 1.334847 -0.189350
v 0.143148 1.297199 -0.273970
v 0.100235 1.333471 -0.236428
v 0.108563 1.338958 -0.195292
v 0.114514 1.338329 -0.162075
v 0.063501 1.348190 -0.193622
v 0.075324 1.345264 -0.163164
v 0.085736 1.342841 -0.136387
v 0.040597 1.350268 -0.155547
v 0.055145 1.347042 -0.132165
v 0.070723 1.359660 -0.108370
v 0.027353 1.350148 -0.119522
v 0.045466 1.360894 -0.099636
v 0.074079 1.383361 -0.066612
v 0.023935 1.360698 -0.084452
v 0.058321 1.382299 -0.057189
v 0.090371 1.418400 -0.026422
v 0.005855 1.360313 -0.064788
v 0.002249 1.351795 -0.100966
v -0.018674 1.354061 -0.077936
v -0.006635 1.360180 -0.041891
v -0.039165 1.352441 -0.020465
v -0.011271 1.358036 -0.015997
v -0.036149 1.349171 0.013586
v -0.007866 1.354721 0.012873
v 0.028792 1.368032 0.012871
v 0.005074 1.348104 0.042538
v 0.078359 1.410984 0.019285
v -0.024110 1.344527 0.048833
v 0.036398 1.343505 0.075289
v 0.071960 1.320722 0.114261
v 0.081146 1.334787 0.094888
v 0.119385 1.309775 0.110062
v 0.122062 1.328352 0.096305
v 0.126332 1.348118 0.078940
v 0.156749 1.326047 0.086302
v 0.152970 1.348863 0.069518
v 0.129466 1.384046 0.048738
v 0.135598 1.408078 0.021512
v 0.143486 1.379438 0.043182
v 0.172208 1.348562 0.053607
v 0.183665 1.326821 0.067971
v 0.201084 1.327094 0.047052
v 0.187153 1.350237 0.035535
v 0.210397 1.325447 0.022756
v 0.195895 1.351490 0.014336
v 0.214122 1.326373 -0.003550
v 0.196142 1.353029 -0.009372
v 0.169438 1.377293 -0.017099
v 0.189202 1.357054 -0.035455
v 0.159762 1.377659 -0.041422
v 0.151321 1.399734 -0.022337
v 0.138179 1.397702 -0.045188
v 0.142068 1.371152 -0.068545
v 0.112683 1.380282 -0.072881
v 0.120136 1.410445 -0.043097
v 0.133192 1.412385 -0.019982
v 0.138390 1.407817 -0.000937
v 0.118536 1.417842 -0.014052
v 0.127528 1.414957 0.003814
v 0.115882 1.419766 0.009352
v 0.123844 1.411336 0.025635
v 0.105998 1.421979 -0.007351
v 0.100773 1.419159 0.015376
v 0.093049 1.421510 -0.000251
v 0.103724 1.418915 -0.037345
v 0.092371 1.383470 -0.073032
v 0.126868 1.353365 -0.107293
v 0.098468 1.358686 -0.111608
v 0.118944 1.336336 -0.134295
v 0.212621 1.330744 -0.031238
v 0.223923 1.308876 -0.029179
v 0.223089 1.304346 -0.000193
v 0.241899 1.300669 -0.025793
v 0.238931 1.292963 0.004495
v 0.259546 1.290067 0.009698
v 0.232504 1.295142 0.032912
v 0.251059 1.294022 0.039030
v 0.272531 1.296690 0.047625
v 0.236137 1.303691 0.071138
v 0.255239 1.310093 0.085083
v 0.287309 1.309676 0.117731
v 0.225881 1.317412 0.123174
v 0.250191 1.316163 0.162643
v 0.280234 1.287163 0.236577
v 0.203628 1.320086 0.200004
v 0.218803 1.290834 0.266656
v 0.149975 1.314448 0.215713
v 0.154573 1.291504 0.268712
v 0.158339 1.238264 0.323786
v 0.095996 1.270325 0.333267
v 0.097665 1.307380 0.273292
v 0.023025 1.288682 0.339291
v 0.015120 1.232450 0.395770
v -0.038755 1.290598 0.342614
v -0.052849 1.225452 0.395771
v 0.006173 1.182415 0.451605
v -0.074718 1.177442 0.437243
v 0.005945 1.140691 0.505905
v 0.087933 1.145701 0.490948
v 0.032906 1.111041 0.576753
v 0.113396 1.126473 0.564256
v 0.060451 1.076468 0.653980
v 0.144149 1.090032 0.643917
v 0.219136 1.101936 0.615050
v 0.187482 1.134510 0.535121
v 0.245427 1.140685 0.496045
v 0.087481 1.022420 0.733937
v 0.174508 1.032112 0.720625
v 0.111550 0.969875 0.823588
v 0.020218 0.962656 0.825092
v 0.033271 0.889756 0.904209
v -0.060758 0.884539 0.899559
v -0.060363 0.798088 0.963919
v -0.150779 0.876095 0.886196
v -0.160725 0.786309 0.941083
v -0.166019 0.692034 0.979035
v -0.259823 0.773308 0.899063
v -0.278601 0.685220 0.938192
v -0.290176 0.590946 0.964731
v -0.387714 0.676468 0.882379
v -0.402428 0.582943 0.904748
v -0.418109 0.489809 0.929715
v -0.512025 0.577475 0.836928
v -0.528679 0.481582 0.853779
v -0.543540 0.385798 0.864328
v -0.626731 0.480588 0.764936
v -0.647863 0.385782 0.772470
v -0.668728 0.292994 0.779383
v -0.732587 0.393958 0.664594
v -0.757086 0.300166 0.671015
v -0.768535 0.198855 0.671264
v -0.833634 0.308457 0.559392
v -0.848281 0.204367 0.560140
v -0.850437 0.100331 0.553537
v -0.902031 0.211859 0.438805
v -0.912218 0.108877 0.431029
v -0.911262 0.011209 0.414811
v -0.955309 0.126211 0.302268
v -0.966287 0.026981 0.287327
v -0.968716 -0.072303 0.271660
v -0.998432 0.040802 0.160189
v -1.000198 -0.062349 0.144286
v -0.991475 -0.163151 0.127991
v -1.001487 -0.055040 0.015947
v -0.995779 -0.154948 -0.001752
v -0.987788 -0.250158 -0.019079
v -0.981682 -0.139169 -0.132819
v -0.968315 -0.234496 -0.147701
v -0.958230 -0.331915 -0.160127
v -0.952893 -0.217910 -0.274481
v -0.933329 -0.317082 -0.282931
v -0.882152 -0.403351 -0.403838
v -0.914874 -0.416089 -0.289544
v -0.857165 -0.500248 -0.405315
v -0.820274 -0.488072 -0.514557
v -0.793271 -0.580686 -0.512828
v -0.835608 -0.594513 -0.408117
v -0.735774 -0.563473 -0.611730
v -0.705629 -0.650830 -0.601412
v -0.763401 -0.669277 -0.507287
v -0.630194 -0.631658 -0.685276
v -0.603720 -0.717237 -0.672942
v -0.673166 -0.733903 -0.590250
v -0.524370 -0.706418 -0.749388
v -0.498552 -0.790357 -0.727211
v -0.574217 -0.798715 -0.657294
v -0.407205 -0.782468 -0.784577
v -0.385423 -0.868097 -0.745014
v -0.472831 -0.875864 -0.696954
v -0.372501 -0.961409 -0.713302
v -0.457454 -0.964481 -0.660514
v -0.361064 -1.039349 -0.646808
v -0.434821 -1.028602 -0.587539
v -0.499231 -1.018435 -0.530576
v -0.416503 -1.084514 -0.508540
v -0.484432 -1.069544 -0.456587
v -0.550978 -1.045623 -0.406070
v -0.473607 -1.114921 -0.377465
v -0.548420 -1.083092 -0.327893
v -0.615607 -0.996713 -0.359227
v -0.627452 -1.032785 -0.284942
v -0.683501 -0.937171 -0.332864
v -0.549794 -1.116308 -0.247653
v -0.639860 -1.068663 -0.204330
v -0.697475 -0.964535 -0.249479
v -0.708598 -0.995654 -0.163447
v -0.760434 -0.892858 -0.226782
v -0.631793 -1.088156 -0.114154
v -0.704358 -1.020885 -0.069647
v -0.762619 -0.913904 -0.129871
v -0.758300 -0.936525 -0.028556
v -0.814297 -0.827144 -0.109828
v -0.686735 -1.042276 0.035342
v -0.744790 -0.956645 0.078179
v -0.812204 -0.848428 -0.002287
v -0.794249 -0.862415 0.108055
v -0.859284 -0.755207 0.017588
v -0.717230 -0.971801 0.185168
v -0.764664 -0.872221 0.219147
v -0.840153 -0.766606 0.132643
v -0.804088 -0.771744 0.246609
v -0.874912 -0.668705 0.154843
v -0.730702 -0.883607 0.328843
v -0.765317 -0.775685 0.360073
v -0.844859 -0.674738 0.273541
v -0.809422 -0.678229 0.393270
v -0.875917 -0.574574 0.298031
v -0.711999 -0.769078 0.470991
v -0.734616 -0.669130 0.504228
v -0.826289 -0.573590 0.418785
v -0.749553 -0.573567 0.538246
v -0.834016 -0.474518 0.442890
v -0.646775 -0.676810 0.621100
v -0.653747 -0.587679 0.657267
v -0.753532 -0.483797 0.569631
v -0.666567 -0.499329 0.694585
v -0.765618 -0.395737 0.598531
v -0.545046 -0.603983 0.758302
v -0.560896 -0.510548 0.798376
v -0.676233 -0.403265 0.720990
v -0.570531 -0.409422 0.823239
v -0.683056 -0.304479 0.737679
v -0.446611 -0.521022 0.883709
v -0.451773 -0.416086 0.903858
v -0.570114 -0.306915 0.833031
v -0.455676 -0.312912 0.919667
v -0.575559 -0.208295 0.850111
v -0.331308 -0.422051 0.973510
v -0.336429 -0.317053 0.990785
v -0.461415 -0.211139 0.936744
v -0.340868 -0.211790 1.005090
v -0.464508 -0.108833 0.951608
v -0.212275 -0.314301 1.044647
v -0.213130 -0.208216 1.051698
v -0.342893 -0.107865 1.019511
v -0.213595 -0.105783 1.068834
v -0.344140 -0.006064 1.031611
v -0.079837 -0.201164 1.085395
v -0.079134 -0.101987 1.106289
v -0.211823 -0.003552 1.079010
v -0.076223 0.000042 1.116133
v -0.206302 0.096069 1.071839
v 0.062265 -0.096446 1.122902
v 0.064750 0.004558 1.128382
v -0.071617 0.100994 1.116257
v 0.069079 0.105986 1.126651
v -0.069197 0.198173 1.108870
v 0.202290 0.006314 1.114604
v 0.203622 0.109831 1.111425
v 0.069481 0.206456 1.119595
v 0.202530 0.216226 1.110385
v 0.064834 0.304858 1.103902
v 0.328359 0.116254 1.093863
v 0.327116 0.225280 1.094627
v 0.196576 0.318298 1.094637
v 0.323059 0.331487 1.085222
v 0.187843 0.416220 1.076595
v 0.445437 0.234191 1.059138
v 0.441611 0.339746 1.051902
v 0.314077 0.433293 1.068282
v 0.432685 0.447932 1.040684
v 0.299749 0.529967 1.043953
v 0.545461 0.350524 0.992279
v 0.537183 0.462353 0.990394
v 0.413198 0.549580 1.015780
v 0.488222 0.635986 0.926065
v 0.513765 0.559540 0.960274
v 0.607023 0.561223 0.895058
v 0.578214 0.635847 0.859491
v 0.478115 0.734302 0.901941
v 0.665111 0.644838 0.803030
v 0.567213 0.736727 0.843350
v 0.641603 0.747190 0.776457
v 0.540415 0.845439 0.792859
v 0.744881 0.654126 0.740819
v 0.706822 0.751082 0.706730
v 0.604570 0.846662 0.718461
v 0.668944 0.852613 0.658657
v 0.565588 0.948490 0.662012
v 0.780031 0.762075 0.641564
v 0.740974 0.861755 0.602944
v 0.623928 0.947520 0.601115
v 0.694019 0.948368 0.545185
v 0.579925 1.031818 0.538632
v 0.811649 0.866658 0.535060
v 0.763405 0.946996 0.483707
v 0.649233 1.025636 0.483808
v 0.712756 1.019236 0.427570
v 0.593230 1.084460 0.411253
v 0.825148 0.947128 0.410529
v 0.762873 1.007225 0.358887
v 0.644085 1.072633 0.357377
v 0.683312 1.052623 0.297439
v 0.574150 1.113849 0.284811
v 0.802155 0.998312 0.275080
v 0.719533 1.040257 0.226322
v 0.600549 1.088345 0.231478
v 0.830409 0.995711 0.182122
v 0.746271 1.030531 0.137154
v 0.636544 1.083887 0.163301
v 0.850427 0.990295 0.089015
v 0.770672 1.030613 0.055604
v 0.869127 0.981610 0.002087
v 0.792108 1.024201 -0.020126
v 0.716817 1.069600 -0.066044
v 0.810515 1.008061 -0.099048
v 0.747328 1.041954 -0.138548
v 0.653265 1.088034 -0.128230
v 0.686355 1.054464 -0.193276
v 0.717498 1.020028 -0.257314
v 0.634489 1.075140 -0.253741
v 0.596427 1.110037 -0.192536
v 0.558845 1.134070 -0.143948
v 0.549391 1.131759 -0.258026
v 0.509843 1.150800 -0.212699
v 0.482082 1.164538 -0.183986
v 0.463273 1.163147 -0.274851
v 0.441929 1.186311 -0.240912
v 0.381918 1.184820 -0.281279
v 0.401193 1.162701 -0.322886
v 0.316006 1.177460 -0.311396
v 0.308175 1.222259 -0.276753
v 0.248875 1.232723 -0.298478
v 0.253671 1.188110 -0.347636
v 0.191018 1.246008 -0.317849
v 0.188605 1.194847 -0.377937
v 0.129649 1.252310 -0.328971
v 0.122675 1.200358 -0.396868
v 0.068320 1.266149 -0.333629
v 0.087921 1.311097 -0.282013
v 0.007368 1.289029 -0.336834
v 0.030571 1.325753 -0.283157
v 0.048562 1.346828 -0.236886
v -0.027107 1.338920 -0.273209
v 0.001339 1.360015 -0.227355
v 0.023204 1.358377 -0.184162
v -0.045489 1.368423 -0.203502
v -0.010239 1.365655 -0.163375
v 0.010071 1.354585 -0.139705
v -0.041310 1.367398 -0.137526
v -0.016894 1.358234 -0.117194
v -0.040981 1.361824 -0.090910
v -0.068557 1.374287 -0.108283
v -0.058767 1.362115 -0.061179
v -0.032766 1.353540 -0.050863
v -0.102757 1.370932 -0.034160
v -0.064784 1.359891 -0.025856
v -0.099299 1.372034 0.010184
v -0.062098 1.357730 0.012595
v -0.088446 1.362966 0.056668
v -0.050103 1.353379 0.052837
v -0.071545 1.365240 0.113452
v -0.145251 1.365373 0.057896
v -0.127135 1.355216 0.108215
v -0.182003 1.329224 0.105007
v -0.167885 1.327742 0.157763
v -0.111239 1.361560 0.158723
v -0.154883 1.325830 0.205279
v -0.095831 1.361328 0.200054
v -0.043095 1.364412 0.196095
v -0.036474 1.357477 0.236245
v 0.012199 1.353684 0.191099
v 0.021389 1.347496 0.232383
v 0.081582 1.339700 0.183442
v 0.074642 1.333542 0.156618
v 0.092600 1.335577 0.226747
v 0.136619 1.318576 0.171087
v 0.128558 1.316843 0.145472
v 0.184317 1.319912 0.152519
v 0.173488 1.314254 0.128047
v 0.123042 1.310356 0.127778
v 0.165306 1.305732 0.111020
v 0.211157 1.309346 0.103252
v 0.199204 1.303638 0.087730
v 0.158619 1.308577 0.095415
v 0.189511 1.309901 0.076050
v 0.220280 1.301780 0.060560
v 0.207841 1.308934 0.052480
v 0.217415 1.304328 0.027039
v 0.025325 1.322714 0.279521
v -0.033108 1.335130 0.283531
v -0.220568 1.261005 0.159438
v -0.209453 1.256616 0.218539
v -0.269347 1.205328 0.162980
v -0.247933 1.194984 0.226371
v -0.223919 1.194259 0.282914
v -0.254208 1.162478 0.291970
v -0.209966 1.169611 0.347534
v -0.181187 1.202989 0.328911
v -0.120637 1.211986 0.367775
v -0.255582 1.154723 0.373936
v -0.299109 1.153997 0.307357
v -0.319291 1.131710 0.412442
v -0.263523 1.107147 0.470353
v -0.372059 1.145555 0.344109
v -0.395011 1.088122 0.451619
v -0.335745 1.070519 0.506367
v -0.422046 1.019992 0.547181
v -0.367161 1.017488 0.606399
v -0.281135 1.075642 0.562697
v -0.310928 1.017736 0.657138
v -0.224252 1.077155 0.607874
v -0.105248 1.068448 0.648608
v -0.141584 1.025397 0.726806
v -0.076240 1.027007 0.734969
v -0.025628 1.069117 0.653120
v 0.002255 1.022604 0.738392
v -0.143016 0.954386 0.809912
v -0.064515 0.957233 0.818100
v -0.225108 0.943487 0.792890
v -0.244839 0.865042 0.860365
v -0.307337 0.935221 0.757716
v -0.345188 0.858044 0.817538
v -0.366451 0.767604 0.851363
v -0.428763 0.855951 0.757625
v -0.462194 0.764767 0.787791
v -0.492068 0.673848 0.817964
v -0.544514 0.769957 0.715891
v -0.577788 0.674573 0.735246
v -0.607799 0.578342 0.754954
v -0.653688 0.681165 0.647465
v -0.688827 0.585293 0.659825
v -0.706621 0.488250 0.660523
v -0.750695 0.595409 0.554003
v -0.780942 0.502903 0.554210
v -0.807673 0.407609 0.554698
v -0.843013 0.518199 0.442929
v -0.868795 0.419105 0.441482
v -0.926686 0.325535 0.320168
v -0.892219 0.316047 0.443180
v -0.950851 0.225986 0.316682
v -0.979358 0.243458 0.187689
v -0.987609 0.142595 0.175501
v -0.990158 0.252534 0.059311
v -0.998481 0.150533 0.047876
v -1.009617 0.048190 0.032237
v -0.991327 0.155702 -0.079423
v -0.992921 0.055609 -0.094819
v -0.989379 -0.043097 -0.113217
v -0.962269 0.071296 -0.222904
v -0.959175 -0.023383 -0.241744
v -0.958932 -0.118541 -0.261484
v -0.921300 -0.001185 -0.369156
v -0.925534 -0.099100 -0.384851
v -0.920132 -0.199508 -0.394572
v -0.877775 -0.185289 -0.509796
v -0.865157 -0.288042 -0.510180
v -0.903729 -0.301204 -0.399495
v -0.794773 -0.274391 -0.609890
v -0.773974 -0.371034 -0.604320
v -0.846883 -0.390762 -0.513383
v -0.689245 -0.356225 -0.696578
v -0.680703 -0.450244 -0.702275
v -0.757079 -0.468556 -0.609986
v -0.585779 -0.437337 -0.787719
v -0.569684 -0.529463 -0.779794
v -0.659848 -0.543810 -0.699277
v -0.465169 -0.519261 -0.848364
v -0.448317 -0.608412 -0.832108
v -0.548081 -0.619090 -0.765751
v -0.335649 -0.593709 -0.888519
v -0.322286 -0.683961 -0.870395
v -0.426895 -0.695380 -0.810247
v -0.203831 -0.664378 -0.912668
v -0.196644 -0.756235 -0.886091
v -0.306511 -0.771563 -0.836544
v -0.186629 -0.844675 -0.843257
v -0.290876 -0.858652 -0.794662
v -0.177773 -0.932560 -0.793220
v -0.280481 -0.948837 -0.751766
v -0.172926 -1.020966 -0.745463
v -0.273450 -1.033963 -0.695870
v -0.163602 -1.095748 -0.679459
v -0.262041 -1.100858 -0.620042
v -0.343734 -1.094433 -0.562363
v -0.242812 -1.148998 -0.539450
v -0.328114 -1.147001 -0.479387
v -0.402211 -1.134849 -0.427360
v -0.313781 -1.192194 -0.398930
v -0.390568 -1.181098 -0.347786
v -0.464681 -1.151101 -0.294547
v -0.376752 -1.213375 -0.267283
v -0.460365 -1.182559 -0.212747
v -0.549217 -1.142389 -0.162210
v -0.454340 -1.208460 -0.125053
v -0.542026 -1.167751 -0.070706
v -0.620095 -1.112036 -0.016174
v -0.526383 -1.191676 0.030227
v -0.598705 -1.133952 0.087207
v -0.659607 -1.058896 0.141461
v -0.560713 -1.143389 0.196332
v -0.622186 -1.071567 0.250374
v -0.676536 -0.980782 0.291710
v -0.566246 -1.065012 0.351242
v -0.625227 -0.975470 0.396367
v -0.672084 -0.872342 0.432867
v -0.563787 -0.960920 0.497592
v -0.610104 -0.861394 0.539619
v -0.641465 -0.767814 0.584954
v -0.520559 -0.872266 0.642702
v -0.531461 -0.785241 0.685004
v -0.530933 -0.691049 0.714989
v -0.414362 -0.806265 0.771719
v -0.421222 -0.712706 0.810648
v -0.432971 -0.619138 0.847140
v -0.302611 -0.727480 0.881426
v -0.314674 -0.626676 0.918785
v -0.328249 -0.526539 0.954764
v -0.187624 -0.628897 0.966386
v -0.198237 -0.526084 1.000629
v -0.206132 -0.420906 1.026878
v -0.072819 -0.520993 1.041800
v -0.078684 -0.411857 1.062470
v -0.081266 -0.304690 1.077799
v 0.051017 -0.401960 1.087223
v 0.052619 -0.294659 1.096003
v 0.057349 -0.194088 1.105829
v 0.187722 -0.290532 1.080417
v 0.194983 -0.192119 1.092688
v 0.200072 -0.094069 1.109118
v 0.332291 -0.196181 1.086012
v 0.334508 -0.093877 1.095398
v 0.331623 0.008997 1.095320
v 0.460511 -0.085330 1.080210
v 0.449789 0.016877 1.062293
v 0.447020 0.128417 1.060526
v 0.557628 0.034223 1.009068
v 0.559303 0.145890 1.008613
v 0.556047 0.248015 1.003801
v 0.670054 0.164458 0.949890
v 0.665687 0.264940 0.943334
v 0.641471 0.465736 0.929529
v 0.652919 0.358688 0.932721
v 0.765095 0.274327 0.861859
v 0.751579 0.360305 0.853250
v 0.731875 0.454650 0.847618
v 0.699401 0.553732 0.829788
v 0.818113 0.449970 0.764029
v 0.781816 0.552953 0.756216
v 0.867701 0.557897 0.686069
v 0.820643 0.665798 0.669581
v 0.894211 0.681684 0.596394
v 0.853316 0.776913 0.571874
v 0.952626 0.695326 0.503073
v 0.912523 0.785784 0.482216
v 0.874953 0.870256 0.454615
v 0.967473 0.797674 0.382049
v 0.924973 0.875577 0.354440
v 0.871450 0.942469 0.317802
v 0.950782 0.869571 0.242470
v 0.903269 0.940951 0.214769
v 0.975884 0.867021 0.138440
v 0.924766 0.939774 0.115466
v 0.996942 0.860494 0.039553
v 0.939559 0.929186 0.020710
v 0.947598 0.909040 -0.072032
v 0.882523 0.965378 -0.084321
v 0.947969 0.893606 -0.164287
v 1.010570 0.847995 -0.060728
v 1.007474 0.833377 -0.164193
v 0.931008 0.880795 -0.256051
v 0.983499 0.823534 -0.269190
v 0.891104 0.880249 -0.348895
v 0.869030 0.828428 -0.466273
v 0.831756 0.887311 -0.428058
v 0.792758 0.939062 -0.376493
v 0.754550 0.984796 -0.318405
v 0.735279 0.955789 -0.443625
v 0.711934 1.011670 -0.384718
v 0.671648 1.041553 -0.318836
v 0.646201 1.022963 -0.452829
v 0.614112 1.057163 -0.384190
v 0.579538 1.088321 -0.316229
v 0.539080 1.050984 -0.440443
v 0.513474 1.089190 -0.375042
v 0.489741 1.134674 -0.321958
v 0.442106 1.091315 -0.427342
v 0.422897 1.131959 -0.373237
v 0.356100 1.135106 -0.417696
v 0.334626 1.151356 -0.359429
v 0.369019 1.099635 -0.471504
v 0.281215 1.135338 -0.450499
v 0.266565 1.151984 -0.395178
v 0.192829 1.148236 -0.423262
v 0.199176 1.124330 -0.471207
v 0.118160 1.151575 -0.430938
v 0.106681 1.124904 -0.469033
v 0.032419 1.165685 -0.423094
v 0.020934 1.145895 -0.464267
v -0.041179 1.188518 -0.412801
v 0.048247 1.209463 -0.388609
v -0.060605 1.167331 -0.459306
v -0.112382 1.210129 -0.401123
v -0.085934 1.246024 -0.363416
v -0.057552 1.299873 -0.321796
v -0.161129 1.247363 -0.337392
v -0.127026 1.305715 -0.295097
v -0.085630 1.345543 -0.247137
v -0.186526 1.301103 -0.253246
v -0.131885 1.343997 -0.210093
v -0.082448 1.365897 -0.171593
v -0.171131 1.353641 -0.174725
v -0.116032 1.377613 -0.140709
v -0.142837 1.378850 -0.097932
v -0.093116 1.375025 -0.075572
v -0.209677 1.349662 -0.063917
v -0.155450 1.373853 -0.047465
v -0.215112 1.350791 -0.001619
v -0.157584 1.373788 0.006204
v -0.267106 1.305293 -0.012686
v -0.258033 1.296849 0.048035
v -0.204139 1.341519 0.055588
v -0.311294 1.246722 0.038722
v -0.290081 1.228588 0.099857
v -0.235711 1.276973 0.100838
v -0.334424 1.191521 0.101675
v -0.362136 1.157411 0.180261
v -0.306679 1.165519 0.163685
v -0.331683 1.150854 0.243701
v -0.281138 1.158584 0.231372
v -0.419602 1.149549 0.275653
v -0.450718 1.163843 0.203414
v -0.501638 1.109205 0.300557
v -0.450238 1.097721 0.379700
v -0.536979 1.121999 0.213295
v -0.576904 1.043848 0.314097
v -0.528668 1.037503 0.402620
v -0.603975 0.967512 0.423291
v -0.556389 0.959836 0.507889
v -0.475536 1.028122 0.480291
v -0.624711 0.877951 0.529336
v -0.568368 0.870648 0.615019
v -0.504358 0.951722 0.585993
v -0.501255 0.860267 0.690157
v -0.443392 0.943531 0.652827
v -0.379128 0.938638 0.710459
v -0.615598 0.778507 0.633506
v -0.674428 0.786734 0.541910
v -0.716336 0.691653 0.551384
v -0.728442 0.797796 0.445212
v -0.767718 0.702852 0.445345
v -0.802241 0.609241 0.442128
v -0.809312 0.715795 0.332917
v -0.844641 0.624419 0.327039
v -0.912262 0.544027 0.204654
v -0.886615 0.531596 0.325663
v -0.938968 0.443241 0.200770
v -0.905852 0.428437 0.321990
v -0.948379 0.453968 0.075115
v -0.978352 0.355235 0.068812
v -0.959125 0.342886 0.194596
v -0.945032 0.455564 -0.050665
v -0.972588 0.357621 -0.058452
v -0.981212 0.256325 -0.067919
v -0.945461 0.359425 -0.186355
v -0.958989 0.263784 -0.197209
v -0.966634 0.167383 -0.209501
v -0.916351 0.275907 -0.327448
v -0.916114 0.181921 -0.338409
v -0.874322 0.108660 -0.484059
v -0.925056 0.091899 -0.353559
v -0.876300 0.014341 -0.495981
v -0.796251 0.117992 -0.599863
v -0.801185 0.020961 -0.607988
v -0.806560 -0.079238 -0.614190
v -0.879758 -0.084714 -0.506012
v -0.723654 -0.074740 -0.716513
v -0.719840 -0.173946 -0.715025
v -0.802137 -0.177953 -0.612019
v -0.617986 -0.166236 -0.803392
v -0.599809 -0.256342 -0.790003
v -0.705664 -0.266028 -0.704524
v -0.506539 -0.155262 -0.880622
v -0.493208 -0.248595 -0.876286
v -0.482186 -0.338669 -0.867392
v -0.592413 -0.345895 -0.788468
v -0.362599 -0.327539 -0.929211
v -0.357886 -0.419459 -0.922058
v -0.477849 -0.429247 -0.862209
v -0.225762 -0.399904 -0.964037
v -0.218676 -0.487984 -0.952401
v -0.348363 -0.507322 -0.906217
v -0.086069 -0.471019 -0.992626
v -0.082248 -0.562248 -0.979926
v -0.211554 -0.575098 -0.935723
v 0.053347 -0.543659 -0.989074
v 0.052203 -0.632859 -0.959851
v -0.080507 -0.651136 -0.952751
v 0.051090 -0.723520 -0.934226
v -0.077786 -0.740759 -0.921177
v 0.051340 -0.809192 -0.898176
v -0.074528 -0.831945 -0.885141
v 0.052863 -0.890942 -0.852051
v -0.068242 -0.918128 -0.837391
v 0.053794 -0.964586 -0.797019
v -0.062038 -0.993106 -0.776767
v 0.056340 -1.039981 -0.744749
v -0.054543 -1.070085 -0.720942
v 0.056137 -1.104766 -0.680230
v -0.044549 -1.133967 -0.656734
v -0.147918 -1.152334 -0.607493
v -0.028229 -1.188487 -0.585313
v -0.126729 -1.199226 -0.534089
v -0.223906 -1.192844 -0.460501
v -0.102508 -1.244528 -0.463415
v -0.006928 -1.236553 -0.513449
v 0.023169 -1.290344 -0.451618
v -0.067005 -1.295343 -0.406639
v -0.010883 -1.344980 -0.361954
v -0.071083 -1.354492 -0.288086
v -0.009854 -1.420238 -0.282882
v -0.040554 -1.440465 -0.216625
v -0.101215 -1.371240 -0.196582
v -0.039624 -1.456713 -0.148828
v -0.099567 -1.388709 -0.110947
v -0.175659 -1.346748 -0.070804
v -0.271912 -1.288324 -0.128180
v -0.083643 -1.407944 -0.041348
v -0.155864 -1.368863 0.010169
v -0.256672 -1.316998 -0.026295
v -0.229676 -1.330836 0.062600
v -0.338172 -1.287882 0.022550
v -0.119894 -1.375037 0.076914
v -0.192289 -1.339882 0.141180
v -0.306713 -1.299035 0.117839
v -0.259179 -1.302295 0.203771
v -0.379860 -1.259278 0.177902
v -0.134883 -1.335313 0.205596
v -0.199598 -1.300575 0.276989
v -0.329795 -1.263894 0.271448
v -0.263977 -1.264748 0.350386
v -0.391959 -1.211398 0.339539
v -0.136035 -1.312819 0.342531
v -0.197512 -1.285385 0.422119
v -0.318903 -1.208005 0.420837
v -0.245299 -1.216100 0.493492
v -0.372765 -1.131115 0.484486
v -0.114374 -1.282510 0.473886
v -0.158098 -1.220116 0.546688
v -0.201533 -1.149273 0.618093
v -0.296119 -1.137366 0.556564
v -0.238489 -1.073135 0.681396
v -0.088132 -1.157771 0.660465
v -0.117848 -1.087440 0.726724
v -0.138433 -1.008830 0.784137
v 0.007874 -1.093127 0.756198
v -0.011842 -1.016055 0.815006
v -0.028578 -0.930916 0.873929
v 0.108442 -1.017526 0.837142
v 0.091936 -0.928263 0.892392
v 0.079859 -0.831170 0.943384
v 0.210613 -0.911409 0.886443
v 0.198666 -0.817029 0.941815
v 0.068525 -0.728204 0.994114
v 0.314052 -0.798040 0.920739
v 0.305673 -0.693476 0.966726
v 0.187207 -0.709457 0.983788
v 0.180653 -0.601665 1.021129
v 0.425509 -0.686422 0.955837
v 0.306053 -0.586666 1.004952
v 0.435740 -0.579337 0.991140
v 0.312302 -0.485116 1.030998
v 0.530351 -0.674789 0.920413
v 0.545295 -0.569252 0.945583
v 0.451518 -0.476750 1.005388
v 0.582606 -0.463581 0.962961
v 0.463753 -0.387606 1.021293
v 0.641487 -0.553386 0.880939
v 0.698837 -0.455443 0.917876
v 0.598901 -0.368892 0.972089
v 0.720191 -0.344299 0.934828
v 0.594823 -0.271256 0.992983
v 0.785236 -0.446377 0.847164
v 0.804309 -0.330810 0.860436
v 0.785834 -0.224878 0.872705
v 0.705667 -0.242747 0.949354
v 0.769952 -0.123167 0.878519
v 0.872387 -0.217212 0.788251
v 0.861881 -0.113028 0.797249
v 0.758103 -0.023252 0.876189
v 0.954482 -0.106819 0.714153
v 0.857821 -0.014272 0.800866
v 0.950825 -0.008799 0.714370
v 0.864428 0.087035 0.802797
v 1.026991 -0.106340 0.615850
v 1.031954 -0.008857 0.616800
v 0.954866 0.092899 0.713606
v 1.041023 0.091731 0.620251
v 0.960854 0.205102 0.712387
v 1.100863 -0.000736 0.513509
v 1.104217 0.099935 0.516264
v 1.036287 0.200056 0.615493
v 1.096967 0.203330 0.515215
v 1.011704 0.299320 0.598542
v 1.148747 0.116298 0.404443
v 1.136838 0.217873 0.408447
v 1.077038 0.307570 0.514328
v 1.119661 0.319692 0.416086
v 1.042737 0.397806 0.507202
v 1.174807 0.236803 0.299374
v 1.149005 0.336298 0.307378
v 1.091078 0.417506 0.415750
v 1.123491 0.432488 0.310285
v 1.067216 0.513964 0.413200
v 1.154336 0.441567 0.197722
v 1.103276 0.529135 0.309098
v 1.128359 0.534640 0.197196
v 1.070692 0.624583 0.303354
v 1.154240 0.536001 0.081300
v 1.124279 0.624348 0.078573
v 1.096743 0.623790 0.191509
v 1.082523 0.705029 0.070846
v 1.133812 0.619472 -0.040189
v 1.098808 0.701045 -0.043412
v 1.056891 0.775088 -0.050189
v 1.093817 0.693357 -0.164219
v 1.055741 0.767394 -0.164983
v 1.059716 0.685843 -0.285170
v 1.026684 0.758490 -0.279547
v 1.008026 0.687349 -0.404628
v 0.978822 0.760782 -0.394103
v 0.939753 0.691046 -0.516174
v 0.908080 0.765685 -0.495818
v 0.937526 0.824370 -0.374978
v 0.826500 0.763692 -0.585751
v 0.793573 0.833939 -0.549577
v 0.761880 0.896747 -0.500451
v 0.704358 0.826871 -0.619104
v 0.684722 0.899884 -0.569690
v 0.670764 0.971757 -0.516480
v 0.595645 0.897462 -0.635394
v 0.586934 0.970652 -0.583595
v 0.565061 1.015371 -0.514350
v 0.489889 0.966520 -0.639566
v 0.477919 1.017071 -0.568767
v 0.459623 1.051895 -0.490081
v 0.384825 1.019515 -0.606532
v 0.376381 1.056960 -0.528431
v 0.290175 1.069442 -0.560332
v 0.289391 1.109277 -0.504649
v 0.287668 1.022913 -0.627742
v 0.190958 1.079072 -0.576024
v 0.197287 1.107817 -0.519815
v 0.096375 1.111945 -0.520592
v 0.084949 1.087362 -0.579923
v 0.008588 1.137685 -0.522749
v -0.014728 1.101989 -0.577313
v -0.082905 1.151406 -0.513338
v -0.114126 1.112335 -0.562412
v -0.168461 1.152772 -0.483166
v -0.138481 1.179193 -0.438351
v -0.205014 1.109351 -0.530294
v -0.250230 1.154341 -0.441007
v -0.213251 1.176008 -0.398756
v -0.186846 1.205520 -0.368709
v -0.273765 1.158045 -0.341584
v -0.251670 1.186794 -0.318519
v -0.228096 1.235421 -0.292558
v -0.306267 1.181615 -0.261137
v -0.275500 1.231682 -0.240854
v -0.227646 1.299848 -0.208668
v -0.337095 1.193971 -0.191924
v -0.310293 1.236827 -0.182169
v -0.255862 1.302934 -0.155723
v -0.320553 1.243561 -0.102634
v -0.268460 1.305963 -0.084653
v -0.198286 1.354988 -0.125018
v -0.353724 1.203528 -0.112119
v -0.356937 1.207551 -0.035379
v -0.321514 1.252666 -0.025690
v -0.404115 1.180464 -0.042993
v -0.403189 1.183639 0.034672
v -0.352378 1.206061 0.034300
v -0.471034 1.165869 0.033466
v -0.465468 1.165903 0.120514
v -0.388329 1.173231 0.112922
v -0.549828 1.126533 0.119097
v -0.549376 1.122387 0.027837
v -0.619515 1.059856 0.120866
v -0.630639 1.070624 0.023056
v -0.689488 0.988735 0.119516
v -0.604091 1.049328 0.219280
v -0.740550 0.899099 0.222528
v -0.676843 0.976364 0.223842
v -0.716985 0.894372 0.335588
v -0.647012 0.968732 0.326553
v -0.768525 0.806019 0.335458
v -0.673229 0.885746 0.436672
v -0.790182 0.815057 0.217351
v -0.840357 0.732201 0.213789
v -0.800084 0.825097 0.097323
v -0.847879 0.740506 0.088795
v -0.874717 0.640311 0.207876
v -0.883391 0.647667 0.083946
v -0.850154 0.744047 -0.031829
v -0.884557 0.649531 -0.039922
v -0.921361 0.553143 0.080230
v -0.919008 0.555132 -0.045242
v -0.871769 0.649029 -0.162420
v -0.905128 0.552326 -0.170279
v -0.889251 0.461200 -0.305100
v -0.931058 0.456199 -0.177977
v -0.906212 0.368430 -0.316426
v -0.860144 0.381737 -0.448875
v -0.864086 0.289888 -0.459565
v -0.784886 0.302942 -0.577009
v -0.784931 0.209779 -0.585384
v -0.867840 0.199277 -0.470857
v -0.705305 0.220426 -0.696514
v -0.709504 0.123975 -0.703212
v -0.613042 0.131175 -0.792713
v -0.621791 0.031803 -0.799165
v -0.720337 0.025389 -0.712619
v -0.514698 0.041931 -0.876285
v -0.514178 -0.057954 -0.877674
v -0.628120 -0.068631 -0.807194
v -0.393713 -0.042190 -0.936535
v -0.387009 -0.137356 -0.941984
v -0.256259 -0.116494 -0.980805
v -0.249828 -0.212825 -0.986743
v -0.373473 -0.233562 -0.938180
v -0.114169 -0.191412 -1.017068
v -0.104517 -0.287151 -1.014217
v -0.235789 -0.308594 -0.976384
v 0.037073 -0.265642 -1.018897
v 0.044513 -0.357083 -1.011639
v -0.093359 -0.378797 -1.001414
v 0.189808 -0.339508 -1.008104
v 0.190196 -0.432208 -0.999021
v 0.051064 -0.450850 -1.007560
v 0.334656 -0.425511 -0.986478
v 0.328773 -0.514089 -0.974439
v 0.189486 -0.524919 -0.988635
v 0.322038 -0.603430 -0.952440
v 0.186700 -0.616436 -0.965084
v 0.313164 -0.691235 -0.924482
v 0.182440 -0.706344 -0.936655
v 0.305022 -0.778224 -0.892722
v 0.178856 -0.789484 -0.897771
v 0.296820 -0.861336 -0.852608
v 0.175541 -0.871571 -0.856259
v 0.286636 -0.941801 -0.805702
v 0.170856 -0.950618 -0.808698
v 0.273772 -1.017568 -0.752242
v 0.164523 -1.020929 -0.748833
v 0.260165 -1.087571 -0.694726
v 0.160081 -1.090546 -0.691072
v 0.250094 -1.151345 -0.632501
v 0.158810 -1.150600 -0.624958
v 0.064139 -1.165615 -0.613707
v 0.162154 -1.197470 -0.551525
v 0.078693 -1.213129 -0.535196
v 0.169566 -1.251310 -0.486782
v 0.097853 -1.269029 -0.476736
v 0.177849 -1.309135 -0.444231
v 0.120262 -1.319201 -0.430381
v 0.186753 -1.373034 -0.423044
v 0.139225 -1.378070 -0.406824
v 0.087795 -1.385645 -0.378140
v 0.058108 -1.328214 -0.398680
v 0.034318 -1.403227 -0.340998
v 0.241109 -1.443692 -0.399620
v 0.200924 -1.451190 -0.404384
v 0.247766 -1.523035 -0.366870
v 0.213518 -1.526321 -0.366279
v 0.247464 -1.568067 -0.321222
v 0.213688 -1.564694 -0.320718
v 0.207799 -1.583640 -0.278550
v 0.244199 -1.588541 -0.277917
v 0.239786 -1.600543 -0.233360
v 0.279941 -1.565571 -0.316112
v 0.278456 -1.582959 -0.274438
v 0.278088 -1.594901 -0.231668
v 0.279122 -1.608057 -0.182376
v 0.310644 -1.569826 -0.268920
v 0.317236 -1.581300 -0.230730
v 0.319754 -1.586548 -0.183245
v 0.315943 -1.581070 -0.129972
v 0.358773 -1.562629 -0.230845
v 0.363983 -1.561007 -0.187202
v 0.365368 -1.562067 -0.138539
v 0.368086 -1.557534 -0.078338
v 0.416762 -1.532380 -0.147540
v 0.422313 -1.539923 -0.193975
v 0.465185 -1.477191 -0.151735
v 0.470161 -1.475165 -0.202224
v 0.510099 -1.404176 -0.146385
v 0.416464 -1.537825 -0.238575
v 0.464880 -1.470034 -0.247649
v 0.499751 -1.394878 -0.204016
v 0.487668 -1.389129 -0.252754
v 0.530232 -1.331576 -0.206736
v 0.456177 -1.466545 -0.287626
v 0.474428 -1.384030 -0.291034
v 0.515417 -1.328252 -0.260481
v 0.497584 -1.325575 -0.303429
v 0.553751 -1.275355 -0.272877
v 0.451607 -1.374980 -0.319450
v 0.471728 -1.320190 -0.334835
v 0.531719 -1.274477 -0.323942
v 0.505307 -1.274425 -0.368894
v 0.580654 -1.219164 -0.352406
v 0.433315 -1.309789 -0.360266
v 0.465732 -1.270098 -0.404008
v 0.548732 -1.214239 -0.408211
v 0.506511 -1.205192 -0.457470
v 0.604528 -1.155432 -0.446575
v 0.419156 -1.258575 -0.434851
v 0.459066 -1.196646 -0.495701
v 0.550541 -1.133236 -0.502474
v 0.493135 -1.126465 -0.555175
v 0.600939 -1.069607 -0.543618
v 0.422159 -1.133291 -0.589998
v 0.449819 -1.064471 -0.649165
v 0.531080 -1.060162 -0.614929
v 0.480285 -0.999356 -0.709835
v 0.358761 -1.077814 -0.678648
v 0.380285 -1.010539 -0.738987
v 0.399399 -0.930017 -0.788142
v 0.536269 -0.837618 -0.792049
v 0.611567 -0.918232 -0.694300
v 0.507738 -0.916113 -0.754046
v 0.572637 -0.991480 -0.663841
v 0.416410 -0.846735 -0.830674
v 0.430283 -0.761757 -0.861929
v 0.576795 -0.672552 -0.837185
v 0.679296 -0.765740 -0.750361
v 0.557835 -0.754339 -0.815481
v 0.647558 -0.842691 -0.722412
v 0.444006 -0.678397 -0.889893
v 0.458807 -0.593656 -0.915399
v 0.612269 -0.507965 -0.879236
v 0.725547 -0.596519 -0.790448
v 0.597708 -0.592111 -0.864829
v 0.704197 -0.680392 -0.769560
v 0.470321 -0.507432 -0.932356
v 0.482578 -0.420795 -0.948751
v 0.645485 -0.336550 -0.900057
v 0.761116 -0.430072 -0.818190
v 0.628597 -0.422094 -0.894334
v 0.742656 -0.513269 -0.805495
v 0.496106 -0.333788 -0.958030
v 0.508993 -0.247958 -0.961026
v 0.341548 -0.334806 -0.995006
v 0.349513 -0.248529 -0.999870
v 0.358530 -0.165378 -0.998812
v 0.189752 -0.251720 -1.011191
v 0.191208 -0.166724 -1.011757
v 0.196792 -0.085014 -1.010553
v 0.032149 -0.175700 -1.020737
v 0.033285 -0.088745 -1.015684
v 0.042501 -0.003583 -1.010544
v -0.117793 -0.097126 -1.011999
v -0.114008 -0.008418 -1.007378
v -0.103542 0.077911 -1.002997
v -0.259615 -0.023374 -0.977795
v -0.253067 0.066804 -0.970050
v -0.239725 0.155766 -0.964303
v -0.391653 0.052845 -0.933390
v -0.380516 0.148720 -0.926477
v -0.364595 0.242681 -0.919532
v -0.503096 0.139752 -0.866250
v -0.491247 0.236793 -0.860531
v -0.478400 0.329185 -0.851836
v -0.603362 0.228629 -0.783518
v -0.597362 0.324090 -0.777386
v -0.582129 0.414442 -0.760836
v -0.700813 0.315374 -0.686530
v -0.689656 0.408231 -0.670916
v -0.671184 0.497111 -0.651512
v -0.779731 0.395537 -0.564347
v -0.758650 0.483502 -0.542586
v -0.746170 0.575040 -0.528743
v -0.842713 0.473306 -0.432695
v -0.823788 0.565933 -0.418728
v -0.797812 0.660989 -0.401784
v -0.873355 0.556232 -0.296849
v -0.846015 0.653502 -0.284000
v -0.811237 0.746759 -0.267759
v -0.838486 0.743477 -0.150819
v -0.761966 0.833794 -0.244900
v -0.793927 0.834884 -0.134186
v -0.803757 0.834017 -0.019153
v -0.743803 0.922232 -0.114466
v -0.755153 0.920550 -0.002739
v -0.670850 1.002988 -0.205387
v -0.722077 0.924231 -0.226596
v -0.693413 1.004715 -0.095429
v -0.631945 1.002192 -0.315017
v -0.679134 0.923811 -0.336342
v -0.652881 0.837337 -0.461007
v -0.719023 0.836709 -0.355863
v -0.692477 0.753178 -0.486626
v -0.764203 0.753458 -0.381691
v -0.610103 0.757285 -0.591295
v -0.635934 0.672413 -0.614881
v -0.728410 0.667609 -0.512481
v -0.533082 0.677516 -0.710736
v -0.554245 0.591262 -0.734257
v -0.656227 0.584776 -0.635676
v -0.432798 0.593117 -0.811538
v -0.448107 0.504722 -0.828615
v -0.566899 0.503261 -0.747533
v -0.313330 0.506714 -0.882758
v -0.328782 0.419247 -0.897483
v -0.461299 0.417010 -0.837315
v -0.190950 0.423428 -0.942477
v -0.207359 0.334559 -0.957826
v -0.348176 0.332421 -0.915241
v -0.060875 0.334800 -0.979163
v -0.074898 0.247141 -0.989371
v -0.223614 0.245051 -0.960650
v 0.079221 0.245809 -0.994029
v 0.068163 0.161695 -0.998983
v -0.089518 0.161508 -0.997015
v 0.230561 0.157529 -0.997165
v 0.220161 0.076087 -1.001008
v 0.055635 0.079416 -1.004946
v 0.389814 0.072576 -0.987700
v 0.379361 -0.005838 -0.990102
v 0.207429 -0.004158 -1.009753
v 0.546955 -0.003843 -0.942163
v 0.536384 -0.084318 -0.950855
v 0.368522 -0.084644 -0.996784
v 0.689036 -0.085103 -0.881223
v 0.672819 -0.168856 -0.884384
v 0.521031 -0.165337 -0.952702
v 0.811312 -0.176342 -0.808592
v 0.795147 -0.260958 -0.811753
v 0.657548 -0.251389 -0.891127
v 0.914880 -0.268302 -0.719631
v 0.894318 -0.354514 -0.719363
v 0.779381 -0.344774 -0.818237
v 0.997086 -0.360166 -0.617513
v 0.976803 -0.445702 -0.616532
v 0.874566 -0.438803 -0.718496
v 0.952614 -0.529625 -0.612480
v 0.855500 -0.521867 -0.712123
v 0.929131 -0.616837 -0.609367
v 0.834571 -0.607263 -0.702495
v 0.903095 -0.706924 -0.602618
v 0.813766 -0.696019 -0.692492
v 0.866112 -0.794068 -0.584871
v 0.780831 -0.781797 -0.670640
v 0.743181 -0.863123 -0.644615
v 0.827561 -0.882122 -0.564619
v 0.703554 -0.943600 -0.620864
v 0.780955 -0.964319 -0.543426
v 0.652753 -1.008706 -0.582066
v 0.722722 -1.033175 -0.511281
v 0.660624 -1.091623 -0.475114
v 0.782402 -1.052787 -0.438255
v 0.715956 -1.117518 -0.411675
v 0.651194 -1.176551 -0.387825
v 0.754608 -1.131114 -0.338694
v 0.682852 -1.187049 -0.317453
v 0.608762 -1.225755 -0.292090
v 0.701092 -1.190846 -0.244814
v 0.626318 -1.228304 -0.225738
v 0.568542 -1.273380 -0.212021
v 0.637404 -1.238661 -0.156431
v 0.582068 -1.282110 -0.145809
v 0.546589 -1.339358 -0.143991
v 0.587401 -1.293497 -0.075804
v 0.552728 -1.345627 -0.074039
v 0.570850 -1.295920 0.006668
v 0.609667 -1.265859 0.001927
v 0.634442 -1.251339 -0.081880
v 0.644473 -1.258692 0.088475
v 0.572401 -1.275280 0.101886
v 0.675990 -1.237353 -0.004764
v 0.701254 -1.210635 -0.091138
v 0.764179 -1.181105 -0.014337
v 0.706823 -1.194612 -0.169406
v 0.784148 -1.163081 -0.102230
v 0.784770 -1.145526 -0.182363
v 0.861271 -1.092244 -0.107686
v 0.773513 -1.134775 -0.260412
v 0.850627 -1.067891 -0.189387
v 0.842218 -1.060767 -0.274408
v 0.923440 -0.992573 -0.195186
v 0.821140 -1.057918 -0.359407
v 0.908091 -0.984282 -0.286618
v 0.938849 -0.896162 -0.391975
v 0.887783 -0.984166 -0.378919
v 0.843499 -0.977741 -0.463102
v 0.893241 -0.891706 -0.481507
v 0.933348 -0.798572 -0.494001
v 1.016395 -0.708650 -0.392352
v 1.016460 -0.809588 -0.292931
v 0.976694 -0.799807 -0.393575
v 0.969127 -0.901107 -0.294180
v 0.976874 -0.710709 -0.505199
v 1.003284 -0.621187 -0.504454
v 1.081976 -0.536228 -0.382589
v 1.101381 -0.631363 -0.274896
v 1.049466 -0.622082 -0.386906
v 1.058954 -0.719314 -0.283895
v 1.033008 -0.534741 -0.504236
v 1.058189 -0.449015 -0.503838
v 1.125975 -0.365325 -0.372892
v 1.158162 -0.457851 -0.251998
v 1.109306 -0.451477 -0.378499
v 1.133545 -0.543987 -0.262219
v 1.078776 -0.362290 -0.502615
v 1.086523 -0.274425 -0.497047
v 1.016138 -0.271496 -0.617071
v 1.150155 -0.191730 -0.360321
v 1.188284 -0.285154 -0.236007
v 1.135763 -0.278974 -0.366245
v 1.176586 -0.370915 -0.243358
v 1.099072 -0.185223 -0.490470
v 1.108700 -0.096355 -0.480149
v 1.028412 -0.181235 -0.613987
v 1.036203 -0.092338 -0.603709
v 1.043572 -0.004875 -0.594576
v 0.934503 -0.090263 -0.708051
v 0.947164 -0.001688 -0.703713
v 0.949579 0.086697 -0.690089
v 0.837120 0.000905 -0.805026
v 0.840132 0.090326 -0.793270
v 0.841683 0.175615 -0.780873
v 0.705169 0.087288 -0.872133
v 0.705278 0.171440 -0.864689
v 0.700960 0.252997 -0.851310
v 0.554774 0.161513 -0.933623
v 0.552033 0.244551 -0.924383
v 0.547103 0.325506 -0.905440
v 0.398537 0.240432 -0.978409
v 0.398653 0.325418 -0.964767
v 0.398849 0.408143 -0.943849
v 0.243066 0.324802 -0.977567
v 0.248075 0.411639 -0.963853
v 0.251446 0.496065 -0.941295
v 0.098210 0.416289 -0.960155
v 0.105934 0.503215 -0.942242
v 0.114484 0.588990 -0.921122
v -0.036040 0.511203 -0.947544
v -0.024091 0.599808 -0.920990
v -0.011362 0.686085 -0.891902
v -0.161922 0.599493 -0.901545
v -0.149043 0.686684 -0.875105
v -0.133886 0.765825 -0.834040
v -0.284338 0.684196 -0.840777
v -0.265029 0.761604 -0.803908
v -0.244948 0.844290 -0.768989
v -0.392192 0.758878 -0.754439
v -0.368057 0.842015 -0.724690
v -0.338641 0.926383 -0.693856
v -0.477815 0.840083 -0.652921
v -0.440119 0.919656 -0.620591
v -0.399937 0.997114 -0.586715
v -0.535587 0.919543 -0.537708
v -0.490267 0.992847 -0.508449
v -0.434992 1.054606 -0.470049
v -0.572046 0.999776 -0.418724
v -0.511109 1.057568 -0.385350
v -0.444523 1.105997 -0.346463
v -0.570631 1.064563 -0.287705
v -0.497341 1.111319 -0.256901
v -0.423585 1.144528 -0.224520
v -0.607460 1.067768 -0.184119
v -0.531311 1.116929 -0.161778
v -0.453784 1.151093 -0.139421
v -0.372662 1.169355 -0.203839
v -0.546632 1.120238 -0.066148
v -0.467989 1.155005 -0.052999
v -0.394992 1.182450 -0.123483
v -0.629796 1.074979 -0.079680
v -0.697382 1.000476 0.013960
v -0.334184 1.153144 -0.276768
v -0.315442 1.135563 -0.376361
v -0.374551 1.135228 -0.302748
v -0.374733 1.100218 -0.424271
v -0.296160 1.109836 -0.489588
v -0.345590 1.055654 -0.537749
v -0.620065 0.923040 -0.444646
v -0.250226 1.052734 -0.583343
v -0.297345 0.996101 -0.642670
v -0.152311 1.058801 -0.618996
v -0.191002 0.996813 -0.679849
v -0.073764 0.996547 -0.701676
v -0.097838 0.925387 -0.754504
v -0.221428 0.924322 -0.730674
v 0.027970 0.918075 -0.760867
v 0.012351 0.838513 -0.799183
v -0.117448 0.845107 -0.792796
v 0.140423 0.825235 -0.796053
v 0.131990 0.749296 -0.842745
v -0.000547 0.765857 -0.849733
v 0.264594 0.817773 -0.796856
v 0.262216 0.738764 -0.840799
v 0.124056 0.671078 -0.887193
v 0.396389 0.656333 -0.864195
v 0.259597 0.661316 -0.884754
v 0.399904 0.573340 -0.899653
v 0.255121 0.579293 -0.918550
v 0.539011 0.574560 -0.858508
v 0.544858 0.488889 -0.875726
v 0.398919 0.490542 -0.920304
v 0.680512 0.496479 -0.810733
v 0.691830 0.411878 -0.826387
v 0.548495 0.406149 -0.895171
v 0.817891 0.420903 -0.739660
v 0.832754 0.340134 -0.756867
v 0.697423 0.332651 -0.839398
v 0.949423 0.349118 -0.663518
v 0.958534 0.262680 -0.673187
v 0.840846 0.258312 -0.769847
v 1.053241 0.265107 -0.568949
v 1.051263 0.172659 -0.574464
v 0.957843 0.174076 -0.681639
v 1.117650 0.171948 -0.454846
v 1.117419 0.081432 -0.459807
v 1.053260 0.083101 -0.586750
v 1.175124 0.080675 -0.332989
v 1.172813 -0.011988 -0.341196
v 1.113791 -0.007609 -0.468834
v 1.216143 -0.018038 -0.212176
v 1.204536 -0.110491 -0.219843
v 1.166811 -0.102960 -0.352666
v 1.220253 -0.119468 -0.086299
v 1.209391 -0.209790 -0.090418
v 1.194962 -0.199512 -0.228299
v 1.216750 -0.133343 0.044458
v 1.204283 -0.226473 0.044702
v 1.204804 -0.296072 -0.096056
v 1.198169 -0.316372 0.040779
v 1.191079 -0.380757 -0.106357
v 1.192892 -0.405543 0.028461
v 1.175880 -0.467636 -0.120675
v 1.152451 -0.578985 -0.011357
v 1.157228 -0.555180 -0.137776
v 1.128051 -0.661850 -0.034734
v 1.129210 -0.642627 -0.156641
v 1.090529 -0.747325 -0.064895
v 1.087513 -0.730964 -0.175987
v 1.043790 -0.833608 -0.090651
v 1.033133 -0.818460 -0.189456
v 0.985370 -0.909530 -0.196596
v 0.988649 -0.921112 -0.101145
v 0.927268 -1.007693 -0.105783
v 0.978568 -0.944121 -0.004606
v 0.917995 -1.029480 -0.016910
v 0.849505 -1.112397 -0.020139
v 0.897303 -1.053839 0.073406
v 0.828306 -1.132919 0.066015
v 0.739093 -1.201917 0.073519
v 0.807237 -1.151737 0.145087
v 0.721581 -1.216685 0.152076
v 0.625930 -1.248386 0.164569
v 0.699148 -1.206993 0.217203
v 0.623282 -1.236604 0.233903
v 0.563528 -1.267978 0.178067
v 0.570148 -1.256157 0.251488
v 0.532450 -1.255285 0.358373
v 0.469735 -1.309699 0.305354
v 0.528924 -1.283948 0.273398
v 0.577635 -1.236429 0.330825
v 0.592314 -1.213185 0.421891
v 0.624261 -1.215271 0.307141
v 0.635621 -1.189698 0.390306
v 0.660402 -1.145253 0.459854
v 0.625180 -1.109454 0.569102
v 0.547946 -1.179193 0.540310
v 0.609675 -1.166188 0.501983
v 0.537538 -1.216484 0.448448
v 0.692349 -1.098697 0.522252
v 0.713808 -1.032705 0.586373
v 0.755783 -1.080948 0.466802
v 0.781370 -1.014778 0.524564
v 0.781165 -0.928348 0.574416
v 0.840846 -0.990611 0.456566
v 0.857803 -0.908073 0.514014
v 0.852405 -0.818695 0.561746
v 0.914289 -0.884883 0.437804
v 0.928913 -0.798034 0.486236
v 0.944105 -0.716837 0.533214
v 0.992355 -0.782618 0.396901
v 1.012913 -0.698389 0.436047
v 1.026760 -0.615332 0.466432
v 1.064697 -0.678338 0.332702
v 1.084523 -0.590436 0.361681
v 1.043312 -0.528264 0.487191
v 1.096835 -0.646047 0.224089
v 1.122179 -0.558775 0.251766
v 1.103845 -0.501027 0.385805
v 1.138066 -0.467334 0.274311
v 1.117696 -0.401250 0.401928
v 1.154081 -0.525194 0.135714
v 1.171528 -0.436202 0.156143
v 1.152732 -0.372654 0.288380
v 1.180865 -0.343586 0.168304
v 1.157104 -0.270884 0.292599
v 1.185052 -0.247922 0.172201
v 1.124207 -0.187188 0.401548
v 1.126210 -0.292798 0.407833
v 1.164320 -0.168258 0.287961
v 1.192761 -0.149211 0.168450
v 1.173377 -0.067156 0.284649
v 1.210079 -0.050148 0.168517
v 1.226286 -0.035345 0.045289
v 1.212290 0.049508 0.170322
v 1.235275 -0.025477 -0.081712
v 1.235376 0.064888 0.049589
v 1.239266 0.075363 -0.077979
v 1.222340 0.164105 0.055404
v 1.221981 0.079067 -0.206601
v 1.215735 0.176691 -0.203038
v 1.222759 0.172762 -0.072823
v 1.209214 0.271975 -0.199350
v 1.174732 0.174442 -0.330783
v 1.169366 0.268499 -0.329706
v 1.158607 0.362352 -0.323717
v 1.121902 0.266376 -0.454131
v 1.110095 0.362109 -0.448061
v 1.084041 0.452011 -0.436261
v 1.048180 0.359146 -0.564031
v 1.024388 0.451250 -0.554868
v 1.050006 0.531977 -0.421896
v 0.933375 0.435624 -0.655786
v 0.990693 0.533096 -0.542591
v 0.882724 0.606281 -0.633058
v 0.904187 0.520069 -0.641612
v 0.801402 0.507167 -0.730923
v 0.782499 0.593681 -0.719253
v 0.758919 0.676182 -0.697454
v 0.668496 0.582335 -0.796451
v 0.648841 0.665559 -0.767234
v 0.626629 0.742602 -0.727245
v 0.530207 0.660908 -0.829708
v 0.513355 0.735491 -0.782273
v 0.500576 0.812136 -0.736728
v 0.390527 0.732090 -0.820242
v 0.385244 0.809819 -0.772994
v 0.386707 0.896263 -0.735395
v 0.270595 0.897600 -0.753026
v 0.279561 0.965158 -0.694480
v 0.151750 0.904792 -0.754846
v 0.165569 0.976423 -0.703866
v 0.179442 1.029963 -0.636989
v 0.046756 0.995168 -0.715834
v 0.066986 1.047050 -0.644273
v -0.044640 1.055281 -0.637897
v 0.387464 0.969815 -0.682970
v 0.494332 0.895057 -0.693316
v 0.608533 0.819791 -0.684172
v 0.730781 0.753011 -0.661048
v 0.856434 0.687124 -0.613257
v 0.964262 0.612666 -0.530310
v 1.023760 0.608857 -0.410450
v 1.085672 0.608862 -0.290366
v 1.141781 0.528305 -0.168850
v 1.111880 0.530298 -0.300008
v 1.169833 0.446557 -0.179278
v 1.132400 0.447989 -0.310726
v 1.181429 0.444829 -0.046283
v 1.201735 0.357004 -0.056138
v 1.191746 0.361103 -0.191061
v 1.197304 0.353330 0.073475
v 1.214491 0.260811 0.064594
v 1.219170 0.267872 -0.065938
v 1.198239 0.250633 0.185258
v 1.208114 0.149812 0.175716
v 1.180738 0.133805 0.290048
v 1.183776 0.033097 0.287352
v 1.152310 0.015565 0.402905
v 1.142489 -0.086142 0.401923
v 1.086081 -0.099636 0.509570
v 1.075512 -0.202586 0.509846
v 1.026187 -0.211323 0.615707
v 1.070809 -0.311379 0.509083
v 1.008054 -0.323391 0.599501
v 1.061846 -0.423422 0.501840
v 1.000484 -0.438920 0.594718
v 0.979587 -0.545811 0.586240
v 0.932131 -0.443494 0.680671
v 0.906103 -0.551153 0.675641
v 0.957251 -0.638926 0.568939
v 0.879128 -0.651187 0.661233
v 0.820822 -0.546402 0.750574
v 0.794510 -0.650912 0.734598
v 0.778284 -0.751570 0.690916
v 0.860069 -0.737329 0.618653
v 0.703633 -0.759480 0.757727
v 0.707511 -0.856680 0.699938
v 0.776881 -0.838458 0.629173
v 0.631959 -0.870766 0.768542
v 0.639234 -0.961171 0.705775
v 0.712999 -0.946220 0.641329
v 0.553535 -0.973942 0.758699
v 0.560101 -1.055021 0.691824
v 0.638196 -1.041900 0.638289
v 0.464851 -1.065329 0.734707
v 0.469208 -1.134923 0.659625
v 0.557557 -1.126460 0.618504
v 0.366395 -1.138094 0.685636
v 0.371409 -1.196611 0.607853
v 0.465993 -1.187363 0.576657
v 0.377152 -1.252432 0.526190
v 0.462824 -1.231703 0.487797
v 0.382497 -1.295459 0.437266
v 0.467493 -1.278481 0.399011
v 0.293833 -1.316145 0.462584
v 0.307578 -1.341319 0.365085
v 0.388747 -1.325278 0.341107
v 0.321101 -1.384359 0.274966
v 0.396275 -1.369494 0.252528
v 0.244214 -1.389721 0.281533
v 0.258139 -1.444163 0.202337
v 0.327649 -1.428868 0.186478
v 0.266892 -1.494300 0.111025
v 0.327536 -1.486512 0.099933
v 0.391618 -1.475212 0.082179
v 0.324405 -1.547455 0.016428
v 0.378740 -1.535087 -0.001567
v 0.318419 -1.574060 -0.065331
v 0.274036 -1.558131 0.024511
v 0.273848 -1.590212 -0.057435
v 0.225784 -1.561425 0.023905
v 0.230808 -1.593742 -0.058758
v 0.275591 -1.604657 -0.124480
v 0.233595 -1.615666 -0.123403
v 0.191299 -1.593257 -0.064147
v 0.190382 -1.615100 -0.125531
v 0.192366 -1.613967 -0.184088
v 0.236794 -1.618233 -0.183898
v 0.149377 -1.597068 -0.129493
v 0.148281 -1.597203 -0.184037
v 0.155253 -1.585500 -0.234680
v 0.199148 -1.598390 -0.234889
v 0.104822 -1.559759 -0.233920
v 0.121608 -1.542251 -0.279979
v 0.169453 -1.568587 -0.277545
v 0.055185 -1.491052 -0.282682
v 0.036188 -1.511851 -0.229435
v 0.098053 -1.572357 -0.182202
v 0.035020 -1.523387 -0.173745
v 0.045953 -1.532275 -0.119984
v -0.024084 -1.471414 -0.087841
v -0.054417 -1.417495 0.017364
v -0.009768 -1.415868 0.067846
v -0.072152 -1.373629 0.135827
v 0.031585 -1.426864 0.114722
v -0.021286 -1.382605 0.187815
v -0.075679 -1.342660 0.263163
v 0.033230 -1.390800 0.229930
v -0.012498 -1.344117 0.305383
v -0.064315 -1.317507 0.389609
v 0.017263 -1.317248 0.426639
v -0.022512 -1.282055 0.514533
v -0.056459 -1.230574 0.594174
v 0.082417 -1.273510 0.539478
v 0.057630 -1.221065 0.618240
v 0.034791 -1.161076 0.689134
v 0.164046 -1.221989 0.634639
v 0.147425 -1.162007 0.710571
v 0.127607 -1.094964 0.777476
v 0.252981 -1.150555 0.704537
v 0.242574 -1.081642 0.775002
v 0.227102 -1.001935 0.835843
v 0.356763 -1.069316 0.755440
v 0.342183 -0.987019 0.815831
v 0.327194 -0.895785 0.870820
v 0.453462 -0.982323 0.799203
v 0.439581 -0.890390 0.855960
v 0.428600 -0.790303 0.905132
v 0.542027 -0.879590 0.817155
v 0.532794 -0.779562 0.874104
v 0.625194 -0.769771 0.822338
v 0.624286 -0.661746 0.860763
v 0.715198 -0.655659 0.798908
v 0.735690 -0.549240 0.818980
v 0.858969 -0.443394 0.762906
v 0.870661 -0.328223 0.763854
v 0.953331 -0.211896 0.701849
v 0.947961 -0.327735 0.688100
v 0.268021 -1.211596 0.628817
v 0.183503 -1.270532 0.550635
v 0.279117 -1.270123 0.551676
v 0.109140 -1.315874 0.452180
v 0.201348 -1.315902 0.464925
v 0.140942 -1.340679 0.358599
v 0.224994 -1.343722 0.368360
v 0.059300 -1.344366 0.337953
v 0.096398 -1.384030 0.252709
v 0.168467 -1.383332 0.271809
v 0.130562 -1.438893 0.175782
v 0.190324 -1.442690 0.196487
v 0.160390 -1.502737 0.098470
v 0.212636 -1.498761 0.109044
v 0.182584 -1.561761 0.015741
v 0.115491 -1.498366 0.077894
v 0.144855 -1.555983 -0.000843
v 0.152350 -1.583782 -0.074007
v 0.078341 -1.434504 0.149748
v 0.103680 -1.575014 -0.129761
v 1.176581 0.347505 0.194077
v 1.178186 0.445093 0.079585
v 1.153204 0.531158 -0.040608
v 1.121898 0.612292 -0.164475
v 1.178603 -0.492896 0.010344
v 1.125846 -0.610713 0.111002
v 1.106980 -0.698918 0.083564
v 1.064440 -0.731171 0.191693
v 1.069819 -0.782177 0.050072
v 1.034120 -0.815364 0.157039
v 1.028814 -0.862427 0.019307
v 1.005753 -0.899898 0.123314
v 0.948927 -0.971863 0.092828
v 0.971788 -0.928869 0.221785
v 0.926261 -1.002550 0.184260
v 0.872861 -1.075550 0.157140
v 0.895563 -1.026532 0.267100
v 0.844385 -1.092669 0.231877
v 0.774655 -1.151228 0.213813
v 0.849312 -1.038846 0.337354
v 0.889079 -0.968113 0.386553
v 0.801512 -1.052324 0.400780
v 0.941413 -0.957553 0.312358
v 0.972108 -0.871793 0.357088
v 1.007443 -0.848764 0.261642
v 1.035602 -0.764395 0.298921
v -0.573828 0.840041 -0.562949
v -0.509789 0.760038 -0.684565
v -0.413018 0.678680 -0.783263
v -0.300181 0.596739 -0.869625
v -0.173598 0.509036 -0.916797
v -0.047976 0.423410 -0.964843
v 0.089210 0.330619 -0.978291
v 0.237644 0.241017 -0.988774
v 0.395816 0.155214 -0.981706
v 0.553811 0.078023 -0.938640
v 0.700782 0.000224 -0.878407
v 0.827734 -0.088014 -0.810438
v 0.925324 -0.179663 -0.713604
v -0.751341 0.909688 0.109886
v 0.338875 -1.142821 -0.617482
v 0.396579 -1.195526 -0.529579
v 0.322501 -1.199787 -0.552734
v 0.243495 -1.205567 -0.564345
v 0.306265 -1.252804 -0.489723
v 0.239501 -1.251058 -0.494857
v 0.293230 -1.302620 -0.442509
v 0.236875 -1.303682 -0.447109
v 0.285640 -1.360049 -0.412729
v 0.236192 -1.365238 -0.418566
v 0.332530 -1.355974 -0.396849
v 0.324604 -1.436200 -0.382377
v 0.282682 -1.437670 -0.392604
v 0.280988 -1.518569 -0.358946
v 0.312622 -1.518631 -0.348930
v 0.308998 -1.556971 -0.305958
v 0.349324 -1.561160 -0.266419
v 0.407248 -1.538771 -0.274636
v 0.375305 -1.354000 -0.371533
v 0.417249 -1.362423 -0.343648
v 0.389108 -1.300828 -0.390849
v 0.343346 -1.298353 -0.420641
v 0.365913 -1.252471 -0.465683
v 1.044014 0.785007 0.057768
v 1.018866 0.790157 0.160491
v 0.991138 0.792674 0.267876
v 1.063229 0.710084 0.180203
v 1.036388 0.713817 0.289033
v 1.004818 0.709903 0.400320
v 1.043942 0.617087 0.413605
v 0.997020 0.597573 0.514346
v 1.019546 0.489084 0.507766
v 0.937325 0.574358 0.604864
v 0.969412 0.459236 0.598487
v 0.910970 0.359638 0.670583
v 0.979230 0.372941 0.583622
v 0.942131 0.299907 0.687017
v 0.858691 0.284504 0.774568
v 0.864279 0.191528 0.789976
v 0.771051 0.179088 0.875023
v 0.768015 0.076653 0.882244
v 0.669969 0.060432 0.956912
v 0.666670 -0.038496 0.956597
v 0.572919 -0.064051 1.031548
v 0.682840 -0.137466 0.959024
v 0.579790 -0.161676 1.018014
v 0.463620 -0.187433 1.065450
v 0.467697 -0.295324 1.041686
v 0.326884 -0.296240 1.064097
v 0.320085 -0.391023 1.050918
v 0.182757 -0.393583 1.073751
v 0.181130 -0.498694 1.058046
v 0.052473 -0.512893 1.066257
v 0.058271 -0.618750 1.031998
v -0.063218 -0.627647 1.003669
v -0.052628 -0.732915 0.964399
v -0.176287 -0.730307 0.926049
v -0.165115 -0.829013 0.884334
v -0.040547 -0.831487 0.916756
v -0.291799 -0.822028 0.838723
v -0.281577 -0.915230 0.795619
v -0.153640 -0.922733 0.837186
v -0.405536 -0.895767 0.728406
v -0.380499 -0.973282 0.671321
v -0.262603 -0.995890 0.736647
v -0.490165 -0.957553 0.594162
v -0.437375 -1.048866 0.542871
v -0.349998 -1.055360 0.621001
v -0.506894 -1.056514 0.452081
v -0.451113 -1.143758 0.401478
v -0.509574 -1.143306 0.300845
v -0.450769 -1.211307 0.241959
v -0.495504 -1.205770 0.135400
v -0.416536 -1.248634 0.076511
v -0.443646 -1.236421 -0.026613
v -0.352883 -1.258356 -0.077144
v -0.367379 -1.239209 -0.181436
v 0.842767 0.360855 0.768355
v 0.903230 0.445100 0.682778
v 0.535029 1.149171 0.163853
v 0.391722 0.639114 0.985866
v -0.805648 -0.807280 -0.213106
v 0.425325 1.270399 -0.099206
v 0.423930 1.268664 -0.045009
v 0.497628 1.194775 -0.086706
vn 0.2875 0.7521 0.5930
vn -0.1390 0.8061 0.5752
vn -0.1300 0.7747 0.6189
vn 0.3772 0.6416 0.6679
vn 0.0624 0.8800 0.4709
vn 0.2498 0.9179 0.3084
vn -0.2298 0.8192 0.5255
vn -0.2241 0.8192 0.5280
vn -0.2240 0.8192 0.5280
vn -0.1200 0.9292 0.3495
vn -0.1194 0.9251 0.3605
vn -0.1197 0.9271 0.3551
vn -0.1517 0.8966 0.4161
vn -0.1990 0.8594 0.4709
vn 0.5211 0.8125 -0.2614
vn 0.5233 0.8113 -0.2607
vn 0.5210 0.8125 -0.2614
vn 0.4460 0.8587 -0.2525
vn 0.5024 0.8339 -0.2286
vn 0.4996 0.8333 -0.2366
vn 0.4997 0.8333 -0.2364
vn 0.5385 0.8357 0.1078
vn 0.6273 0.7217 -0.2927
vn 0.4563 0.8897 -0.0160
vn 0.4506 0.8886 0.0858
vn 0.4504 0.8887 0.0861
vn 0.4475 0.8898 0.0898
vn 0.3180 0.9421 -0.1065
vn 0.3200 0.9408 -0.1121
vn 0.3204 0.9405 -0.1132
vn -0.3178 0.8528 0.4143
vn -0.2544 0.7560 0.6031
vn -0.5676 0.7071 0.4218
vn 0.3236 0.9273 -0.1883
vn 0.2817 0.9424 -0.1801
vn 0.3261 0.9226 -0.2063
vn 0.6862 0.6702 -0.2828
vn 0.4477 0.6838 -0.5762
vn 0.4498 0.6812 -0.5776
vn 0.4483 0.6820 -0.5778
vn 0.4790 0.8172 -0.3207
vn 0.1355 0.9864 0.0930
vn 0.1315 0.9874 0.0876
vn 0.1284 0.9873 0.0931
vn 0.1202 0.9706 0.2084
vn 0.2847 0.9532 0.1014
vn 0.2848 0.9536 0.0974
vn 0.2848 0.9534 0.0993
vn 0.1533 0.9846 0.0839
vn 0.0716 0.9809 0.1809
vn 0.5911 0.6930 -0.4128
vn 0.5217 0.6592 -0.5415
vn 0.5226 0.6602 -0.5395
vn 0.5230 0.6606 -0.5386
vn 0.6306 0.6388 -0.4408
vn 0.7007 0.6792 0.2186
vn 0.6442 0.6260 0.4395
vn 0.7486 0.6311 0.2031
vn -0.6274 0.7495 -0.2112
vn -0.6651 0.7211 0.1942
vn -0.6651 0.7208 0.1952
vn -0.6651 0.7202 0.1975
vn -0.4294 0.9031 0.0085
vn -0.0600 0.5666 0.8218
vn -0.0759 0.6960 0.7140
vn -0.4374 0.6254 0.6462
vn 0.5360 -0.7771 0.3298
vn 0.5921 -0.7739 0.2246
vn 0.5900 -0.7750 0.2264
vn 0.5740 -0.7477 0.3339
vn 0.5740 -0.7482 0.3328
vn 0.5746 -0.7507 0.3260
vn 0.2559 -0.7817 -0.5688
vn 0.6048 -0.4961 -0.6230
vn 0.4139 -0.3622 -0.8352
vn 0.6996 -0.6794 0.2214
vn 0.7964 -0.4883 0.3569
vn 0.5268 -0.8152 0.2405
vn 0.7976 -0.5884 0.1329
vn 0.7101 -0.6337 0.3069
vn 0.7036 -0.6398 0.3092
vn 0.7025 -0.6408 0.3096
vn 0.7373 -0.6677 0.1030
vn -0.5724 -0.7592 0.3098
vn -0.4632 -0.8111 0.3570
vn -0.4851 -0.8158 0.3147
vn -0.4428 -0.7269 -0.5250
vn -0.4475 -0.7272 -0.5205
vn -0.4427 -0.7269 -0.5251
vn -0.4360 -0.5279 -0.7289
vn -0.5022 -0.5562 -0.6622
vn -0.3377 -0.8958 -0.2890
vn -0.3458 -0.8973 -0.2744
vn -0.3461 -0.8968 -0.2755
vn -0.3462 -0.8964 -0.2766
vn -0.3511 -0.8961 -0.2714
vn -0.6808 -0.6749 -0.2845
vn -0.6972 -0.6206 -0.3588
vn -0.6555 -0.5468 -0.5209
vn -0.6428 -0.5024 -0.5782
vn -0.6434 -0.5012 -0.5786
vn -0.6467 -0.4945 -0.5807
vn -0.6653 -0.5458 -0.5094
vn -0.6623 -0.5023 -0.5559
vn -0.6622 -0.5041 -0.5544
vn -0.6622 -0.5061 -0.5526
vn -0.7162 -0.4028 -0.5700
vn -0.7163 -0.4105 -0.5642
vn -0.7163 -0.4110 -0.5639
vn -0.7662 -0.5382 -0.3513
vn -0.8343 -0.4555 -0.3106
vn -0.8415 -0.4419 -0.3107
vn -0.8623 -0.4160 -0.2888
vn -0.8623 -0.4165 -0.2882
vn -0.8625 -0.4096 -0.2971
vn -0.8261 -0.4345 -0.3588
vn -0.9043 -0.2416 -0.3518
vn -0.8265 -0.5275 -0.1966
vn -0.9467 -0.2704 -0.1753
vn -0.9413 -0.2449 -0.2323
vn -0.9097 -0.3709 -0.1869
vn -0.9466 -0.2711 -0.1745
vn -0.9532 -0.2649 -0.1455
vn -0.9453 -0.3146 -0.0859
vn -0.9745 -0.2125 -0.0715
vn -0.9830 -0.1811 -0.0309
vn -0.9828 -0.1818 -0.0310
vn -0.9835 -0.1783 -0.0305
vn -0.9578 -0.2210 0.1839
vn -0.9618 -0.2006 0.1863
vn -0.9716 -0.1566 0.1772
vn -0.9159 -0.2124 0.3407
vn -0.9157 -0.2134 0.3406
vn -0.9168 -0.2073 0.3413
vn -0.9170 -0.2063 0.3414
vn -0.9440 -0.0396 0.3277
vn -0.9429 -0.0357 0.3311
vn -0.9441 -0.0401 0.3273
vn -0.8827 -0.2404 0.4038
vn -0.9009 -0.0542 0.4307
vn -0.9079 -0.0653 0.4140
vn -0.9075 -0.0648 0.4151
vn -0.9080 -0.0755 0.4122
vn -0.8385 -0.0710 0.5402
vn -0.8380 -0.0867 0.5388
vn -0.8383 -0.0875 0.5382
vn -0.8379 -0.0866 0.5389
vn -0.8374 -0.1030 0.5367
vn -0.7926 -0.1417 0.5931
vn -0.7976 -0.0522 0.6010
vn -0.7962 -0.0490 0.6030
vn -0.7977 -0.0526 0.6007
vn -0.7964 -0.0286 0.6041
vn -0.6840 -0.0875 0.7243
vn -0.6852 -0.0611 0.7257
vn -0.6461 0.0228 0.7629
vn -0.6461 0.0247 0.7629
vn -0.6462 0.0157 0.7630
vn -0.5640 0.0279 0.8253
vn -0.5640 0.0282 0.8253
vn -0.5629 0.0266 0.8261
vn -0.5619 0.0301 0.8266
vn -0.5578 0.1336 0.8191
vn -0.4908 0.0723 0.8682
vn -0.4909 0.0706 0.8684
vn -0.4906 0.0794 0.8678
vn -0.4905 0.0810 0.8677
vn -0.5293 0.1423 0.8364
vn -0.2837 0.0240 0.9586
vn -0.2851 0.0241 0.9582
vn -0.2950 0.0243 0.9552
vn -0.2749 0.1788 0.9447
vn -0.3400 0.2225 0.9137
vn -0.3400 0.2226 0.9137
vn -0.3397 0.2229 0.9137
vn -0.2227 0.1618 0.9614
vn -0.2215 0.2171 0.9507
vn -0.2221 0.2164 0.9507
vn -0.2206 0.2181 0.9507
vn -0.2187 0.2889 0.9321
vn 0.0004 0.2445 0.9696
vn 0.0004 0.2455 0.9694
vn 0.0005 0.2401 0.9707
vn 0.0005 0.2391 0.9710
vn -0.0375 0.3107 0.9498
vn 0.0875 0.2040 0.9751
vn 0.0866 0.2028 0.9754
vn 0.0876 0.2042 0.9750
vn 0.0805 0.2827 0.9558
vn 0.0493 0.4409 0.8962
vn 0.1638 0.3756 0.9122
vn 0.1424 0.4998 0.8543
vn 0.0821 0.5362 0.8401
vn 0.1709 0.4238 0.8895
vn 0.1317 0.5733 0.8087
vn 0.0606 0.6598 0.7490
vn 0.3238 0.5591 0.7633
vn 0.3214 0.5559 0.7666
vn 0.3189 0.5524 0.7702
vn 0.2435 0.7049 0.6662
vn 0.1251 0.8993 0.4191
vn 0.3927 0.6793 0.6200
vn 0.1754 0.8932 0.4141
vn 0.1337 0.8563 0.4989
vn 0.3445 0.8631 0.3693
vn 0.3442 0.8641 0.3673
vn 0.3506 0.8647 0.3596
vn 0.2770 0.9139 0.2967
vn 0.2500 0.9483 0.1953
vn 0.2301 0.9555 0.1848
vn 0.3101 0.9126 0.2664
vn 0.5475 0.7404 0.3900
vn 0.1966 0.8913 0.4086
vn 0.3795 0.7434 0.5508
vn 0.5897 0.7425 0.3177
vn 0.4783 0.8782 0.0082
vn 0.6292 0.7683 0.1176
vn 0.5505 0.8233 -0.1384
vn 0.4575 0.8558 0.2415
vn 0.3046 0.9366 0.1734
vn 0.0783 0.8816 0.4655
vn 0.0797 0.8776 0.4727
vn 0.0799 0.8771 0.4737
vn 0.2726 0.8132 0.5142
vn 0.0652 0.8734 0.4826
vn -0.1490 0.9264 0.3459
vn -0.1492 0.9263 0.3461
vn -0.1532 0.9217 0.3565
vn 0.0222 0.9990 0.0386
vn -0.1653 0.9856 0.0361
vn 0.1326 0.9865 -0.0960
vn -0.0244 0.9936 -0.1105
vn 0.2345 0.9300 -0.2830
vn 0.2350 0.9299 -0.2829
vn 0.2302 0.9308 -0.2839
vn 0.2297 0.9309 -0.2840
vn 0.4609 0.8101 -0.3624
vn 0.2910 0.8697 -0.3986
vn 0.2416 0.9602 -0.1403
vn 0.1677 0.8475 -0.5037
vn 0.1952 0.9669 -0.1642
vn 0.1565 0.7937 -0.5879
vn 0.1071 0.9682 -0.2263
vn 0.0819 0.9966 0.0042
vn 0.1919 0.9670 -0.1678
vn 0.1746 0.9846 -0.0126
vn 0.1736 0.9846 0.0216
vn 0.1504 0.9880 0.0365
vn 0.1505 0.9879 0.0370
vn 0.1454 0.9885 0.0427
vn 0.1414 0.9893 0.0353
vn 0.1407 0.9894 0.0348
vn 0.0511 0.8681 -0.4938
vn 0.1346 0.9895 0.0528
vn -0.0989 0.9046 -0.4147
vn -0.0861 0.9071 -0.4120
vn -0.0992 0.9045 -0.4147
vn -0.1244 0.8672 -0.4822
vn -0.2205 0.9279 -0.3006
vn -0.2756 0.8893 -0.3650
vn -0.2693 0.8902 -0.3673
vn -0.2777 0.8890 -0.3642
vn -0.3649 0.7700 -0.5234
vn -0.3432 0.8972 -0.2780
vn -0.5481 0.7683 -0.3306
vn -0.1316 0.9678 -0.2147
vn -0.1948 0.9757 -0.1006
vn -0.4396 0.8953 -0.0726
vn -0.2033 0.9781 0.0446
vn -0.3843 0.9232 0.0076
vn -0.1876 0.9731 0.1339
vn -0.3741 0.9153 0.1492
vn -0.6651 0.7200 0.1982
vn -0.3535 0.8825 0.3102
vn -0.6347 0.6768 0.3728
vn -0.0658 0.9674 0.2445
vn -0.0657 0.9673 0.2449
vn -0.1244 0.9593 0.2536
vn -0.3194 0.8473 0.4244
vn -0.0850 0.8238 0.5605
vn -0.0841 0.8249 0.5590
vn -0.0885 0.8193 0.5665
vn -0.0893 0.8182 0.5679
vn 0.0645 0.5879 0.8064
vn 0.0916 0.7311 0.6761
vn -0.0340 0.5583 0.8290
vn 0.2532 0.6011 0.7580
vn 0.2572 0.6056 0.7530
vn 0.2490 0.6100 0.7522
vn 0.2489 0.6104 0.7520
vn 0.4569 0.6133 0.6443
vn 0.5606 0.6807 0.4715
vn 0.6925 0.5468 0.4706
vn 0.4925 0.6459 0.5833
vn 0.4928 0.6453 0.5837
vn 0.4899 0.6509 0.5800
vn 0.5788 0.6149 0.5356
vn 0.5301 0.6836 0.5017
vn 0.7667 0.5395 0.3481
vn 0.6216 0.7240 0.2991
vn 0.8236 0.5654 0.0453
vn 0.8236 0.5653 0.0448
vn 0.8236 0.5654 0.0450
vn 0.6805 0.7307 0.0545
vn 0.7893 0.6140 0.0014
vn 0.5889 0.7770 -0.2226
vn 0.5889 0.7769 -0.2229
vn 0.5889 0.7755 -0.2274
vn 0.7753 0.5558 -0.3001
vn 0.3053 0.6538 -0.6923
vn 0.3507 0.6127 -0.7083
vn 0.5029 0.7864 -0.3586
vn 0.5111 0.7828 -0.3549
vn 0.5024 0.7867 -0.3589
vn 0.5752 0.8171 0.0390
vn 0.2587 0.9394 -0.2250
vn 0.5623 0.8257 0.0446
vn 0.5667 0.8216 0.0609
vn 0.3673 0.9295 -0.0348
vn 0.3284 0.9213 0.2083
vn 0.0102 0.9921 0.1254
vn 0.1339 0.9055 0.4027
vn 0.1239 0.9078 0.4006
vn 0.1347 0.9053 0.4028
vn -0.2857 0.9168 0.2791
vn -0.1600 0.8268 0.5393
vn -0.1138 0.9892 -0.0924
vn -0.1295 0.9766 -0.1718
vn 0.1057 0.6880 -0.7180
vn 0.1041 0.6889 -0.7173
vn 0.1109 0.6849 -0.7201
vn 0.2335 0.8103 -0.5375
vn 0.1362 0.8431 -0.5202
vn 0.2765 0.8276 -0.4884
vn 0.3009 0.7643 -0.5703
vn 0.2341 0.7899 -0.5668
vn 0.3482 0.8344 -0.4273
vn 0.7511 0.6527 -0.0991
vn 0.7511 0.6526 -0.0996
vn 0.7511 0.6517 -0.1053
vn 0.6173 0.7479 -0.2440
vn 0.8871 0.4608 0.0247
vn 0.8426 0.5120 -0.1668
vn 0.3864 0.9095 0.1533
vn 0.2848 0.9536 0.0973
vn -0.1328 0.9636 0.2321
vn -0.2085 0.9502 0.2318
vn 0.0947 0.9898 -0.1061
vn 0.1298 0.9869 -0.0955
vn -0.1533 0.9215 0.3569
vn -0.0516 0.9325 -0.3575
vn 0.3014 0.9334 -0.1948
vn 0.4063 0.9006 -0.1543
vn 0.1211 0.9917 -0.0432
vn 0.3618 0.9172 0.1666
vn 0.5363 0.8357 -0.1179
vn 0.2249 0.9100 0.3482
vn 0.2824 0.8334 0.4751
vn 0.5067 0.7703 0.3871
vn 0.5076 0.7707 0.3852
vn 0.5077 0.7708 0.3849
vn 0.0212 0.9177 0.3967
vn 0.0221 0.9181 0.3957
vn 0.0222 0.9182 0.3956
vn -0.0445 0.7581 0.6506
vn 0.4336 0.6625 0.6108
vn 0.4473 0.5814 0.6796
vn -0.0575 0.7333 0.6775
vn 0.2489 0.8208 0.5141
vn 0.2312 0.6959 0.6799
vn -0.0658 0.6393 0.7661
vn -0.0771 0.7486 0.6585
vn 0.1963 0.6995 0.6871
vn -0.1550 0.7837 0.6015
vn 0.1642 0.8679 0.4688
vn -0.0841 0.9074 0.4117
vn 0.0132 0.9242 0.3818
vn -0.0915 0.8918 0.4431
vn -0.1031 0.8935 0.4371
vn -0.0912 0.8918 0.4432
vn 0.0417 0.9309 0.3629
vn -0.0045 0.9669 0.2552
vn 0.0952 0.9518 0.2915
vn 0.0960 0.9519 0.2911
vn 0.1005 0.9521 0.2889
vn 0.0184 0.9830 0.1826
vn 0.0741 0.8392 0.5387
vn 0.1636 0.8596 0.4841
vn 0.0031 0.7986 0.6018
vn -0.0354 0.8673 0.4965
vn -0.0417 0.8661 0.4981
vn -0.0416 0.8662 0.4980
vn -0.0175 0.8789 0.4767
vn -0.0590 0.8542 0.5165
vn 0.0201 0.6989 0.7149
vn 0.0208 0.6990 0.7148
vn 0.0166 0.6985 0.7154
vn 0.0158 0.6984 0.7156
vn -0.0741 0.7273 0.6823
vn -0.0364 0.5713 0.8199
vn 0.0431 0.5322 0.8455
vn -0.2469 0.5252 0.8144
vn -0.2509 0.3769 0.8916
vn -0.2508 0.3771 0.8916
vn -0.2474 0.3806 0.8910
vn -0.0315 0.4358 0.8995
vn -0.3295 0.4411 0.8348
vn -0.3417 0.3021 0.8899
vn -0.3441 0.3006 0.8895
vn -0.3412 0.3027 0.8899
vn -0.2562 0.3073 0.9165
vn -0.2598 0.3035 0.9167
vn -0.2561 0.3075 0.9165
vn -0.4683 0.2745 0.8398
vn -0.4657 0.3109 0.8286
vn -0.4725 0.3024 0.8279
vn -0.4650 0.3117 0.8286
vn -0.3494 0.2916 0.8905
vn -0.3494 0.2913 0.8906
vn -0.5619 0.2369 0.7926
vn -0.5636 0.2163 0.7972
vn -0.4795 0.2279 0.8474
vn -0.6472 0.2027 0.7349
vn -0.6519 0.1645 0.7403
vn -0.5912 0.1462 0.7932
vn -0.7451 0.2373 0.6233
vn -0.7606 0.1553 0.6304
vn -0.6363 0.1407 0.7585
vn -0.6357 0.1416 0.7589
vn -0.8041 0.1173 0.5828
vn -0.8119 0.0181 0.5835
vn -0.8114 0.0181 0.5842
vn -0.8081 0.0179 0.5887
vn -0.8019 0.0303 0.5967
vn -0.8901 0.0539 0.4526
vn -0.8924 0.0143 0.4510
vn -0.8287 -0.0241 0.5592
vn -0.8286 -0.0253 0.5592
vn -0.8287 -0.0195 0.5594
vn -0.9155 0.0410 0.4002
vn -0.9193 -0.0304 0.3923
vn -0.9216 -0.0375 0.3863
vn -0.9190 -0.0295 0.3930
vn -0.9209 -0.0786 0.3819
vn -0.9208 -0.0798 0.3817
vn -0.9211 -0.0737 0.3824
vn -0.9709 -0.0198 0.2388
vn -0.9699 -0.0151 0.2432
vn -0.9710 -0.0201 0.2384
vn -0.9660 -0.1203 0.2290
vn -0.9659 -0.1202 0.2291
vn -0.9659 -0.1200 0.2294
vn -0.9216 -0.0623 0.3831
vn -0.9976 -0.0622 0.0292
vn -0.9967 -0.0765 0.0282
vn -0.9714 -0.0244 0.2361
vn -0.9804 -0.1122 -0.1621
vn -0.9774 -0.1328 -0.1642
vn -0.9915 -0.1295 0.0145
vn -0.9613 -0.1713 -0.2156
vn -0.9727 -0.1000 -0.2093
vn -0.9776 -0.1673 -0.1275
vn -0.9447 -0.1569 -0.2879
vn -0.9274 -0.2129 -0.3075
vn -0.9297 -0.2476 -0.2725
vn -0.9138 -0.2306 -0.3343
vn -0.9002 -0.1943 -0.3896
vn -0.9220 -0.2345 -0.3082
vn -0.8181 -0.2482 -0.5188
vn -0.7861 -0.2989 -0.5411
vn -0.8643 -0.3181 -0.3895
vn -0.8644 -0.3160 -0.3912
vn -0.8644 -0.3159 -0.3912
vn -0.6702 -0.3109 -0.6739
vn -0.6705 -0.3100 -0.6740
vn -0.6720 -0.3061 -0.6744
vn -0.6805 -0.3523 -0.6425
vn -0.7583 -0.3686 -0.5377
vn -0.6420 -0.3057 -0.7032
vn -0.6404 -0.3004 -0.7068
vn -0.6403 -0.3000 -0.7071
vn -0.6123 -0.3572 -0.7053
vn -0.6745 -0.3672 -0.6405
vn -0.4741 -0.3583 -0.8042
vn -0.4108 -0.4115 -0.8136
vn -0.5900 -0.4212 -0.6888
vn -0.4722 -0.4041 -0.7834
vn -0.6398 -0.3846 -0.6654
vn -0.4934 -0.7236 -0.4828
vn -0.5994 -0.6842 -0.4153
vn -0.4928 -0.7589 -0.4256
vn -0.4934 -0.7592 -0.4244
vn -0.4928 -0.7589 -0.4257
vn -0.5874 -0.7161 -0.3771
vn -0.6272 -0.6209 -0.4702
vn -0.6992 -0.6237 -0.3495
vn -0.5519 -0.7589 -0.3457
vn -0.7020 -0.6509 -0.2890
vn -0.6869 -0.6047 -0.4032
vn -0.5722 -0.7130 -0.4054
vn -0.7380 -0.5670 -0.3659
vn -0.7613 -0.5720 -0.3053
vn -0.7612 -0.5714 -0.3067
vn -0.7614 -0.5663 -0.3156
vn -0.7200 -0.6776 -0.1497
vn -0.8486 -0.5192 -0.1013
vn -0.8642 -0.4977 -0.0744
vn -0.8625 -0.4999 -0.0785
vn -0.8642 -0.4976 -0.0743
vn -0.8279 -0.5608 -0.0009
vn -0.8518 -0.5239 0.0091
vn -0.8820 -0.4635 0.0848
vn -0.8611 -0.4725 0.1876
vn -0.8605 -0.4738 0.1873
vn -0.8650 -0.4648 0.1893
vn -0.8656 -0.4634 0.1896
vn -0.8884 -0.3753 0.2642
vn -0.8840 -0.3672 0.2893
vn -0.8558 -0.4367 0.2773
vn -0.9034 -0.3430 0.2574
vn -0.7621 -0.3530 0.5428
vn -0.7900 -0.2625 0.5541
vn -0.8255 -0.1934 0.5303
vn -0.7613 -0.2941 0.5779
vn -0.7698 -0.2408 0.5911
vn -0.8035 -0.2823 0.5241
vn -0.6669 -0.3864 0.6372
vn -0.6912 -0.2554 0.6761
vn -0.6905 -0.1666 0.7038
vn -0.5592 -0.1828 0.8086
vn -0.5629 -0.0763 0.8230
vn -0.6004 -0.1682 0.7818
vn -0.5990 -0.1656 0.7834
vn -0.6006 -0.1685 0.7816
vn -0.5094 -0.1649 0.8446
vn -0.5095 -0.1638 0.8447
vn -0.5092 -0.1692 0.8439
vn -0.5091 -0.1703 0.8437
vn -0.4820 -0.1367 0.8654
vn -0.4831 -0.1304 0.8658
vn -0.4891 -0.1380 0.8613
vn -0.3404 -0.0651 0.9380
vn -0.3362 -0.1359 0.9319
vn -0.3524 -0.1147 0.9288
vn -0.2579 -0.1974 0.9458
vn -0.2645 -0.0904 0.9601
vn -0.2613 -0.0858 0.9614
vn -0.2648 -0.0910 0.9600
vn -0.2652 0.0838 0.9605
vn -0.0848 -0.0519 0.9950
vn -0.0866 0.0027 0.9962
vn -0.0767 0.0767 0.9941
vn -0.0806 0.0709 0.9942
vn -0.0762 0.0775 0.9941
vn 0.1116 0.0291 0.9933
vn 0.1102 0.0692 0.9915
vn 0.0562 0.1595 0.9856
vn 0.0548 0.1566 0.9861
vn 0.0565 0.1598 0.9855
vn 0.1259 -0.0055 0.9920
vn 0.1126 0.1579 0.9810
vn 0.0537 0.1856 0.9812
vn 0.2649 0.0755 0.9613
vn 0.2545 0.1805 0.9501
vn 0.1879 0.2668 0.9453
vn 0.1878 0.2666 0.9453
vn 0.1872 0.2657 0.9457
vn 0.4279 0.0469 0.9026
vn 0.3826 0.2884 0.8777
vn 0.3866 0.4812 0.7868
vn 0.5291 0.3649 0.7661
vn 0.4945 0.4873 0.7197
vn 0.5761 0.2502 0.7782
vn 0.4277 0.5181 0.7407
vn 0.5210 0.1900 0.8321
vn 0.5576 0.4588 0.6918
vn 0.6331 0.4659 0.6182
vn 0.5896 0.5593 0.5827
vn 0.5371 0.5568 0.6336
vn 0.4994 0.4761 0.7238
vn 0.4356 0.6087 0.6631
vn 0.4574 0.6712 0.5834
vn 0.5059 0.6593 0.5562
vn 0.4819 0.6990 0.5283
vn 0.4818 0.6990 0.5285
vn 0.4811 0.6991 0.5290
vn 0.4072 0.8374 0.3646
vn 0.5490 0.7938 0.2618
vn 0.4713 0.8605 0.1935
vn 0.4862 0.8735 0.0266
vn 0.4866 0.8732 0.0270
vn 0.4824 0.8756 0.0234
vn 0.4241 0.9037 0.0588
vn 0.3757 0.9263 0.0303
vn 0.3769 0.9262 0.0120
vn 0.4438 0.8954 0.0354
vn 0.4064 0.9054 0.1225
vn 0.5273 0.8348 0.1586
vn 0.4701 0.8807 0.0585
vn 0.5391 0.8383 0.0816
vn 0.4781 0.8773 -0.0423
vn 0.5200 0.8478 -0.1044
vn 0.4194 0.8929 -0.1640
vn 0.4920 0.8438 -0.2144
vn 0.5386 0.8230 -0.1806
vn 0.5182 0.8406 -0.1574
vn 0.5171 0.8389 -0.1698
vn 0.5170 0.8389 -0.1699
vn 0.4483 0.8890 -0.0930
vn 0.4488 0.8888 -0.0925
vn 0.4431 0.8911 -0.0981
vn 0.5540 0.8231 -0.1248
vn 0.4426 0.8913 -0.0985
vn 0.3942 0.9172 -0.0577
vn 0.3553 0.9312 -0.0812
vn 0.4577 0.8890 0.0172
vn 0.6877 0.6917 -0.2205
vn 0.2642 0.8659 -0.4248
vn 0.3970 0.7684 -0.5020
vn 0.0971 0.8968 -0.4317
vn 0.3223 0.7104 -0.6257
vn 0.3537 0.6075 -0.7112
vn 0.3654 0.6086 -0.7044
vn 0.5242 0.5582 -0.6431
vn 0.3647 0.7066 -0.6063
vn 0.3651 0.7068 -0.6060
vn 0.3651 0.7068 -0.6059
vn 0.2223 0.5375 -0.8135
vn 0.1924 0.7433 -0.6406
vn 0.1925 0.7428 -0.6412
vn 0.1931 0.7370 -0.6477
vn 0.0826 0.6920 -0.7172
vn 0.2185 0.7640 -0.6071
vn 0.2733 0.7113 -0.6476
vn 0.2341 0.5075 -0.8293
vn 0.1932 0.7024 -0.6850
vn 0.2240 0.8497 -0.4774
vn 0.2253 0.8499 -0.4764
vn 0.2267 0.8501 -0.4753
vn 0.0827 0.8055 -0.5868
vn 0.1521 0.8758 -0.4580
vn 0.2509 0.9638 -0.0905
vn -0.0382 0.9166 -0.3980
vn 0.1802 0.9821 -0.0540
vn 0.3100 0.9352 0.1713
vn 0.0654 0.9978 0.0114
vn 0.2874 0.9383 0.1922
vn 0.2274 0.9669 0.1153
vn 0.2273 0.9669 0.1155
vn 0.2290 0.9668 0.1134
vn 0.2656 0.9575 0.1126
vn 0.2657 0.9575 0.1127
vn 0.2667 0.9571 0.1137
vn 0.2293 0.9668 0.1132
vn 0.3107 0.9339 0.1768
vn 0.2574 0.9554 0.1447
vn 0.2483 0.9574 0.1471
vn 0.2476 0.9576 0.1473
vn 0.2566 0.9609 0.1042
vn 0.2730 0.9561 0.1067
vn 0.3572 0.9336 0.0275
vn 0.2723 0.9616 0.0350
vn 0.2454 0.9689 0.0316
vn 0.3141 0.9493 0.0099
vn 0.3229 0.9463 0.0133
vn 0.3129 0.9497 0.0094
vn 0.2542 0.9621 -0.0983
vn 0.3017 0.9445 -0.1298
vn 0.0455 0.9824 0.1810
vn 0.0455 0.9823 0.1815
vn 0.0455 0.9824 0.1814
vn -0.1787 0.9838 0.0138
vn -0.4206 0.8480 0.3226
vn -0.5125 0.8570 0.0537
vn -0.1707 0.9829 -0.0697
vn -0.4936 0.8489 0.1888
vn -0.4933 0.8487 0.1905
vn -0.4917 0.8474 0.2004
vn -0.1507 0.9867 0.0617
vn -0.1368 0.9721 0.1905
vn 0.2004 0.9704 0.1346
vn 0.2815 0.9563 0.0790
vn 0.2072 0.9732 0.0998
vn 0.2666 0.9606 -0.0782
vn 0.3579 0.9338 -0.0022
vn 0.2872 0.9147 -0.2843
vn 0.1924 0.8929 -0.4070
vn -0.0267 0.9765 -0.2139
vn -0.0712 0.9435 -0.3237
vn 0.0886 0.9948 -0.0509
vn -0.1196 0.9581 -0.2602
vn -0.1238 0.9564 -0.2644
vn -0.1192 0.9581 -0.2606
vn 0.1420 0.9828 0.1183
vn 0.4608 0.4487 0.7657
vn 0.3601 0.9007 0.2431
vn 0.6976 0.4904 0.5224
vn 0.4862 0.8735 0.0248
vn 0.8604 0.4104 0.3020
vn 0.5566 0.8226 0.1165
vn 0.9191 0.3443 0.1917
vn -0.0490 0.9932 -0.1059
vn 0.1189 0.9761 -0.1818
vn -0.0865 0.9440 -0.3183
vn -0.1259 0.9556 -0.2662
vn -0.1200 0.9576 -0.2620
vn 0.3094 0.5367 0.7850
vn -0.0254 0.9997 0.0067
vn 0.0574 0.9983 -0.0038
vn 0.2398 0.9552 -0.1736
vn 0.2210 0.8446 0.4876
vn 0.2214 0.8446 0.4875
vn 0.2210 0.8440 0.4887
vn 0.3836 0.8078 0.4476
vn 0.2154 0.8716 0.4403
vn -0.1336 0.8923 0.4312
vn -0.1540 0.7961 0.5853
vn 0.2132 0.8455 0.4896
vn 0.2135 0.8454 0.4896
vn -0.3298 0.8706 0.3651
vn -0.7527 0.6300 0.1911
vn -0.7533 0.6301 0.1885
vn -0.6490 0.6930 0.3139
vn -0.7786 0.5290 0.3376
vn -0.7748 0.5279 0.3479
vn -0.7767 0.5285 0.3427
vn -0.8569 0.4529 0.2462
vn -0.6517 0.7026 0.2858
vn -0.5738 0.7163 0.3971
vn -0.6990 0.4363 0.5666
vn -0.4408 0.7339 0.5168
vn -0.5293 0.4472 0.7211
vn -0.3875 0.6973 0.6029
vn -0.4113 0.5320 0.7401
vn -0.4103 0.5320 0.7407
vn -0.4023 0.5315 0.7455
vn -0.2635 0.9608 0.0865
vn -0.3272 0.8859 0.3287
vn -0.2519 0.9554 0.1542
vn -0.2322 0.8797 0.4150
vn -0.2327 0.8799 0.4143
vn -0.2364 0.8814 0.4090
vn -0.2920 0.8681 0.4014
vn -0.1676 0.8392 0.5174
vn -0.2355 0.8216 0.5191
vn -0.4123 0.8521 0.3223
vn -0.3384 0.9085 0.2454
vn -0.3468 0.8444 0.4083
vn -0.1720 0.9677 0.1842
vn -0.2362 0.8261 0.5117
vn -0.0351 0.9494 0.3121
vn -0.0394 0.9495 0.3112
vn -0.0349 0.9494 0.3122
vn -0.0784 0.8883 0.4526
vn -0.0325 0.8968 0.4413
vn -0.1193 0.9249 0.3609
vn -0.0788 0.8641 0.4971
vn -0.0816 0.8987 0.4308
vn -0.0816 0.8987 0.4309
vn -0.0821 0.8988 0.4305
vn -0.0954 0.7560 0.6476
vn -0.0987 0.7572 0.6457
vn -0.0950 0.7559 0.6478
vn 0.0150 0.7669 0.6416
vn -0.2309 0.7243 0.6497
vn -0.2336 0.6903 0.6847
vn -0.0992 0.6995 0.7078
vn -0.3292 0.6740 0.6613
vn -0.3824 0.4110 0.8276
vn -0.3915 0.4020 0.8277
vn -0.3819 0.4115 0.8276
vn -0.2823 0.5229 0.8043
vn -0.5076 0.4326 0.7451
vn -0.5192 0.3814 0.7649
vn -0.3859 0.4420 0.8098
vn -0.6458 0.3617 0.6724
vn -0.6665 0.2744 0.6931
vn -0.5105 0.2745 0.8149
vn -0.5163 0.2676 0.8135
vn -0.5100 0.2752 0.8150
vn -0.7037 0.3388 0.6245
vn -0.6972 0.3455 0.6282
vn -0.7040 0.3385 0.6244
vn -0.7370 0.2084 0.6430
vn -0.6301 0.2392 0.7387
vn -0.7757 0.2549 0.5774
vn -0.7799 0.2397 0.5782
vn -0.7671 0.2189 0.6030
vn -0.8503 0.2142 0.4808
vn -0.8429 0.2434 0.4798
vn -0.7870 0.2433 0.5670
vn -0.7930 0.2351 0.5621
vn -0.7863 0.2442 0.5676
vn -0.9354 0.2172 0.2789
vn -0.9354 0.2173 0.2789
vn -0.9233 0.0711 0.3773
vn -0.9238 0.0671 0.3770
vn -0.9238 0.0670 0.3770
vn -0.8823 0.1274 0.4531
vn -0.9455 0.2212 0.2389
vn -0.9760 0.0122 0.2173
vn -0.9242 0.0630 0.3767
vn -0.9935 0.0708 0.0888
vn -0.9935 0.0709 0.0888
vn -0.9935 0.0711 0.0891
vn -0.9917 0.0920 0.0903
vn -0.9913 0.0937 0.0920
vn -0.9917 0.0919 0.0902
vn -0.9647 0.0681 0.2543
vn -0.9657 0.0651 0.2515
vn -0.9646 0.0684 0.2546
vn -0.9911 0.0355 -0.1282
vn -0.9894 -0.0569 -0.1333
vn -0.9962 0.0036 0.0873
vn -0.9738 0.0129 -0.2272
vn -0.9728 0.0087 -0.2314
vn -0.9738 0.0133 -0.2268
vn -0.9720 -0.0303 -0.2331
vn -0.9945 -0.0397 -0.0969
vn -0.9652 0.0816 -0.2484
vn -0.9639 -0.0261 -0.2651
vn -0.9636 -0.0239 -0.2664
vn -0.9635 -0.0237 -0.2665
vn -0.9760 -0.1072 -0.1898
vn -0.9354 -0.0058 -0.3535
vn -0.9376 -0.0160 -0.3474
vn -0.9378 -0.0169 -0.3468
vn -0.9308 -0.1337 -0.3403
vn -0.9497 -0.1396 -0.2805
vn -0.8068 -0.0969 -0.5828
vn -0.7625 -0.1158 -0.6365
vn -0.9272 -0.1543 -0.3414
vn -0.7066 -0.1889 -0.6819
vn -0.7073 -0.1912 -0.6805
vn -0.7074 -0.1915 -0.6804
vn -0.7588 -0.0940 -0.6445
vn -0.7578 -0.0938 -0.6457
vn -0.7653 -0.0956 -0.6365
vn -0.7664 -0.0959 -0.6352
vn -0.6678 -0.0156 -0.7442
vn -0.6449 -0.1759 -0.7438
vn -0.6421 -0.1678 -0.7480
vn -0.6418 -0.1670 -0.7485
vn -0.7387 -0.1854 -0.6481
vn -0.5299 -0.1641 -0.8320
vn -0.5148 -0.2474 -0.8208
vn -0.5167 -0.2522 -0.8181
vn -0.5169 -0.2527 -0.8179
vn -0.6185 -0.2650 -0.7398
vn -0.4108 -0.2404 -0.8795
vn -0.4102 -0.2401 -0.8798
vn -0.4099 -0.2379 -0.8806
vn -0.4458 -0.3200 -0.8360
vn -0.4994 -0.3249 -0.8031
vn -0.2932 -0.2298 -0.9280
vn -0.3324 -0.3914 -0.8581
vn -0.4261 -0.3918 -0.8154
vn -0.3249 -0.4566 -0.8282
vn -0.3687 -0.4558 -0.8101
vn -0.2757 -0.4386 -0.8553
vn -0.3850 -0.4322 -0.8154
vn -0.3156 -0.5389 -0.7810
vn -0.2589 -0.5450 -0.7975
vn -0.3231 -0.7333 -0.5983
vn -0.2945 -0.7382 -0.6069
vn -0.3407 -0.8219 -0.4565
vn -0.4243 -0.7990 -0.4262
vn -0.4268 -0.8003 -0.4212
vn -0.4242 -0.7989 -0.4263
vn -0.4523 -0.7866 -0.4203
vn -0.3962 -0.8178 -0.4174
vn -0.4874 -0.7840 -0.3844
vn -0.4872 -0.7844 -0.3838
vn -0.4873 -0.7843 -0.3840
vn -0.4784 -0.7815 -0.4004
vn -0.5309 -0.7962 -0.2903
vn -0.5310 -0.7961 -0.2902
vn -0.5309 -0.7962 -0.2902
vn -0.4918 -0.8211 -0.2898
vn -0.4917 -0.8211 -0.2898
vn -0.4943 -0.8198 -0.2892
vn -0.4944 -0.8197 -0.2892
vn -0.5421 -0.8047 -0.2420
vn -0.5089 -0.8390 -0.1926
vn -0.5086 -0.8394 -0.1918
vn -0.5059 -0.8425 -0.1851
vn -0.6074 -0.7765 -0.1675
vn -0.7055 -0.7033 -0.0872
vn -0.6383 -0.7692 -0.0310
vn -0.7221 -0.6918 0.0027
vn -0.7973 -0.5923 0.1162
vn -0.7973 -0.5922 0.1163
vn -0.7961 -0.5950 0.1103
vn -0.6900 -0.7071 0.1548
vn -0.7705 -0.6072 0.1941
vn -0.8281 -0.4884 0.2751
vn -0.6815 -0.6335 0.3663
vn -0.7339 -0.5574 0.3881
vn -0.7830 -0.3911 0.4836
vn -0.7101 -0.5274 0.4664
vn -0.7442 -0.4648 0.4797
vn -0.7963 -0.3453 0.4967
vn -0.6513 -0.3962 0.6471
vn -0.6663 -0.3085 0.6789
vn -0.6175 -0.3367 0.7108
vn -0.6565 -0.3303 0.6782
vn -0.6416 -0.4225 0.6402
vn -0.6424 -0.4223 0.6395
vn -0.6501 -0.4203 0.6331
vn -0.6022 -0.3988 0.6916
vn -0.5008 -0.3544 0.7897
vn -0.5011 -0.3528 0.7902
vn -0.4998 -0.3611 0.7873
vn -0.4996 -0.3627 0.7867
vn -0.5121 -0.1862 0.8385
vn -0.3131 -0.3290 0.8909
vn -0.3269 -0.1761 0.9285
vn -0.3856 -0.1685 0.9072
vn -0.3885 -0.1729 0.9051
vn -0.3853 -0.1681 0.9074
vn -0.2512 -0.1931 0.9485
vn -0.2535 -0.1732 0.9517
vn -0.2403 -0.0664 0.9684
vn -0.2411 -0.0676 0.9681
vn -0.2402 -0.0663 0.9685
vn -0.1286 -0.0778 0.9886
vn -0.1285 -0.0790 0.9886
vn -0.1291 -0.0720 0.9890
vn -0.1292 -0.0708 0.9891
vn -0.1340 -0.2034 0.9699
vn 0.0961 -0.1301 0.9868
vn 0.0965 -0.1755 0.9797
vn 0.1005 -0.1701 0.9803
vn 0.0961 -0.1761 0.9797
vn 0.1003 -0.0564 0.9934
vn 0.1012 -0.0931 0.9905
vn 0.1014 -0.0565 0.9932
vn 0.1015 -0.0565 0.9932
vn 0.1468 0.0285 0.9888
vn 0.2522 0.1927 0.9483
vn 0.2681 0.0216 0.9632
vn 0.2680 0.0216 0.9632
vn 0.2678 0.0212 0.9632
vn 0.2708 -0.0037 0.9626
vn 0.4200 -0.0026 0.9075
vn 0.4202 -0.0026 0.9074
vn 0.4213 -0.0026 0.9069
vn 0.4173 0.0182 0.9086
vn 0.4383 0.0773 0.8955
vn 0.4722 0.0778 0.8780
vn 0.4604 0.1460 0.8756
vn 0.4788 0.0773 0.8745
vn 0.6161 0.1743 0.7682
vn 0.6150 0.1711 0.7698
vn 0.6160 0.1741 0.7683
vn 0.6748 0.0940 0.7320
vn 0.6546 0.3364 0.6770
vn 0.6891 0.1857 0.7005
vn 0.6298 0.3327 0.7019
vn 0.6297 0.3331 0.7018
vn 0.6290 0.3359 0.7011
vn 0.6289 0.3363 0.7010
vn 0.6000 0.2686 0.7535
vn 0.6179 0.3339 0.7118
vn 0.5685 0.4624 0.6804
vn 0.6124 0.3736 0.6967
vn 0.5820 0.4438 0.6814
vn 0.5514 0.4803 0.6821
vn 0.7274 0.4450 0.5223
vn 0.7274 0.4449 0.5224
vn 0.7272 0.4432 0.5241
vn 0.6853 0.5251 0.5045
vn 0.5775 0.6543 0.4883
vn 0.5778 0.6555 0.4863
vn 0.5781 0.6567 0.4843
vn 0.7388 0.5440 0.3978
vn 0.6694 0.6451 0.3685
vn 0.5628 0.7906 0.2413
vn 0.7673 0.5993 0.2281
vn 0.5576 0.8145 0.1602
vn 0.5570 0.8147 0.1614
vn 0.5525 0.8159 0.1704
vn 0.7825 0.6011 0.1623
vn 0.5643 0.8179 0.1125
vn 0.7603 0.6479 0.0463
vn 0.5632 0.8263 -0.0044
vn 0.7749 0.6283 -0.0693
vn 0.6055 0.7939 -0.0553
vn 0.5202 0.8504 -0.0791
vn 0.6625 0.7210 -0.2028
vn 0.5308 0.8139 -0.2365
vn 0.7022 0.7026 -0.1151
vn 0.7062 0.6979 -0.1195
vn 0.7063 0.6977 -0.1197
vn 0.6931 0.6854 -0.2232
vn 0.6934 0.6849 -0.2237
vn 0.6935 0.6848 -0.2238
vn 0.5868 0.7744 -0.2367
vn 0.6680 0.6872 -0.2854
vn 0.6703 0.6825 -0.2914
vn 0.6706 0.6818 -0.2922
vn 0.5619 0.7889 -0.2486
vn 0.5628 0.7876 -0.2511
vn 0.5629 0.7873 -0.2515
vn 0.6263 0.6628 -0.4104
vn 0.5486 0.7928 -0.2654
vn 0.5484 0.7930 -0.2653
vn 0.5479 0.7935 -0.2648
vn 0.5478 0.7937 -0.2646
vn 0.5829 0.7502 -0.3121
vn 0.6698 0.7303 -0.1345
vn 0.5648 0.8247 -0.0287
vn 0.5704 0.6968 -0.4349
vn 0.4161 0.8965 -0.1522
vn 0.4414 0.8793 -0.1786
vn 0.1950 0.9087 -0.3690
vn 0.1964 0.9110 -0.3625
vn 0.1965 0.9112 -0.3622
vn 0.2669 0.9203 -0.2862
vn 0.4284 0.7718 -0.4698
vn 0.3092 0.8689 -0.3866
vn 0.3591 0.7820 -0.5095
vn 0.2792 0.8684 -0.4099
vn 0.3556 0.8035 -0.4774
vn 0.1158 0.8692 -0.4808
vn 0.2213 0.8378 -0.4992
vn 0.1261 0.9666 -0.2231
vn 0.2855 0.7988 -0.5295
vn 0.0556 0.9601 -0.2742
vn 0.3224 0.7938 -0.5157
vn 0.0849 0.8961 -0.4356
vn 0.2532 0.6861 -0.6820
vn 0.0788 0.8053 -0.5876
vn 0.0190 0.5713 -0.8205
vn 0.2011 0.8598 -0.4694
vn 0.0748 0.6002 -0.7963
vn 0.1856 0.8626 -0.4705
vn 0.1848 0.8629 -0.4703
vn 0.1962 0.8588 -0.4732
vn -0.0480 0.6290 -0.7759
vn -0.0482 0.6287 -0.7762
vn -0.0488 0.6271 -0.7774
vn -0.0489 0.6268 -0.7776
vn -0.1943 0.7749 -0.6014
vn -0.2181 0.6662 -0.7132
vn -0.1559 0.8154 -0.5575
vn -0.1557 0.8155 -0.5574
vn -0.1446 0.8190 -0.5553
vn -0.4557 0.6814 -0.5727
vn -0.3495 0.8467 -0.4013
vn -0.3489 0.8469 -0.4013
vn -0.3497 0.8466 -0.4013
vn -0.2272 0.9427 -0.2444
vn -0.2509 0.8265 -0.5038
vn -0.0722 0.9040 -0.4215
vn 0.1829 0.9686 -0.1685
vn -0.2820 0.9375 -0.2038
vn 0.0564 0.9982 0.0198
vn -0.4047 0.9144 -0.0106
vn 0.0288 0.9940 0.1053
vn 0.0290 0.9940 0.1057
vn -0.3696 0.9291 -0.0136
vn 0.0545 0.9985 0.0034
vn -0.6484 0.7581 -0.0703
vn -0.6391 0.7304 0.2410
vn -0.3877 0.8953 0.2195
vn -0.6898 0.6958 0.1998
vn -0.5843 0.6466 0.4904
vn -0.5957 0.6356 0.4911
vn -0.6259 0.6962 0.3515
vn -0.6667 0.6573 0.3514
vn -0.5751 0.7081 0.4096
vn -0.5645 0.6970 0.4422
vn -0.0169 0.9194 0.3931
vn -0.1151 0.9828 0.1441
vn -0.6868 0.6498 0.3257
vn 0.0193 0.9954 0.0936
vn -0.1111 0.9938 0.0078
vn -0.1451 0.9891 0.0254
vn -0.3379 0.8849 0.3206
vn -0.3852 0.8663 0.3181
vn -0.5799 0.7389 0.3432
vn -0.4726 0.7751 0.4194
vn -0.4727 0.7752 0.4192
vn -0.4734 0.7755 0.4177
vn -0.5768 0.7300 0.3666
vn -0.5773 0.7295 0.3669
vn -0.5728 0.7341 0.3647
vn -0.4930 0.7570 0.4287
vn -0.4735 0.7756 0.4175
vn -0.6404 0.6440 0.4186
vn -0.6037 0.6446 0.4691
vn -0.5013 0.7604 0.4129
vn -0.5364 0.6262 0.5658
vn -0.5362 0.6263 0.5659
vn -0.4176 0.7741 0.4758
vn -0.4886 0.6348 0.5987
vn -0.4098 0.7491 0.5205
vn -0.3825 0.6759 0.6300
vn -0.3603 0.7148 0.5993
vn -0.3602 0.7149 0.5994
vn -0.3605 0.7148 0.5993
vn -0.6225 0.4753 0.6217
vn -0.5974 0.4407 0.6700
vn -0.7217 0.4681 0.5100
vn -0.7218 0.4680 0.5099
vn -0.7252 0.4652 0.5076
vn -0.7645 0.3744 0.5247
vn -0.6855 0.3665 0.6291
vn -0.6885 0.3637 0.6274
vn -0.6852 0.3667 0.6293
vn -0.8302 0.3441 0.4386
vn -0.8415 0.3124 0.4408
vn -0.7666 0.3504 0.5381
vn -0.8764 0.3151 0.3642
vn -0.8787 0.3120 0.3613
vn -0.8762 0.3153 0.3644
vn -0.8493 0.3832 0.3631
vn -0.8518 0.3802 0.3604
vn -0.8491 0.3834 0.3634
vn -0.8578 0.2814 0.4300
vn -0.8882 0.3982 0.2292
vn -0.9458 0.1665 0.2787
vn -0.9456 0.1674 0.2788
vn -0.9448 0.1716 0.2791
vn -0.9034 0.2297 0.3621
vn -0.9622 0.2572 0.0895
vn -0.9632 0.2520 0.0934
vn -0.9633 0.2516 0.0936
vn -0.9687 0.1843 0.1662
vn -0.9686 0.1849 0.1662
vn -0.9446 0.1726 0.2791
vn -0.9611 0.2735 -0.0384
vn -0.9921 0.1180 -0.0427
vn -0.9685 0.1855 0.1663
vn -0.9750 0.1559 -0.1586
vn -0.9799 0.1170 -0.1617
vn -0.9938 0.0890 -0.0672
vn -0.9938 0.0886 -0.0672
vn -0.9936 0.0905 -0.0672
vn -0.9318 0.0397 -0.3607
vn -0.9313 0.0085 -0.3640
vn -0.9822 0.0437 -0.1825
vn -0.9279 0.1496 -0.3415
vn -0.9328 0.0226 -0.3597
vn -0.9624 0.0224 -0.2706
vn -0.8307 0.0819 -0.5507
vn -0.8293 0.0873 -0.5519
vn -0.8299 0.0836 -0.5516
vn -0.8275 0.0846 -0.5551
vn -0.8272 0.0851 -0.5554
vn -0.9429 0.0660 -0.3265
vn -0.9430 0.0636 -0.3268
vn -0.9430 0.0635 -0.3268
vn -0.7762 0.0803 -0.6254
vn -0.7759 -0.0400 -0.6296
vn -0.7791 -0.0479 -0.6251
vn -0.7794 -0.0487 -0.6246
vn -0.8260 -0.0494 -0.5614
vn -0.6533 -0.0365 -0.7562
vn -0.6077 -0.1817 -0.7731
vn -0.7638 -0.1880 -0.6175
vn -0.6188 -0.1244 -0.7757
vn -0.5784 -0.0617 -0.8134
vn -0.5782 -0.0639 -0.8134
vn -0.5775 -0.0720 -0.8132
vn -0.6233 -0.0648 -0.7793
vn -0.4417 -0.1363 -0.8867
vn -0.4438 -0.1410 -0.8849
vn -0.4441 -0.1417 -0.8847
vn -0.4405 -0.0723 -0.8948
vn -0.5773 -0.0742 -0.8131
vn -0.2896 -0.0890 -0.9530
vn -0.3019 -0.2007 -0.9319
vn -0.3011 -0.2008 -0.9322
vn -0.3016 -0.2027 -0.9317
vn -0.4196 -0.1964 -0.8862
vn -0.4230 -0.2040 -0.8829
vn -0.4235 -0.2050 -0.8824
vn -0.2705 -0.1474 -0.9514
vn -0.2699 -0.1468 -0.9516
vn -0.2735 -0.1419 -0.9514
vn -0.2986 -0.2029 -0.9325
vn -0.3013 -0.2030 -0.9317
vn -0.0476 -0.1397 -0.9891
vn -0.0109 -0.2925 -0.9562
vn -0.2845 -0.2854 -0.9152
vn -0.0508 -0.3332 -0.9415
vn -0.2600 -0.3279 -0.9082
vn -0.0297 -0.3683 -0.9292
vn -0.2195 -0.3653 -0.9046
vn -0.0010 -0.4908 -0.8713
vn 0.0025 -0.4851 -0.8745
vn 0.0029 -0.4845 -0.8748
vn -0.2579 -0.4826 -0.8370
vn 0.0185 -0.6277 -0.7782
vn -0.2200 -0.6243 -0.7496
vn -0.0140 -0.5879 -0.8088
vn -0.0785 -0.5903 -0.8034
vn 0.0394 -0.7052 -0.7079
vn 0.0394 -0.7053 -0.7078
vn -0.0964 -0.7131 -0.6944
vn -0.1654 -0.8521 -0.4966
vn -0.3407 -0.8338 -0.4343
vn -0.2920 -0.7817 -0.5510
vn -0.3567 -0.8117 -0.4625
vn -0.3292 -0.8179 -0.4719
vn -0.3056 -0.8616 -0.4053
vn -0.1828 -0.8550 -0.4854
vn -0.2334 -0.7873 -0.5707
vn -0.2375 -0.7914 -0.5632
vn -0.2406 -0.7859 -0.5696
vn -0.3717 -0.7951 -0.4792
vn -0.2408 -0.7855 -0.5701
vn -0.4750 -0.7808 -0.4059
vn -0.5868 -0.5903 -0.5542
vn -0.7524 -0.5580 -0.3499
vn -0.5146 -0.7973 -0.3154
vn -0.7755 -0.6213 -0.1118
vn -0.5426 -0.8250 -0.1580
vn -0.5415 -0.8254 -0.1596
vn -0.5427 -0.8250 -0.1578
vn -0.4232 -0.8855 -0.1918
vn -0.4266 -0.8852 -0.1857
vn -0.4231 -0.8855 -0.1919
vn -0.5251 -0.8436 -0.1122
vn -0.5282 -0.8430 -0.1016
vn -0.5283 -0.8430 -0.1011
vn -0.4105 -0.9002 -0.1455
vn -0.3559 -0.9338 -0.0373
vn -0.3808 -0.9216 0.0751
vn -0.3459 -0.9365 0.0568
vn -0.3623 -0.9172 0.1656
vn -0.3624 -0.9172 0.1657
vn -0.3615 -0.9177 0.1651
vn -0.2531 -0.9402 0.2280
vn -0.2726 -0.9308 0.2437
vn -0.3879 -0.8666 0.3140
vn -0.3483 -0.9358 0.0535
vn -0.5224 -0.8154 0.2495
vn -0.5186 -0.7308 0.4439
vn -0.3353 -0.8054 0.4888
vn -0.4413 -0.7170 0.5396
vn -0.4539 -0.6895 0.5644
vn -0.2763 -0.7610 0.5869
vn -0.3242 -0.6929 0.6441
vn -0.3371 -0.6147 0.7131
vn -0.3405 -0.6114 0.7143
vn -0.3409 -0.6111 0.7144
vn -0.1902 -0.7146 0.6732
vn -0.2201 -0.6123 0.7594
vn -0.2236 -0.5840 0.7803
vn -0.1459 -0.6260 0.7660
vn -0.1487 -0.6238 0.7673
vn -0.1489 -0.6236 0.7674
vn -0.1108 -0.5802 0.8069
vn -0.1232 -0.4734 0.8722
vn 0.1149 -0.5074 0.8540
vn 0.0662 -0.4575 0.8868
vn 0.0637 -0.4354 0.8980
vn 0.2329 -0.4700 0.8514
vn 0.1789 -0.3410 0.9229
vn 0.1766 -0.3126 0.9333
vn 0.1061 -0.3932 0.9133
vn 0.1048 -0.3354 0.9362
vn 0.1166 -0.2535 0.9603
vn 0.3909 -0.2655 0.8813
vn 0.3918 -0.1854 0.9012
vn 0.3201 -0.2088 0.9241
vn 0.3433 -0.5007 0.7946
vn 0.3667 -0.1516 0.9179
vn 0.3661 -0.1515 0.9182
vn 0.3570 -0.1503 0.9219
vn 0.3227 -0.1852 0.9282
vn 0.6672 -0.1927 0.7195
vn 0.6916 -0.0044 0.7223
vn 0.6820 0.0649 0.7284
vn 0.6961 0.0384 0.7169
vn 0.6574 0.0597 0.7511
vn 0.6534 0.0950 0.7510
vn 0.6529 0.0949 0.7515
vn 0.6491 0.0946 0.7548
vn 0.6678 0.0030 0.7444
vn 0.6678 0.0017 0.7443
vn 0.6678 0.0016 0.7443
vn 0.6679 0.0002 0.7443
vn 0.6817 -0.0584 0.7293
vn 0.7681 -0.0453 0.6387
vn 0.7687 -0.0257 0.6391
vn 0.7343 -0.0318 0.6781
vn 0.8553 -0.0426 0.5164
vn 0.8510 0.0603 0.5218
vn 0.8527 0.0648 0.5184
vn 0.8509 0.0601 0.5219
vn 0.8152 0.2877 0.5027
vn 0.9283 0.0947 0.3596
vn 0.9137 0.1778 0.3654
vn 0.8419 0.3523 0.4087
vn 0.9331 0.2190 0.2853
vn 0.9186 0.2694 0.2891
vn 0.9191 0.2354 0.3159
vn 0.9190 0.2357 0.3159
vn 0.9193 0.2348 0.3159
vn 0.9315 0.2388 0.2745
vn 0.9407 0.2001 0.2739
vn 0.9186 0.3270 0.2220
vn 0.9386 0.2632 0.2232
vn 0.9407 0.2638 0.2132
vn 0.9396 0.2635 0.2183
vn 0.9168 0.3388 0.2113
vn 0.9138 0.3384 0.2245
vn 0.9154 0.3385 0.2177
vn 0.8595 0.4651 0.2119
vn 0.9446 0.3223 0.0626
vn 0.8785 0.4651 0.1090
vn 0.8612 0.4972 0.1054
vn 0.9180 0.3915 -0.0628
vn 0.8711 0.4893 -0.0415
vn 0.8059 0.5901 -0.0476
vn 0.8730 0.4166 -0.2538
vn 0.7836 0.5760 -0.2329
vn 0.8527 0.3891 -0.3485
vn 0.7686 0.5596 -0.3099
vn 0.7430 0.4503 -0.4951
vn 0.6828 0.5779 -0.4470
vn 0.6584 0.4450 -0.6071
vn 0.6044 0.6148 -0.5068
vn 0.5762 0.6687 -0.4698
vn 0.5756 0.6642 -0.4770
vn 0.5756 0.6639 -0.4774
vn 0.4771 0.5687 -0.6700
vn 0.4764 0.5713 -0.6683
vn 0.4735 0.5762 -0.6661
vn 0.5078 0.6750 -0.5353
vn 0.5664 0.5586 -0.6059
vn 0.4745 0.5773 -0.6645
vn 0.4730 0.5775 -0.6654
vn 0.5070 0.5743 -0.6427
vn 0.3362 0.8360 -0.4337
vn 0.3984 0.5666 -0.7213
vn 0.3956 0.5619 -0.7264
vn 0.3953 0.5615 -0.7269
vn 0.2974 0.8421 -0.4499
vn 0.2322 0.9058 -0.3544
vn 0.2345 0.9079 -0.3475
vn 0.2346 0.9079 -0.3473
vn 0.2391 0.8089 -0.5371
vn 0.2177 0.9102 -0.3522
vn 0.2996 0.7816 -0.5471
vn 0.2723 0.8788 -0.3919
vn 0.3156 0.7742 -0.5486
vn 0.3192 0.7773 -0.5422
vn 0.3196 0.7776 -0.5416
vn 0.1677 0.8084 -0.5642
vn 0.0825 0.8111 -0.5791
vn 0.0382 0.9457 -0.3228
vn 0.0398 0.8878 -0.4585
vn -0.0017 0.9469 -0.3216
vn 0.2657 0.8715 -0.4122
vn 0.2138 0.9365 -0.2781
vn 0.0651 0.8221 -0.5656
vn 0.2394 0.9533 -0.1844
vn -0.1778 0.8219 -0.5412
vn 0.0624 0.9501 -0.3058
vn -0.2613 0.8024 -0.5366
vn -0.2352 0.8979 -0.3720
vn -0.3072 0.7998 -0.5157
vn -0.3879 0.9131 -0.1258
vn -0.3897 0.9122 -0.1262
vn -0.3901 0.9121 -0.1263
vn -0.4971 0.7961 -0.3451
vn -0.5958 0.5835 -0.5519
vn -0.5178 0.7416 -0.4265
vn -0.5191 0.7408 -0.4264
vn -0.5187 0.7409 -0.4266
vn -0.6114 0.5892 -0.5282
vn -0.6194 0.5823 -0.5266
vn -0.6201 0.5817 -0.5265
vn -0.5866 0.6438 -0.4913
vn -0.7004 0.5434 -0.4629
vn -0.6305 0.6459 -0.4304
vn -0.5381 0.7748 -0.3319
vn -0.7328 0.6635 -0.1509
vn -0.7349 0.6595 -0.1579
vn -0.7350 0.6593 -0.1584
vn -0.6207 0.7709 -0.1429
vn -0.7433 0.6517 -0.1511
vn -0.7749 0.6265 -0.0838
vn -0.7524 0.6530 -0.0867
vn -0.4888 0.8699 -0.0661
vn -0.4030 0.9140 0.0459
vn -0.7916 0.6076 0.0648
vn -0.2526 0.9669 -0.0365
vn -0.0793 0.9861 0.1462
vn -0.3948 0.8980 0.1944
vn -0.4231 0.9057 0.0267
vn -0.4237 0.9003 0.0995
vn -0.4236 0.9004 0.0996
vn -0.4252 0.8998 0.0980
vn -0.0905 0.9951 0.0408
vn -0.6914 0.7216 -0.0362
vn -0.6840 0.7182 0.1279
vn -0.7056 0.6912 0.1563
vn -0.7025 0.6876 0.1837
vn -0.7622 0.6256 0.1666
vn -0.6896 0.6794 0.2508
vn -0.6781 0.6917 0.2484
vn -0.8471 0.4936 0.1970
vn -0.8498 0.4902 0.1936
vn -0.8469 0.4938 0.1972
vn -0.7677 0.5185 0.3766
vn -0.6627 0.6654 0.3436
vn -0.8958 0.3995 0.1948
vn -0.8676 0.3594 0.3438
vn -0.8711 0.4837 0.0846
vn -0.9354 0.3447 0.0792
vn -0.9016 0.3298 0.2798
vn -0.9066 0.3223 0.2724
vn -0.9012 0.3304 0.2804
vn -0.9400 0.3409 0.0140
vn -0.9280 0.3722 0.0143
vn -0.9284 0.3595 0.0938
vn -0.9258 0.3678 0.0871
vn -0.9256 0.3684 0.0867
vn -0.9366 0.3322 -0.1114
vn -0.9599 0.2570 -0.1123
vn -0.9647 0.2629 -0.0144
vn -0.9668 0.2545 -0.0220
vn -0.9646 0.2635 -0.0139
vn -0.9176 0.2708 -0.2911
vn -0.9474 0.1648 -0.2745
vn -0.9557 0.2754 -0.1035
vn -0.9553 0.2770 -0.1035
vn -0.9577 0.2684 -0.1038
vn -0.9304 0.2070 -0.3024
vn -0.9303 0.2070 -0.3028
vn -0.9316 0.2068 -0.2988
vn -0.9254 0.1432 -0.3509
vn -0.9509 0.1373 -0.2774
vn -0.8301 0.0995 -0.5487
vn -0.8101 0.1054 -0.5768
vn -0.9296 0.0832 -0.3590
vn -0.8141 0.0524 -0.5783
vn -0.7572 0.1919 -0.6244
vn -0.8037 0.1882 -0.5645
vn -0.6812 0.0802 -0.7277
vn -0.6583 0.1429 -0.7390
vn -0.7621 0.1440 -0.6313
vn -0.5877 0.1038 -0.8024
vn -0.5302 0.1007 -0.8419
vn -0.6602 0.1011 -0.7443
vn -0.4401 0.0102 -0.8979
vn -0.4402 0.0118 -0.8978
vn -0.4409 0.0186 -0.8974
vn -0.4556 -0.0088 -0.8901
vn -0.5249 -0.0154 -0.8510
vn -0.2895 0.0344 -0.9566
vn -0.2896 0.0352 -0.9565
vn -0.2901 0.0388 -0.9562
vn -0.3516 -0.0863 -0.9321
vn -0.4459 -0.1043 -0.8890
vn -0.4432 -0.0983 -0.8910
vn -0.4429 -0.0976 -0.8912
vn -0.2253 0.0438 -0.9733
vn -0.2248 0.0448 -0.9734
vn -0.2247 0.0450 -0.9734
vn -0.2529 -0.1406 -0.9572
vn -0.3395 -0.1502 -0.9285
vn -0.0234 -0.0231 -0.9995
vn -0.0274 -0.0313 -0.9991
vn -0.0281 -0.0326 -0.9991
vn -0.0506 -0.1442 -0.9883
vn -0.2455 -0.1571 -0.9566
vn -0.2481 -0.1628 -0.9550
vn -0.2484 -0.1636 -0.9547
vn 0.0335 -0.0764 -0.9965
vn 0.0664 -0.0387 -0.9970
vn -0.0664 -0.0480 -0.9966
vn 0.0889 -0.0996 -0.9911
vn 0.0903 -0.0972 -0.9912
vn 0.0905 -0.0967 -0.9912
vn 0.1093 -0.1115 -0.9877
vn 0.0758 -0.1116 -0.9909
vn 0.1168 -0.2463 -0.9621
vn 0.1143 -0.2503 -0.9614
vn 0.1139 -0.2508 -0.9613
vn 0.0375 -0.2501 -0.9675
vn 0.1186 -0.3113 -0.9429
vn 0.1226 -0.3053 -0.9443
vn 0.1231 -0.3045 -0.9445
vn -0.0003 -0.3015 -0.9535
vn -0.0001 -0.3029 -0.9530
vn 0.0008 -0.3098 -0.9508
vn 0.0740 -0.4251 -0.9021
vn 0.0388 -0.4247 -0.9045
vn 0.0656 -0.4524 -0.8894
vn 0.0650 -0.4524 -0.8894
vn 0.0721 -0.4524 -0.8889
vn 0.0727 -0.4524 -0.8888
vn 0.0607 -0.5172 -0.8537
vn 0.0615 -0.5173 -0.8536
vn 0.0530 -0.5171 -0.8543
vn 0.0523 -0.5171 -0.8543
vn -0.0038 -0.6481 -0.7616
vn 0.0014 -0.6484 -0.7613
vn -0.0048 -0.6344 -0.7730
vn -0.0089 -0.6379 -0.7700
vn -0.0091 -0.6382 -0.7698
vn 0.0838 -0.6394 -0.7643
vn -0.0615 -0.7382 -0.6717
vn 0.0359 -0.7355 -0.6766
vn 0.0313 -0.7400 -0.6719
vn 0.0312 -0.7402 -0.6717
vn 0.0559 -0.8496 -0.5245
vn 0.0567 -0.8495 -0.5246
vn 0.0503 -0.8503 -0.5239
vn 0.0495 -0.8504 -0.5238
vn 0.0546 -0.7335 -0.6775
vn 0.0766 -0.7080 -0.7021
vn 0.0204 -0.7193 -0.6944
vn -0.0519 -0.6901 -0.7218
vn -0.0529 -0.6903 -0.7216
vn -0.0474 -0.6892 -0.7230
vn -0.0466 -0.6890 -0.7232
vn -0.2509 -0.4282 -0.8681
vn -0.3462 -0.4695 -0.8123
vn -0.4249 -0.3207 -0.8465
vn -0.4115 -0.4375 -0.7995
vn -0.3876 -0.4815 -0.7861
vn -0.2886 -0.2515 -0.9238
vn 0.1526 -0.2032 -0.9672
vn 0.0276 -0.4485 -0.8934
vn -0.2017 -0.4697 -0.8595
vn -0.0857 -0.7622 -0.6416
vn -0.2396 -0.7430 -0.6249
vn -0.3722 -0.8261 -0.4231
vn -0.1139 -0.9002 -0.4204
vn -0.1239 -0.9550 -0.2695
vn 0.1860 -0.9091 -0.3727
vn 0.1519 -0.9581 -0.2430
vn 0.1519 -0.9542 -0.2578
vn 0.3175 -0.8917 -0.3227
vn 0.4503 -0.8603 -0.2391
vn 0.4663 -0.8760 0.1234
vn 0.4981 -0.8667 -0.0274
vn 0.4981 -0.8667 -0.0272
vn 0.4956 -0.8679 -0.0331
vn 0.3745 -0.9193 0.1213
vn 0.3664 -0.9289 0.0534
vn 0.4956 -0.8679 -0.0330
vn 0.4973 -0.8669 -0.0330
vn 0.4740 -0.8794 0.0448
vn 0.7379 -0.6749 0.0079
vn 0.7448 -0.6388 0.1928
vn 0.8480 -0.5262 0.0625
vn 0.7933 -0.5878 -0.1586
vn 0.9271 -0.3450 -0.1467
vn 0.8644 -0.4276 -0.2647
vn 0.8614 -0.4266 -0.2755
vn 0.9134 -0.2163 -0.3447
vn 0.8364 -0.4252 -0.3459
vn 0.7228 -0.6029 -0.3377
vn 0.6649 -0.4180 -0.6191
vn 0.5622 -0.6028 -0.5662
vn 0.6025 -0.7149 -0.3548
vn 0.6019 -0.7153 -0.3552
vn 0.6023 -0.7128 -0.3595
vn 0.3392 -0.8080 -0.4818
vn 0.4359 -0.6911 -0.5765
vn 0.4340 -0.7436 -0.5086
vn 0.3185 -0.7608 -0.5654
vn 0.4026 -0.6497 -0.6449
vn 0.4052 -0.6473 -0.6456
vn 0.4017 -0.6495 -0.6455
vn 0.4323 -0.7055 -0.5616
vn 0.3682 -0.6986 -0.6135
vn 0.2988 -0.7276 -0.6176
vn 0.2990 -0.7269 -0.6182
vn 0.3007 -0.7223 -0.6228
vn 0.3009 -0.7217 -0.6234
vn 0.3128 -0.6884 -0.6545
vn 0.3128 -0.6879 -0.6549
vn 0.3128 -0.6881 -0.6547
vn 0.2671 -0.7209 -0.6396
vn 0.2900 -0.5479 -0.7847
vn 0.1343 -0.6851 -0.7160
vn 0.1843 -0.5436 -0.8188
vn 0.4197 -0.5146 -0.7477
vn 0.4145 -0.5292 -0.7404
vn 0.4147 -0.5291 -0.7404
vn 0.4139 -0.5297 -0.7403
vn 0.2997 -0.5018 -0.8114
vn 0.3102 -0.3724 -0.8747
vn 0.2146 -0.4786 -0.8514
vn 0.2674 -0.3708 -0.8894
vn 0.4289 -0.3165 -0.8461
vn 0.4243 -0.3218 -0.8464
vn 0.4235 -0.3228 -0.8464
vn 0.4851 -0.3510 -0.8009
vn 0.3620 -0.3166 -0.8768
vn 0.3618 -0.3182 -0.8763
vn 0.3613 -0.3245 -0.8742
vn 0.3611 -0.3260 -0.8737
vn 0.2673 -0.3517 -0.8971
vn 0.2709 -0.3467 -0.8980
vn 0.2714 -0.3460 -0.8981
vn 0.2710 -0.3173 -0.9088
vn 0.2692 -0.3200 -0.9084
vn 0.2689 -0.3204 -0.9083
vn 0.4837 -0.2284 -0.8449
vn 0.4128 -0.3902 -0.8230
vn 0.3364 -0.2235 -0.9148
vn 0.3399 -0.2169 -0.9151
vn 0.3404 -0.2240 -0.9132
vn 0.3389 -0.2244 -0.9137
vn 0.2875 -0.2216 -0.9318
vn 0.2478 -0.2139 -0.9449
vn 0.4853 -0.1534 -0.8608
vn 0.4732 -0.2352 -0.8490
vn 0.4711 -0.2382 -0.8493
vn 0.4707 -0.2388 -0.8494
vn 0.3565 -0.1323 -0.9249
vn 0.3591 -0.0864 -0.9293
vn 0.2313 -0.1387 -0.9630
vn 0.2331 -0.0750 -0.9696
vn 0.2357 -0.0704 -0.9693
vn 0.2363 -0.0693 -0.9692
vn 0.2367 -0.0133 -0.9715
vn 0.0718 -0.0627 -0.9954
vn 0.0771 0.0043 -0.9970
vn 0.0771 0.0053 -0.9970
vn 0.0760 0.0134 -0.9970
vn 0.0794 0.0142 -0.9967
vn 0.0578 -0.0076 -0.9983
vn 0.0568 -0.0076 -0.9984
vn 0.0699 -0.0078 -0.9975
vn 0.0311 0.0126 -0.9994
vn 0.0300 0.0570 -0.9979
vn -0.0303 0.0532 -0.9981
vn -0.0286 0.0570 -0.9980
vn -0.0261 0.0543 -0.9982
vn -0.0235 0.0601 -0.9979
vn -0.0219 0.0550 -0.9982
vn -0.0218 0.0533 -0.9983
vn -0.2046 0.0596 -0.9770
vn -0.2199 0.0760 -0.9725
vn -0.2163 0.1041 -0.9708
vn -0.2202 0.0973 -0.9706
vn -0.2210 0.0958 -0.9706
vn -0.2640 0.1015 -0.9592
vn -0.2639 0.1013 -0.9592
vn -0.2636 0.1002 -0.9594
vn -0.2629 0.1013 -0.9595
vn -0.2629 0.1014 -0.9595
vn -0.2631 0.1154 -0.9578
vn -0.4448 0.1157 -0.8881
vn -0.4448 0.1144 -0.8883
vn -0.4447 0.1081 -0.8891
vn -0.4235 0.1379 -0.8953
vn -0.4235 0.1387 -0.8952
vn -0.4234 0.1423 -0.8947
vn -0.4234 0.1431 -0.8946
vn -0.5681 0.1174 -0.8146
vn -0.5290 0.1521 -0.8349
vn -0.5230 0.2374 -0.8186
vn -0.5229 0.2375 -0.8186
vn -0.5226 0.2381 -0.8187
vn -0.6615 0.0894 -0.7446
vn -0.6307 0.2414 -0.7375
vn -0.6240 0.2883 -0.7263
vn -0.7604 0.1955 -0.6194
vn -0.7644 0.2851 -0.5782
vn -0.7764 0.1964 -0.5989
vn -0.7663 0.3213 -0.5564
vn -0.8091 0.1942 -0.5547
vn -0.7887 0.3101 -0.5308
vn -0.9062 0.2379 -0.3496
vn -0.8926 0.2964 -0.3399
vn -0.8887 0.3034 -0.3438
vn -0.8883 0.3041 -0.3442
vn -0.8610 0.3848 -0.3325
vn -0.8642 0.3801 -0.3298
vn -0.8644 0.3798 -0.3296
vn -0.9246 0.3339 -0.1836
vn -0.9111 0.3710 -0.1794
vn -0.8350 0.5200 -0.1800
vn -0.9331 0.3472 -0.0935
vn -0.9347 0.3424 -0.0953
vn -0.9330 0.3476 -0.0932
vn -0.8888 0.4495 -0.0893
vn -0.8584 0.5083 -0.0695
vn -0.8721 0.4850 0.0646
vn -0.8716 0.4859 0.0647
vn -0.8747 0.4803 0.0644
vn -0.8752 0.4794 0.0643
vn -0.8106 0.5668 -0.1470
vn -0.8416 0.5177 -0.1538
vn -0.8427 0.5327 -0.0776
vn -0.7766 0.5508 -0.3060
vn -0.8375 0.4361 -0.3294
vn -0.7561 0.4523 -0.4730
vn -0.7000 0.5288 -0.4799
vn -0.7965 0.5280 -0.2946
vn -0.7971 0.5253 -0.2980
vn -0.7965 0.5282 -0.2944
vn -0.6967 0.4862 -0.5275
vn -0.6953 0.4876 -0.5279
vn -0.6952 0.4878 -0.5280
vn -0.6703 0.4579 -0.5839
vn -0.7327 0.4594 -0.5021
vn -0.6335 0.3894 -0.6686
vn -0.6397 0.3815 -0.6673
vn -0.6406 0.3803 -0.6671
vn -0.6700 0.3147 -0.6724
vn -0.7119 0.3139 -0.6282
vn -0.5085 0.3404 -0.7909
vn -0.5539 0.2015 -0.8078
vn -0.6871 0.2040 -0.6974
vn -0.3651 0.2372 -0.9002
vn -0.4108 0.1510 -0.8991
vn -0.5574 0.1646 -0.8137
vn -0.3091 0.2107 -0.9274
vn -0.3091 0.2118 -0.9272
vn -0.3089 0.2160 -0.9262
vn -0.2836 0.2525 -0.9251
vn -0.4020 0.2688 -0.8753
vn -0.1417 0.1938 -0.9707
vn -0.1901 0.0654 -0.9796
vn -0.2896 0.0827 -0.9536
vn -0.0290 0.1202 -0.9923
vn -0.0125 0.0910 -0.9958
vn -0.1899 0.1194 -0.9745
vn 0.0126 0.0571 -0.9983
vn 0.0126 0.0549 -0.9984
vn 0.0124 0.0478 -0.9988
vn 0.0253 0.0684 -0.9973
vn -0.0129 0.0740 -0.9972
vn -0.0126 0.0741 -0.9972
vn -0.0125 0.0742 -0.9972
vn 0.0789 0.0369 -0.9962
vn 0.1140 0.0897 -0.9894
vn 0.0259 0.1042 -0.9942
vn 0.2751 -0.0072 -0.9614
vn 0.2636 0.0455 -0.9636
vn 0.1139 0.0684 -0.9911
vn 0.4148 0.0437 -0.9089
vn 0.4134 -0.0478 -0.9093
vn 0.4097 -0.0548 -0.9106
vn 0.4087 -0.0567 -0.9109
vn 0.2639 -0.0280 -0.9642
vn 0.4768 -0.0592 -0.8770
vn 0.4768 -0.0590 -0.8770
vn 0.4768 -0.0585 -0.8771
vn 0.4984 -0.0214 -0.8667
vn 0.4984 -0.0224 -0.8667
vn 0.4982 -0.0256 -0.8667
vn 0.4104 -0.0014 -0.9119
vn 0.6042 -0.0858 -0.7922
vn 0.6478 -0.0631 -0.7592
vn 0.4981 -0.0266 -0.8667
vn 0.6894 -0.1666 -0.7049
vn 0.6893 -0.1674 -0.7048
vn 0.6892 -0.1705 -0.7042
vn 0.6900 -0.1694 -0.7037
vn 0.6903 -0.1690 -0.7035
vn 0.6364 -0.1569 -0.7552
vn 0.6916 -0.2117 -0.6905
vn 0.6916 -0.2118 -0.6905
vn 0.6917 -0.2110 -0.6906
vn 0.6374 -0.2033 -0.7432
vn 0.6681 -0.2430 -0.7033
vn 0.6679 -0.2435 -0.7032
vn 0.6726 -0.2445 -0.6985
vn 0.6090 -0.2347 -0.7576
vn 0.6738 -0.2378 -0.6996
vn 0.6745 -0.2369 -0.6992
vn 0.5721 -0.3324 -0.7498
vn 0.6242 -0.4020 -0.6699
vn 0.6180 -0.4078 -0.6721
vn 0.6174 -0.4083 -0.6723
vn 0.5118 -0.3279 -0.7941
vn 0.5867 -0.4803 -0.6520
vn 0.4978 -0.4696 -0.7292
vn 0.4971 -0.4651 -0.7325
vn 0.4979 -0.4701 -0.7288
vn 0.5476 -0.4733 -0.6900
vn 0.4809 -0.4977 -0.7218
vn 0.4172 -0.6829 -0.5997
vn 0.4334 -0.5326 -0.7269
vn 0.3714 -0.7006 -0.6093
vn 0.4445 -0.6831 -0.5794
vn 0.4452 -0.6823 -0.5799
vn 0.4415 -0.6869 -0.5773
vn 0.4025 -0.6695 -0.6243
vn 0.4196 -0.6516 -0.6320
vn 0.4101 -0.7016 -0.5828
vn 0.5105 -0.7867 -0.3470
vn 0.3780 -0.8756 -0.3007
vn 0.3784 -0.8757 -0.2998
vn 0.3805 -0.8761 -0.2962
vn 0.3815 -0.7310 -0.5658
vn 0.4163 -0.8966 -0.1511
vn 0.4138 -0.8988 -0.1445
vn 0.4136 -0.8990 -0.1440
vn 0.6190 -0.7613 -0.1930
vn 0.6003 -0.7152 -0.3579
vn 0.5756 -0.7872 -0.2214
vn 0.8016 -0.5492 -0.2362
vn 0.7787 -0.6041 -0.1697
vn 0.8245 -0.5525 -0.1219
vn 0.8670 -0.4837 -0.1194
vn 0.8609 -0.4265 -0.2773
vn 0.8909 -0.4479 0.0758
vn 0.8389 -0.5235 0.1494
vn 0.6168 -0.7806 0.1009
vn 0.6454 -0.7447 -0.1703
vn 0.2227 -0.9748 -0.0088
vn 0.6166 -0.7714 0.1572
vn 0.3908 -0.9194 -0.0438
vn 0.5264 -0.8435 -0.1070
vn 0.5123 -0.8478 -0.1371
vn 0.4780 -0.8666 -0.1434
vn 0.6622 -0.7330 -0.1554
vn 0.5745 -0.7956 -0.1924
vn 0.7391 -0.6446 -0.1954
vn 0.7087 -0.6937 -0.1282
vn 0.7081 -0.6944 -0.1282
vn 0.7139 -0.6883 -0.1283
vn 0.6986 -0.6868 -0.2005
vn 0.6974 -0.6892 -0.1963
vn 0.6974 -0.6894 -0.1960
vn 0.7259 -0.6574 -0.2020
vn 0.8378 -0.5136 -0.1850
vn 0.6323 -0.6729 -0.3840
vn 0.7601 -0.5022 -0.4122
vn 0.8064 -0.4051 -0.4309
vn 0.6511 -0.4988 -0.5721
vn 0.7309 -0.3899 -0.5601
vn 0.8533 -0.3656 -0.3718
vn 0.8534 -0.3655 -0.3717
vn 0.8527 -0.3664 -0.3725
vn 0.8883 -0.3538 -0.2929
vn 0.8761 -0.3775 -0.2999
vn 0.9112 -0.2662 -0.3143
vn 0.7197 -0.4188 -0.5538
vn 0.7140 -0.4243 -0.5569
vn 0.7137 -0.4246 -0.5570
vn 0.7905 -0.2285 -0.5682
vn 0.7904 -0.2292 -0.5681
vn 0.7897 -0.2322 -0.5678
vn 0.8550 -0.3026 -0.4213
vn 0.8741 -0.3104 -0.3735
vn 0.8791 -0.3149 -0.3577
vn 0.8904 -0.2683 -0.3677
vn 0.8939 -0.2620 -0.3638
vn 0.8944 -0.2610 -0.3632
vn 0.7686 -0.2628 -0.5833
vn 0.7691 -0.2609 -0.5835
vn 0.7710 -0.2526 -0.5846
vn 0.7861 -0.2282 -0.5744
vn 0.9176 -0.1576 -0.3649
vn 0.9188 -0.1547 -0.3631
vn 0.9191 -0.1542 -0.3627
vn 0.8801 -0.2648 -0.3941
vn 0.8800 -0.2650 -0.3941
vn 0.8796 -0.2664 -0.3940
vn 0.9269 -0.1571 -0.3409
vn 0.9375 -0.0610 -0.3425
vn 0.7998 -0.1818 -0.5720
vn 0.8002 -0.1797 -0.5722
vn 0.8014 -0.1714 -0.5730
vn 0.8613 -0.0439 -0.5062
vn 0.9182 -0.1260 -0.3755
vn 0.9180 -0.1259 -0.3762
vn 0.9209 -0.1269 -0.3685
vn 0.9279 -0.0771 -0.3648
vn 0.9275 -0.0770 -0.3657
vn 0.9318 -0.0783 -0.3545
vn 0.9212 -0.1270 -0.3679
vn 0.9283 -0.0579 -0.3673
vn 0.8637 -0.0849 -0.4968
vn 0.8615 -0.0345 -0.5066
vn 0.8621 -0.0197 -0.5064
vn 0.7162 0.0179 -0.6977
vn 0.7495 0.0060 -0.6619
vn 0.7482 0.0811 -0.6585
vn 0.6753 -0.0605 -0.7351
vn 0.6846 0.0927 -0.7230
vn 0.6846 0.0926 -0.7230
vn 0.5006 0.0962 -0.8603
vn 0.5176 0.1138 -0.8480
vn 0.5126 0.1654 -0.8425
vn 0.4107 0.0798 -0.9083
vn 0.4265 0.1684 -0.8887
vn 0.4180 0.2310 -0.8786
vn 0.3270 0.1152 -0.9380
vn 0.3607 0.2333 -0.9030
vn 0.3608 0.2323 -0.9032
vn 0.3611 0.2288 -0.9040
vn 0.3612 0.2278 -0.9042
vn 0.0803 0.1579 -0.9842
vn 0.0804 0.1565 -0.9844
vn 0.0804 0.1522 -0.9851
vn 0.1331 0.2427 -0.9609
vn 0.1331 0.2442 -0.9605
vn 0.1330 0.2493 -0.9592
vn 0.1330 0.2509 -0.9588
vn -0.0195 0.1571 -0.9874
vn 0.0189 0.2574 -0.9661
vn 0.0178 0.2374 -0.9713
vn 0.0180 0.2374 -0.9713
vn 0.0415 0.1890 -0.9811
vn 0.0468 0.1963 -0.9794
vn 0.0477 0.1975 -0.9791
vn 0.0176 0.2374 -0.9713
vn 0.0238 0.3162 -0.9484
vn -0.1339 0.3010 -0.9442
vn -0.1339 0.3018 -0.9439
vn -0.1337 0.3048 -0.9430
vn -0.1128 0.3323 -0.9364
vn -0.1035 0.4751 -0.8738
vn -0.1044 0.4740 -0.8743
vn -0.1046 0.4738 -0.8744
vn -0.2389 0.3139 -0.9189
vn -0.2109 0.4817 -0.8506
vn -0.2158 0.4239 -0.8796
vn -0.3285 0.4717 -0.8183
vn -0.3123 0.4329 -0.8456
vn -0.3125 0.4311 -0.8464
vn -0.3138 0.4224 -0.8503
vn -0.3141 0.4206 -0.8512
vn -0.5026 0.4169 -0.7574
vn -0.5425 0.4487 -0.7102
vn -0.5115 0.5530 -0.6577
vn -0.5582 0.5254 -0.6422
vn -0.5583 0.5581 -0.6139
vn -0.4675 0.7292 -0.4998
vn -0.5768 0.5844 -0.5708
vn -0.4931 0.7328 -0.4688
vn -0.3892 0.8395 -0.3791
vn -0.5225 0.7665 -0.3734
vn -0.4358 0.8460 -0.3073
vn -0.3102 0.9205 -0.2376
vn -0.4820 0.8475 -0.2221
vn -0.3391 0.9242 -0.1756
vn -0.3630 0.9103 -0.1990
vn -0.3873 0.9159 -0.1051
vn -0.4435 0.8891 -0.1131
vn -0.4622 0.8806 -0.1045
vn -0.5355 0.8438 -0.0349
vn -0.3996 0.9161 -0.0326
vn -0.7042 0.6819 -0.1977
vn -0.7258 0.6875 0.0232
vn -0.5120 0.7408 -0.4348
vn -0.5176 0.7417 -0.4266
vn -0.2911 0.8898 -0.3514
vn -0.4850 0.8317 -0.2703
vn -0.6487 0.7178 -0.2528
vn -0.2758 0.9364 -0.2172
vn -0.2230 0.9368 -0.2696
vn -0.3291 0.9072 -0.2620
vn -0.3290 0.9072 -0.2622
vn -0.3299 0.9072 -0.2611
vn -0.3256 0.8486 -0.4169
vn -0.7000 0.5792 -0.4178
vn -0.2600 0.7629 -0.5920
vn -0.2617 0.7577 -0.5978
vn -0.2596 0.7630 -0.5919
vn -0.3046 0.7614 -0.5722
vn -0.2622 0.7630 -0.5908
vn -0.2627 0.7622 -0.5917
vn -0.2091 0.7849 -0.5832
vn -0.1229 0.7332 -0.6688
vn -0.1551 0.6099 -0.7771
vn -0.2613 0.6253 -0.7354
vn -0.0058 0.5973 -0.8020
vn -0.0203 0.4368 -0.8993
vn -0.0220 0.4351 -0.9001
vn -0.0222 0.4348 -0.9002
vn -0.1660 0.4643 -0.8700
vn -0.1714 0.4587 -0.8719
vn -0.1721 0.4580 -0.8721
vn 0.0659 0.4224 -0.9040
vn 0.1127 0.5539 -0.8249
vn -0.0113 0.5724 -0.8199
vn 0.0523 0.4851 -0.8729
vn 0.0522 0.4842 -0.8734
vn 0.0521 0.4908 -0.8697
vn 0.0512 0.4914 -0.8695
vn 0.1062 0.4831 -0.8691
vn 0.1473 0.4844 -0.8623
vn 0.1352 0.3711 -0.9187
vn 0.0430 0.3774 -0.9250
vn 0.0438 0.3784 -0.9246
vn 0.0439 0.3785 -0.9245
vn 0.2582 0.3888 -0.8844
vn 0.2868 0.2286 -0.9303
vn 0.2867 0.2291 -0.9302
vn 0.2866 0.2306 -0.9299
vn 0.1353 0.2383 -0.9617
vn 0.4129 0.2054 -0.8873
vn 0.4133 0.2063 -0.8869
vn 0.4134 0.2065 -0.8869
vn 0.4120 0.2198 -0.8843
vn 0.4138 0.2245 -0.8823
vn 0.4142 0.2254 -0.8818
vn 0.2866 0.2311 -0.9298
vn 0.5417 0.2225 -0.8106
vn 0.5056 0.1745 -0.8449
vn 0.5054 0.1763 -0.8447
vn 0.5046 0.1819 -0.8440
vn 0.4202 0.1759 -0.8902
vn 0.5887 0.2706 -0.7617
vn 0.6200 0.1824 -0.7631
vn 0.5044 0.1837 -0.8437
vn 0.7298 0.1515 -0.6666
vn 0.7530 0.0567 -0.6556
vn 0.6317 0.0687 -0.7722
vn 0.8743 0.0102 -0.4852
vn 0.8743 0.0127 -0.4852
vn 0.8742 0.0219 -0.4850
vn 0.8900 0.0814 -0.4487
vn 0.7503 0.1063 -0.6526
vn 0.9085 0.0144 -0.4177
vn 0.9099 0.0196 -0.4145
vn 0.9101 0.0204 -0.4140
vn 0.9099 0.0130 -0.4147
vn 0.9080 0.0066 -0.4189
vn 0.9077 0.0055 -0.4196
vn 0.8925 0.0094 -0.4510
vn 0.9480 0.0045 -0.3182
vn 0.9611 -0.0288 -0.2746
vn 0.9096 -0.0003 -0.4154
vn 0.9078 -0.0060 -0.4193
vn 0.9075 -0.0069 -0.4199
vn 0.9858 -0.1135 -0.1237
vn 0.9859 -0.1131 -0.1236
vn 0.9859 -0.1130 -0.1236
vn 0.9892 -0.0959 -0.1107
vn 0.9580 -0.0768 -0.2764
vn 0.9909 -0.1326 0.0211
vn 0.9980 -0.0551 0.0309
vn 0.9932 -0.0458 -0.1073
vn 0.9864 -0.1627 0.0237
vn 0.9814 -0.1436 -0.1271
vn 0.9853 -0.1652 -0.0436
vn 0.9816 -0.1528 -0.1148
vn 0.9781 -0.2080 -0.0022
vn 0.9731 -0.1791 -0.1446
vn 0.9728 -0.1811 -0.1447
vn 0.9711 -0.1893 -0.1451
vn 0.9540 -0.2975 -0.0378
vn 0.9444 -0.2588 -0.2030
vn 0.9449 -0.2570 -0.2029
vn 0.9472 -0.2486 -0.2026
vn 0.9081 -0.4100 -0.0850
vn 0.8962 -0.3691 -0.2461
vn 0.8486 -0.5015 -0.1684
vn 0.8354 -0.4773 -0.2726
vn 0.8789 -0.4481 -0.1635
vn 0.8755 -0.4477 -0.1819
vn 0.8755 -0.4476 -0.1819
vn 0.8769 -0.4458 -0.1795
vn 0.7968 -0.5959 -0.0997
vn 0.7862 -0.5896 -0.1853
vn 0.7855 -0.5909 -0.1837
vn 0.7848 -0.5925 -0.1818
vn 0.8171 -0.5741 -0.0536
vn 0.8179 -0.5727 -0.0549
vn 0.8180 -0.5726 -0.0550
vn 0.7872 -0.6129 -0.0681
vn 0.7054 -0.6933 -0.1475
vn 0.7519 -0.6587 0.0281
vn 0.6256 -0.7795 -0.0318
vn 0.6713 -0.7370 -0.0794
vn 0.6097 -0.7922 -0.0239
vn 0.6040 -0.7968 -0.0164
vn 0.6033 -0.7973 -0.0154
vn 0.5083 -0.8598 -0.0483
vn 0.5334 -0.8445 -0.0477
vn 0.3904 -0.9051 0.1687
vn 0.3285 -0.9290 0.1704
vn 0.2537 -0.9484 0.1903
vn 0.6348 -0.7698 0.0667
vn 0.4745 -0.8693 0.1386
vn 0.4995 -0.8269 0.2582
vn 0.4993 -0.8271 0.2583
vn 0.5014 -0.8259 0.2578
vn 0.6794 -0.7267 0.1012
vn 0.5017 -0.8258 0.2577
vn 0.4573 -0.8766 0.1500
vn 0.4773 -0.8623 0.1694
vn 0.5418 -0.8312 0.1248
vn 0.6023 -0.7525 0.2663
vn 0.5600 -0.8103 0.1727
vn 0.5692 -0.7697 0.2890
vn 0.4671 -0.7255 0.5054
vn 0.4668 -0.7256 0.5055
vn 0.4681 -0.7252 0.5049
vn 0.2668 -0.8553 0.4441
vn 0.4682 -0.7252 0.5048
vn 0.4875 -0.6848 0.5417
vn 0.5109 -0.7936 0.3305
vn 0.5984 -0.6477 0.4716
vn 0.5968 -0.6462 0.4756
vn 0.5999 -0.6493 0.4675
vn 0.6792 -0.3655 0.6364
vn 0.6922 -0.6076 0.3895
vn 0.6318 -0.3861 0.6721
vn 0.6364 -0.3331 0.6957
vn 0.7743 -0.4609 0.4336
vn 0.7101 -0.2978 0.6380
vn 0.6858 -0.4593 0.5645
vn 0.6844 -0.4570 0.5681
vn 0.6843 -0.4569 0.5683
vn 0.7759 -0.3958 0.4913
vn 0.7770 -0.3981 0.4876
vn 0.7782 -0.4007 0.4835
vn 0.7751 -0.4123 0.4787
vn 0.7769 -0.4175 0.4713
vn 0.7770 -0.4178 0.4709
vn 0.8010 -0.3189 0.5067
vn 0.8560 -0.3745 0.3563
vn 0.8650 -0.2932 0.4073
vn 0.8697 -0.2647 0.4167
vn 0.9167 -0.3352 0.2175
vn 0.9327 -0.2670 0.2426
vn 0.9552 -0.1716 0.2413
vn 0.9499 -0.2338 0.2074
vn 0.9577 -0.1815 0.2234
vn 0.9750 -0.0512 0.2163
vn 0.9750 -0.0508 0.2165
vn 0.9750 -0.0508 0.2161
vn 0.9901 -0.0749 0.1184
vn 0.9911 -0.0484 0.1241
vn 0.9637 0.0340 0.2648
vn 0.9670 -0.0519 0.2494
vn 0.9748 -0.0579 0.2152
vn 0.9748 -0.0588 0.2151
vn 0.9726 -0.0785 0.2189
vn 0.9725 -0.0800 0.2187
vn 0.9729 -0.0691 0.2205
vn 0.9764 -0.1303 0.1722
vn 0.9713 -0.1699 0.1662
vn 0.9915 -0.0243 0.1275
vn 0.9854 -0.1603 0.0573
vn 0.9937 -0.0928 0.0631
vn 0.9910 0.1278 0.0407
vn 0.9904 -0.0342 -0.1341
vn 0.9844 0.1694 -0.0480
vn 0.9962 0.0702 -0.0516
vn 0.9493 0.0719 -0.3060
vn 0.9529 0.0766 -0.2933
vn 0.9476 0.1273 -0.2931
vn 0.9325 0.0573 -0.3567
vn 0.9247 0.1359 -0.3556
vn 0.9239 0.1297 -0.3601
vn 0.9238 0.1289 -0.3606
vn 0.8877 0.3028 -0.3469
vn 0.8723 0.1373 -0.4692
vn 0.8506 0.3029 -0.4298
vn 0.8103 0.4186 -0.4102
vn 0.8104 0.4186 -0.4099
vn 0.8119 0.4187 -0.4068
vn 0.7001 0.2475 -0.6697
vn 0.6607 0.3700 -0.6531
vn 0.7145 0.2430 -0.6561
vn 0.6290 0.1964 -0.7522
vn 0.6200 0.2356 -0.7484
vn 0.6184 0.2294 -0.7517
vn 0.6181 0.2285 -0.7521
vn 0.5837 0.3663 -0.7246
vn 0.5824 0.3600 -0.7289
vn 0.5822 0.3591 -0.7294
vn 0.5306 0.2261 -0.8169
vn 0.4774 0.3495 -0.8062
vn 0.4246 0.5101 -0.7480
vn 0.4246 0.5102 -0.7479
vn 0.4247 0.5105 -0.7477
vn 0.4177 0.3872 -0.8220
vn 0.3500 0.5091 -0.7863
vn 0.3447 0.5181 -0.7828
vn 0.3461 0.5210 -0.7803
vn 0.3462 0.5212 -0.7800
vn 0.2308 0.5588 -0.7966
vn 0.2404 0.5169 -0.8216
vn 0.2451 0.5242 -0.8156
vn 0.2457 0.5251 -0.8148
vn 0.2705 0.3801 -0.8845
vn 0.1986 0.5189 -0.8314
vn 0.1425 0.3928 -0.9085
vn 0.1227 0.6406 -0.7580
vn 0.1225 0.6406 -0.7580
vn 0.1254 0.6402 -0.7579
vn 0.0424 0.4784 -0.8771
vn 0.1257 0.6401 -0.7579
vn 0.1276 0.7612 -0.6359
vn 0.1691 0.5496 -0.8181
vn 0.1560 0.7551 -0.6368
vn 0.1600 0.8158 -0.5557
vn 0.0256 0.8059 -0.5915
vn 0.1072 0.8288 -0.5491
vn 0.0375 0.7534 -0.6565
vn 0.3095 0.5498 -0.7758
vn 0.3639 0.4534 -0.8136
vn 0.4225 0.5152 -0.7457
vn 0.4228 0.5143 -0.7461
vn 0.5269 0.5138 -0.6770
vn 0.8787 0.2080 -0.4296
vn 0.8450 0.3445 -0.4090
vn 0.8428 0.3481 -0.4105
vn 0.8454 0.3439 -0.4087
vn 0.7086 0.3337 -0.6217
vn 0.8439 0.3139 -0.4351
vn 0.8331 0.3484 -0.4296
vn 0.9207 0.3323 -0.2048
vn 0.9201 0.3338 -0.2047
vn 0.9182 0.3394 -0.2042
vn 0.9280 0.2654 -0.2614
vn 0.9277 0.2668 -0.2613
vn 0.9263 0.2720 -0.2608
vn 0.8121 0.4187 -0.4065
vn 0.9399 0.3324 -0.0776
vn 0.9645 0.2561 -0.0636
vn 0.9259 0.2734 -0.2607
vn 0.9745 0.2209 0.0396
vn 0.9829 0.1797 0.0393
vn 0.9815 0.1862 0.0447
vn 0.9813 0.1870 0.0453
vn 0.9779 0.1983 -0.0666
vn 0.9779 0.1981 -0.0667
vn 0.9778 0.1986 -0.0664
vn 0.9751 0.1672 0.1454
vn 0.9898 0.0684 0.1252
vn 0.9962 0.0771 0.0399
vn 0.9709 0.0334 0.2372
vn 0.9708 0.0344 0.2373
vn 0.9710 0.0244 0.2378
vn 0.9706 0.0231 0.2396
vn 0.9839 0.1216 0.1308
vn 0.9632 0.0295 0.2672
vn 0.9620 0.0222 0.2720
vn 0.9633 0.0300 0.2669
vn 0.9635 -0.1059 0.2457
vn 0.9661 -0.0962 0.2394
vn 0.9634 -0.1066 0.2462
vn 0.9721 -0.0258 0.2332
vn 0.8832 -0.1512 0.4439
vn 0.8834 -0.1497 0.4441
vn 0.8825 -0.1598 0.4424
vn 0.8823 -0.1613 0.4421
vn 0.9671 -0.0787 0.2420
vn 0.9066 -0.0075 0.4218
vn 0.9070 -0.0421 0.4191
vn 0.9090 0.0419 0.4147
vn 0.8235 -0.1020 0.5580
vn 0.8805 -0.0946 0.4646
vn 0.8792 -0.0974 0.4664
vn 0.8805 -0.0944 0.4645
vn 0.8306 -0.2184 0.5123
vn 0.8741 -0.1934 0.4457
vn 0.7611 -0.2126 0.6129
vn 0.7478 -0.2901 0.5971
vn 0.7485 -0.2892 0.5967
vn 0.7477 -0.2903 0.5972
vn 0.8302 -0.2736 0.4857
vn 0.6281 -0.2720 0.7290
vn 0.6283 -0.2719 0.7289
vn 0.6303 -0.2700 0.7279
vn 0.6338 -0.4509 0.6285
vn 0.6337 -0.4514 0.6282
vn 0.6328 -0.4548 0.6266
vn 0.7165 -0.4300 0.5493
vn 0.6364 -0.3911 0.6648
vn 0.6995 -0.4214 0.5772
vn 0.6327 -0.4553 0.6264
vn 0.6626 -0.3631 0.6551
vn 0.6500 -0.3882 0.6533
vn 0.6570 -0.3934 0.6431
vn 0.6497 -0.3880 0.6537
vn 0.7119 -0.3536 0.6068
vn 0.5151 -0.4605 0.7229
vn 0.5341 -0.5463 0.6452
vn 0.6233 -0.5062 0.5960
vn 0.3883 -0.5674 0.7261
vn 0.3635 -0.6731 0.6441
vn 0.3640 -0.6734 0.6435
vn 0.5102 -0.6248 0.5911
vn 0.1923 -0.7141 0.6731
vn 0.2489 -0.8230 0.5106
vn 0.3075 -0.8078 0.5029
vn 0.3051 -0.8066 0.5062
vn 0.3099 -0.8091 0.4994
vn 0.3815 -0.8325 0.4018
vn 0.2732 -0.8646 0.4217
vn 0.3650 -0.8156 0.4489
vn 0.3974 -0.8031 0.4440
vn 0.3195 -0.8453 0.4282
vn 0.2697 -0.9146 0.3012
vn 0.3146 -0.9006 0.2999
vn 0.3090 -0.9001 0.3071
vn 0.3148 -0.9006 0.2997
vn 0.2993 -0.8430 0.4470
vn 0.2926 -0.8451 0.4473
vn 0.2999 -0.8431 0.4463
vn 0.3536 -0.8246 0.4417
vn 0.0999 -0.8919 0.4410
vn 0.2883 -0.8467 0.4472
vn 0.2985 -0.8436 0.4464
vn 0.2039 -0.8149 0.5425
vn 0.3974 -0.7640 0.5083
vn 0.3478 -0.7872 0.5093
vn 0.6153 -0.6870 0.3865
vn 0.6263 -0.6222 0.4696
vn 0.3587 -0.9082 0.2158
vn 0.5601 -0.8128 0.1599
vn 0.2568 -0.7852 0.5634
vn 0.3696 -0.8912 0.2630
vn 0.0598 -0.9294 0.3643
vn 0.0638 -0.9283 0.3663
vn 0.0648 -0.9281 0.3668
vn 0.0734 -0.9745 0.2119
vn 0.3654 -0.9080 0.2051
vn -0.0289 -0.9416 0.3355
vn -0.0957 -0.9947 0.0372
vn 0.2545 -0.9655 0.0544
vn -0.3554 -0.9347 0.0095
vn -0.2688 -0.9102 -0.3150
vn -0.0898 -0.9488 -0.3029
vn -0.4353 -0.8600 -0.2663
vn -0.4420 -0.8587 -0.2594
vn -0.4422 -0.8586 -0.2593
vn -0.4122 -0.7921 -0.4501
vn -0.4120 -0.7921 -0.4503
vn -0.4131 -0.7921 -0.4494
vn -0.2566 -0.8670 -0.4271
vn -0.5207 -0.6564 -0.5459
vn -0.3945 -0.7639 -0.5108
vn -0.5270 -0.7111 -0.4654
vn -0.5289 -0.7110 -0.4634
vn -0.5292 -0.7110 -0.4631
vn -0.6509 -0.5991 -0.4662
vn -0.6187 -0.7667 -0.1718
vn -0.6867 -0.7089 -0.1607
vn -0.6866 -0.7090 -0.1610
vn -0.6865 -0.7090 -0.1613
vn -0.6140 -0.7893 -0.0056
vn -0.6640 -0.7476 0.0114
vn -0.7422 -0.6696 0.0277
vn -0.5487 -0.8095 0.2091
vn -0.6111 -0.7528 0.2448
vn -0.4353 -0.8975 0.0707
vn -0.4681 -0.7670 0.4388
vn -0.3093 -0.9015 0.3026
vn -0.2539 -0.9399 0.2282
vn -0.4035 -0.8823 0.2424
vn -0.3525 -0.9170 0.1866
vn -0.2973 -0.9365 0.1862
vn -0.2744 -0.8833 0.3802
vn -0.1994 -0.9575 0.2084
vn -0.2285 -0.9397 0.2545
vn -0.1061 -0.9650 0.2399
vn -0.1123 -0.9640 0.2412
vn -0.1058 -0.9650 0.2398
vn -0.1362 -0.9401 0.3124
vn -0.1389 -0.9395 0.3131
vn -0.1332 -0.9408 0.3116
vn -0.2032 -0.8595 0.4690
vn -0.0115 -0.9301 0.3672
vn -0.0412 -0.8470 0.5300
vn -0.0688 -0.7724 0.6314
vn -0.0894 -0.8418 0.5324
vn -0.1239 -0.7768 0.6174
vn -0.1319 -0.7221 0.6790
vn -0.1353 -0.7198 0.6808
vn -0.1356 -0.7196 0.6810
vn 0.1121 -0.7628 0.6369
vn 0.1191 -0.7662 0.6315
vn 0.1192 -0.7662 0.6314
vn 0.0953 -0.6889 0.7186
vn 0.0864 -0.5941 0.7997
vn 0.0865 -0.5942 0.7996
vn 0.0860 -0.5939 0.7999
vn 0.1933 -0.6863 0.7011
vn 0.1931 -0.6862 0.7013
vn 0.1941 -0.6869 0.7004
vn 0.2119 -0.5666 0.7962
vn 0.2103 -0.4791 0.8522
vn 0.1450 -0.5685 0.8098
vn 0.1372 -0.4947 0.8582
vn 0.1387 -0.4244 0.8948
vn 0.3619 -0.4542 0.8141
vn 0.3618 -0.4542 0.8141
vn 0.3573 -0.4510 0.8179
vn 0.2994 -0.3941 0.8690
vn 0.2998 -0.3798 0.8751
vn 0.4798 -0.4002 0.7808
vn 0.5382 -0.3302 0.7754
vn 0.5428 -0.2668 0.7964
vn 0.5534 -0.2750 0.7862
vn 0.5573 -0.2367 0.7959
vn 0.5586 -0.2367 0.7949
vn 0.5673 -0.2369 0.7887
vn 0.4786 -0.5410 0.6915
vn 0.6175 -0.2592 0.7427
vn 0.6133 -0.2632 0.7447
vn 0.6090 -0.2675 0.7468
vn 0.5654 -0.4599 0.6846
vn 0.7414 -0.1961 0.6418
vn 0.7308 -0.2071 0.6504
vn 0.7446 -0.0810 0.6626
vn 0.6955 -0.1164 0.7090
vn 0.8269 -0.0772 0.5571
vn 0.7592 -0.1113 0.6413
vn 0.1884 -0.7460 0.6388
vn -0.0032 -0.7969 0.6041
vn 0.2333 -0.7582 0.6088
vn -0.0634 -0.8874 0.4566
vn -0.0011 -0.8840 0.4675
vn 0.0091 -0.8877 0.4603
vn -0.0013 -0.8839 0.4676
vn -0.0652 -0.9630 0.2615
vn 0.0045 -0.9606 0.2779
vn -0.0195 -0.9681 0.2500
vn -0.1007 -0.9052 0.4129
vn -0.0814 -0.9045 0.4187
vn -0.2431 -0.7949 0.5559
vn -0.2432 -0.7946 0.5563
vn -0.2441 -0.7921 0.5594
vn -0.1426 -0.7971 0.5868
vn -0.0432 -0.8460 0.5315
vn -0.0639 -0.8474 0.5271
vn -0.0571 -0.8082 0.5861
vn 0.0446 -0.8014 0.5964
vn 0.0467 -0.8018 0.5957
vn 0.0441 -0.8013 0.5966
vn -0.3328 -0.8158 0.4729
vn -0.2812 -0.9028 0.3253
vn -0.0608 -0.9309 0.3603
vn -0.0607 -0.9309 0.3603
vn -0.0608 -0.9309 0.3602
vn -0.4402 -0.8301 0.3423
vn -0.4348 -0.8702 0.2317
vn -0.3001 -0.8976 0.3230
vn -0.3002 -0.8972 0.3238
vn -0.2985 -0.9017 0.3128
vn -0.5682 -0.7541 0.3294
vn -0.5684 -0.7540 0.3293
vn -0.5735 -0.7520 0.3250
vn -0.5678 -0.7388 0.3630
vn -0.3271 -0.7844 0.5270
vn -0.3201 -0.7870 0.5274
vn -0.3285 -0.7839 0.5268
vn -0.3548 -0.8903 0.2853
vn -0.3562 -0.8908 0.2821
vn -0.3565 -0.8909 0.2816
vn -0.0662 -0.8913 0.4486
vn -0.0498 -0.9137 0.4034
vn -0.0479 -0.9134 0.4042
vn -0.0580 -0.9146 0.4003
vn -0.5445 -0.7847 0.2963
vn -0.5346 -0.7904 0.2991
vn -0.5418 -0.7840 0.3031
vn -0.5349 -0.7901 0.2993
vn -0.4391 -0.8984 0.0065
vn -0.4348 -0.9005 0.0108
vn -0.4347 -0.9005 0.0110
vn -0.5867 -0.5401 -0.6034
vn -0.5926 -0.5385 -0.5990
vn -0.5936 -0.5383 -0.5983
vn 0.7635 -0.0067 0.6457
vn 0.8743 -0.0492 0.4830
vn 0.9083 -0.0417 0.4163
vn 0.9540 0.1007 0.2822
vn 0.9561 0.1937 0.2198
vn 0.9661 0.1896 0.1752
vn 0.9658 0.1911 0.1752
vn 0.9644 0.1981 0.1753
vn 0.9507 0.3093 0.0238
vn 0.9680 0.2339 -0.0914
vn 0.9090 0.3167 -0.2708
vn 0.9057 0.3228 -0.2747
vn 0.9095 0.3159 -0.2703
vn 0.9756 -0.1843 0.1190
vn 0.9244 -0.3494 0.1530
vn 0.9440 -0.3130 0.1040
vn 0.9528 -0.2550 0.1647
vn 0.9419 -0.3123 0.1238
vn 0.8621 -0.4654 0.2004
vn 0.9105 -0.4120 0.0335
vn 0.9073 -0.4188 0.0360
vn 0.9108 -0.4116 0.0333
vn 0.8605 -0.4913 0.1347
vn 0.8776 -0.4792 0.0128
vn 0.8518 -0.5239 0.0001
vn 0.8471 -0.5309 -0.0238
vn 0.8435 -0.5363 0.0291
vn 0.8436 -0.5361 0.0292
vn 0.8429 -0.5373 0.0286
vn 0.8428 -0.5375 0.0285
vn 0.8075 -0.5845 0.0793
vn 0.7466 -0.6513 0.1353
vn 0.7473 -0.6505 0.1357
vn 0.7413 -0.6581 0.1317
vn 0.7407 -0.6588 0.1313
vn 0.7532 -0.6562 0.0449
vn 0.7506 -0.6591 0.0479
vn 0.7504 -0.6592 0.0481
vn 0.5391 -0.7808 0.3159
vn 0.5357 -0.7803 0.3227
vn 0.5707 -0.7522 0.3295
vn 0.5704 -0.7523 0.3298
vn 0.5935 -0.7519 0.2870
vn 0.6160 -0.7130 0.3350
vn 0.6731 -0.6382 0.3735
vn 0.6740 -0.6380 0.3724
vn 0.6687 -0.6396 0.3791
vn 0.5852 -0.7181 0.3767
vn 0.6679 -0.6399 0.3801
vn 0.7399 -0.5002 0.4497
vn 0.7399 -0.5002 0.4498
vn 0.7397 -0.4998 0.4506
vn 0.8039 -0.5889 0.0831
vn 0.8760 -0.4287 0.2209
vn 0.8872 -0.3987 0.2322
vn 0.8933 -0.4409 0.0870
vn 0.9207 -0.3665 0.1340
vn 0.9210 -0.3655 0.1345
vn 0.9211 -0.3655 0.1345
vn 0.9214 -0.3645 0.1349
vn 0.6318 -0.7357 0.2441
vn 0.4619 -0.8532 0.2423
vn -0.0085 0.7940 -0.6079
vn -0.0088 0.7930 -0.6091
vn -0.0106 0.7868 -0.6171
vn -0.6345 0.4939 -0.5945
vn -0.6029 0.4828 -0.6351
vn -0.5989 0.4868 -0.6359
vn -0.5964 0.4895 -0.6362
vn -0.4644 0.4039 -0.7882
vn -0.3945 0.3515 -0.8490
vn -0.2239 0.1901 -0.9559
vn -0.2244 0.1901 -0.9558
vn -0.2176 0.1895 -0.9575
vn -0.2162 0.2170 -0.9519
vn 0.0413 0.2028 -0.9784
vn 0.0097 0.1320 -0.9912
vn 0.0644 0.0365 -0.9973
vn 0.2852 0.0497 -0.9572
vn 0.2867 0.0532 -0.9565
vn 0.2871 0.0542 -0.9564
vn 0.3995 0.0458 -0.9156
vn 0.3994 0.0467 -0.9156
vn 0.3992 0.0496 -0.9155
vn 0.4739 0.0036 -0.8806
vn 0.6918 -0.0262 -0.7216
vn 0.6916 -0.0267 -0.7218
vn 0.6923 -0.0291 -0.7210
vn 0.6927 -0.0697 -0.7179
vn 0.5568 -0.6318 -0.5392
vn 0.5851 -0.7383 -0.3355
vn 0.5759 -0.7962 -0.1856
vn 0.5725 -0.8007 -0.1762
vn 0.5724 -0.8010 -0.1757
vn 0.4306 -0.8992 -0.0776
vn -0.8158 0.5724 0.0828
vn 0.1827 -0.7020 -0.6883
vn 0.1828 -0.7020 -0.6884
vn 0.1817 -0.7028 -0.6878
vn 0.2338 -0.7585 -0.6083
vn 0.1786 -0.7607 -0.6241
vn 0.0202 -0.8370 -0.5468
vn -0.1678 -0.8203 -0.5467
vn -0.0580 -0.7785 -0.6250
vn 0.0728 -0.6722 -0.7368
vn -0.0830 -0.6674 -0.7401
vn 0.1496 -0.4173 -0.8964
vn -0.0054 -0.4206 -0.9072
vn 0.3196 -0.4691 -0.8233
vn 0.2377 -0.2523 -0.9380
vn 0.1396 -0.2535 -0.9572
vn 0.2319 -0.3778 -0.8964
vn 0.2071 -0.3795 -0.9017
vn 0.2259 -0.6589 -0.7175
vn 0.2545 -0.6893 -0.6783
vn 0.3753 -0.8601 -0.3455
vn 0.2405 -0.7844 -0.5718
vn 0.2041 -0.9220 -0.3291
vn 0.2268 -0.9215 -0.3151
vn 0.2268 -0.9213 -0.3159
vn 0.2269 -0.9238 -0.3083
vn 0.3086 -0.9055 -0.2914
vn 0.3415 -0.9310 -0.1292
vn 0.7876 -0.5874 -0.1859
vn 0.6469 -0.5358 -0.5425
vn 0.2754 -0.4078 -0.8706
vn 0.2872 -0.1975 -0.9373
vn 0.4537 -0.3913 -0.8007
vn 0.5404 -0.0815 -0.8375
vn 0.4804 -0.4085 -0.7761
vn 0.4793 -0.4071 -0.7775
vn 0.4791 -0.4069 -0.7778
vn 0.4330 -0.3888 -0.8133
vn 0.4321 -0.3875 -0.8143
vn 0.4320 -0.3874 -0.8144
vn 0.5625 -0.0513 -0.8252
vn 0.2244 -0.7987 -0.5584
vn 0.3094 -0.7826 -0.5402
vn 0.2604 -0.7568 -0.5995
vn 0.2556 -0.7384 -0.6241
vn 0.2276 -0.7787 -0.5847
vn 0.7503 -0.1382 -0.6465
vn 0.3827 -0.9192 -0.0934
vn 0.8516 -0.5162 -0.0915
vn 0.8512 -0.5169 -0.0916
vn 0.8546 -0.5112 -0.0908
vn -0.8681 0.4836 0.1121
vn 0.8360 0.5188 0.1787
vn 0.8357 0.5189 0.1797
vn 0.8335 0.5198 0.1873
vn 0.8719 0.4510 0.1908
vn 0.8418 0.5374 0.0509
vn 0.8402 0.5403 0.0471
vn 0.8419 0.5373 0.0511
vn 0.8369 0.5078 0.2042
vn 0.8374 0.5070 0.2043
vn 0.8348 0.5116 0.2036
vn 0.8343 0.5123 0.2034
vn 0.8675 0.4234 0.2610
vn 0.8852 0.3827 0.2646
vn 0.9019 0.3778 0.2094
vn 0.9015 0.3797 0.2074
vn 0.9019 0.3777 0.2095
vn 0.7929 0.4119 0.4491
vn 0.8740 0.1955 0.4449
vn 0.9132 0.3264 0.2438
vn 0.8275 0.2022 0.5238
vn 0.8277 0.2017 0.5237
vn 0.8262 0.2060 0.5244
vn 0.8260 0.2066 0.5244
vn 0.8459 0.2218 0.4850
vn 0.8446 0.2120 0.4917
vn 0.8459 0.2221 0.4849
vn 0.7877 -0.0165 0.6158
vn 0.7122 0.4271 0.5572
vn 0.6789 0.3106 0.6653
vn 0.5888 0.4851 0.6465
vn 0.6594 0.3131 0.6835
vn 0.7538 0.2876 0.5908
vn 0.6565 0.1434 0.7406
vn 0.6644 0.0920 0.7417
vn 0.6283 -0.0251 0.7776
vn 0.5994 0.0534 0.7987
vn 0.6136 -0.1083 0.7822
vn 0.6129 -0.1082 0.7827
vn 0.6061 -0.1079 0.7881
vn 0.6385 -0.0563 0.7675
vn 0.5565 0.2666 0.7869
vn 0.6004 0.1175 0.7910
vn 0.6485 0.0945 0.7553
vn 0.3979 -0.1194 0.9096
vn 0.4022 -0.1511 0.9030
vn 0.4014 -0.1513 0.9033
vn 0.3966 -0.1524 0.9053
vn 0.4919 0.0267 0.8702
vn 0.1547 -0.2194 0.9633
vn 0.1547 -0.2193 0.9633
vn 0.1547 -0.2195 0.9633
vn 0.3814 -0.1793 0.9069
vn 0.3813 -0.1782 0.9071
vn 0.3818 -0.1840 0.9057
vn 0.1649 -0.0716 0.9837
vn 0.1640 -0.2173 0.9622
vn 0.2025 -0.1989 0.9589
vn 0.0828 -0.1840 0.9794
vn 0.0969 -0.3363 0.9368
vn 0.2205 -0.2550 0.9414
vn -0.1892 -0.3444 0.9196
vn -0.1890 -0.3456 0.9191
vn -0.1901 -0.3382 0.9217
vn -0.1903 -0.3370 0.9221
vn 0.1296 -0.3154 0.9401
vn 0.1295 -0.3156 0.9400
vn 0.1278 -0.3177 0.9395
vn -0.2811 -0.3817 0.8805
vn -0.2337 -0.4462 0.8639
vn -0.1940 -0.4483 0.8726
vn -0.1923 -0.4462 0.8740
vn -0.1961 -0.4507 0.8709
vn -0.3275 -0.4229 0.8449
vn -0.3279 -0.4198 0.8464
vn -0.2989 -0.4578 0.8373
vn -0.2322 -0.4597 0.8572
vn -0.4822 -0.4188 0.7695
vn -0.4779 -0.4122 0.7757
vn -0.4827 -0.4196 0.7687
vn -0.4751 -0.5894 0.6534
vn -0.4753 -0.5882 0.6543
vn -0.4765 -0.5826 0.6584
vn -0.2772 -0.6087 0.7434
vn -0.5125 -0.6103 0.6040
vn -0.5696 -0.5730 0.5893
vn -0.4768 -0.5814 0.6593
vn -0.6061 -0.6060 0.5152
vn -0.5143 -0.7270 0.4550
vn -0.4872 -0.7266 0.4845
vn -0.6287 -0.6882 0.3621
vn -0.5511 -0.7720 0.3167
vn -0.4335 -0.7351 0.5212
vn -0.5736 -0.7945 0.1995
vn -0.4594 -0.8759 0.1474
vn -0.4378 -0.8597 0.2631
vn -0.4662 -0.8845 0.0181
vn -0.4661 -0.8845 0.0178
vn -0.4423 -0.8968 0.0101
vn -0.4362 -0.8976 0.0635
vn -0.4359 -0.8978 0.0634
vn -0.4383 -0.8965 0.0644
vn -0.3958 -0.9114 -0.1123
vn -0.3953 -0.9117 -0.1124
vn -0.4047 -0.9078 -0.1104
vn -0.4054 -0.9075 -0.1103
vn -0.4323 -0.8800 -0.1968
vn -0.4560 -0.8648 -0.2104
vn -0.4056 -0.8866 -0.2225
vn -0.5056 -0.8428 -0.1845
vn -0.5904 -0.8044 0.0655
vn -0.6041 -0.7399 0.2962
vn -0.6392 -0.6377 0.4299
vn -0.6648 -0.5313 0.5251
vn -0.6653 -0.5339 0.5218
vn -0.6648 -0.5312 0.5253
vn -0.5974 -0.4099 0.6893
vn -0.4822 -0.3665 0.7958
vn -0.3176 -0.3627 0.8761
vn -0.2680 -0.3292 0.9054
vn -0.1757 -0.1919 0.9655
vn -0.1708 -0.1854 0.9677
vn -0.1760 -0.1923 0.9654
vn 0.1066 -0.0827 0.9909
vn 0.1100 -0.1333 0.9849
vn 0.1102 -0.1310 0.9852
vn 0.1095 -0.1422 0.9838
vn 0.1601 -0.0936 0.9827
vn 0.3577 0.1975 0.9127
vn 0.4216 -0.0026 0.9068
vn 0.5864 0.0781 0.8063
vn 0.6573 0.1963 0.7276
vn 0.8201 -0.0074 0.5722
vn 0.7595 0.1770 0.6260
vn 0.7412 0.3433 0.5769
vn 0.7706 0.4465 0.4548
vn 0.8433 0.5155 0.1522
vn 0.8439 0.5144 0.1524
vn 0.8400 0.5211 0.1513
vn -0.7289 0.5027 0.4647
vn 0.5728 0.8109 -0.1203
vn -0.3992 -0.8726 -0.2814
vn -0.3210 0.7097 0.6271
vn 0.6945 0.6589 -0.2890
vn 0.6946 0.6588 -0.2889
vn 0.6935 0.6594 -0.2905
vn 0.5340 0.7937 -0.2912
vn 0.3630 0.8920 0.2694
vn 0.3142 0.9232 0.2215
vn 0.6107 0.7884 -0.0747
vn 0.4319 0.8987 0.0758
vn 0.5364 0.8329 0.1365
vn 0.4619 0.8808 0.1045
vn 0.2136 0.9566 0.1983
vn 0.3807 0.8399 0.3869
vn 0.3807 0.8399 0.3868
vn 0.3806 0.8398 0.3871
vn 0.3514 0.8647 0.3589
vn 0.5153 0.6674 0.5376
vn 0.5167 0.6805 0.5196
vn 0.5958 0.5517 0.5837
vn 0.5046 0.5508 0.6648
vn 0.5406 0.4603 0.7042
vn 0.3821 0.4249 0.8207
vn 0.4080 0.2569 0.8761
vn 0.2099 0.3793 0.9011
vn 0.2098 0.3792 0.9012
vn 0.2088 0.3778 0.9020
vn 0.2135 0.3553 0.9100
vn 0.0222 0.1987 0.9798
vn 0.0137 0.2459 0.9692
vn 0.0611 0.2469 0.9671
vn 0.0685 0.1867 0.9800
vn -0.0178 0.1644 0.9862
vn -0.0204 0.1579 0.9872
vn -0.0139 0.1584 0.9873
vn -0.0138 0.1568 0.9875
vn -0.2964 0.0242 0.9548
vn -0.2969 0.0797 0.9516
vn -0.2899 0.0614 0.9551
vn -0.2955 0.0536 0.9538
vn -0.2892 0.0623 0.9552
vn -0.2886 0.0846 0.9537
vn -0.5166 0.0257 0.8558
vn -0.5177 0.0238 0.8552
vn -0.5164 0.0260 0.8559
vn -0.5136 -0.1075 0.8512
vn -0.5934 -0.0938 0.7994
vn -0.5909 -0.1335 0.7956
vn -0.6739 -0.1621 0.7208
vn -0.6739 -0.1622 0.7208
vn -0.6739 -0.1620 0.7208
vn -0.7796 -0.0827 0.6208
vn -0.7787 -0.0805 0.6222
vn -0.7797 -0.0830 0.6206
vn -0.7740 -0.1571 0.6134
vn -0.8438 -0.2544 0.4725
vn -0.8408 -0.2695 0.4695
vn -0.9023 -0.2189 0.3713
vn -0.9120 -0.1631 0.3764
vn -0.9120 -0.1630 0.3764
vn -0.9120 -0.1628 0.3766
vn -0.9401 -0.2302 0.2513
vn -0.9092 -0.3405 0.2397
vn -0.9170 -0.3570 0.1781
vn -0.9161 -0.3609 0.1749
vn -0.9140 -0.3637 0.1799
vn -0.9135 -0.3651 0.1797
vn -0.9165 -0.3975 -0.0453
vn -0.9164 -0.3976 -0.0454
vn -0.9160 -0.3984 -0.0466
vn -0.8959 -0.4409 -0.0542
vn -0.8857 -0.4366 -0.1579
vn -0.8855 -0.4368 -0.1582
vn -0.8637 -0.4766 -0.1640
vn -0.8625 -0.4101 -0.2966
vn -0.7613 -0.5666 -0.3153
vn -0.7822 -0.5568 -0.2796
vn -0.6922 -0.6612 -0.2893
vn 0.3394 0.6475 0.6823
vn 0.1493 0.9877 0.0470
vn 0.3608 0.8330 -0.4195
vn 0.4509 0.8810 -0.1437
vn 0.4728 0.8304 -0.2948
vn 0.4746 0.8308 -0.2906
vn 0.4751 0.8310 -0.2894
vn 0.7188 0.6940 0.0407
vn 0.6798 0.6335 -0.3695
vn 0.4350 0.8629 0.2571
vn 0.5309 0.7997 0.2803
vn 0.4161 0.8026 0.4275
vn 0.1012 0.9521 0.2885
vn 0.7278 -0.6127 0.3082
vn 0.2932 0.8730 0.3898
vn 0.0474 0.9600 0.2761
vn 0.0676 0.8413 0.5363
vn 0.4694 0.6639 0.5821
vn 0.0669 0.9025 0.4254
vn 0.1792 0.8669 0.4651
vn -0.2301 0.8192 0.5254
vn -0.1929 0.9279 0.3190
vn -0.2369 0.8816 0.4083
vn -0.3041 0.8200 0.4850
vn 0.5033 0.8076 -0.3075
vn 0.5025 0.8339 -0.2284
vn 0.5190 0.8136 -0.2620
vn 0.5852 0.7705 0.2529
vn 0.7660 0.6115 -0.1983
vn 0.4470 0.8899 0.0904
vn 0.4631 0.8531 0.2402
vn 0.4701 0.8486 0.2426
vn 0.4634 0.8530 0.2403
vn 0.3175 0.9424 -0.1049
vn -0.2790 0.8503 0.4463
vn -0.3689 0.7029 0.6082
vn -0.5503 0.6803 0.4841
vn 0.2258 0.8841 -0.4090
vn 0.2584 0.9438 -0.2063
vn 0.3010 0.9387 -0.1680
vn 0.6870 0.6365 -0.3506
vn 0.4443 0.6860 -0.5762
vn 0.4037 0.7920 -0.4581
vn 0.1365 0.9862 0.0940
vn 0.1276 0.9873 0.0946
vn 0.0127 0.9941 0.1073
vn 0.1095 0.9933 0.0376
vn 0.0975 0.9945 0.0377
vn 0.1085 0.9934 0.0376
vn -0.1837 0.9790 0.0881
vn 0.5134 0.7139 -0.4762
vn 0.5205 0.6580 -0.5442
vn 0.7856 0.4782 -0.3926
vn 0.5578 0.8199 0.1287
vn 0.7058 0.5832 0.4021
vn 0.7531 0.6093 0.2481
vn -0.4865 0.7987 -0.3541
vn -0.6903 0.7229 -0.0301
vn -0.4039 0.9146 0.0194
vn -0.2972 0.5387 0.7884
vn -0.0596 0.6900 0.7214
vn -0.4156 0.5497 0.7247
vn 0.5356 -0.7803 0.3228
vn 0.6155 -0.7554 0.2247
vn 0.6125 -0.7399 0.2782
vn 0.2005 -0.7642 -0.6130
vn 0.5204 -0.3887 -0.7603
vn 0.2515 -0.4044 -0.8793
vn 0.8448 -0.5349 0.0122
vn 0.8573 -0.4015 0.3223
vn 0.4642 -0.8146 0.3478
vn 0.7932 -0.6004 0.1017
vn 0.7111 -0.6328 0.3065
vn 0.6884 -0.7020 0.1823
vn -0.5578 -0.7636 0.3252
vn -0.5739 -0.7518 0.3247
vn -0.4800 -0.8088 0.3397
vn -0.4522 -0.7275 -0.5161
vn -0.4160 -0.5358 -0.7348
vn -0.5353 -0.6652 -0.5205
vn -0.3465 -0.8965 -0.2763
vn -0.4050 -0.8997 -0.1627
vn -0.3593 -0.8865 -0.2915
vn -0.3590 -0.8866 -0.2917
vn -0.6060 -0.6402 -0.4721
vn -0.6567 -0.6952 -0.2924
vn -0.6105 -0.5782 -0.5412
vn -0.6393 -0.4765 -0.6036
vn -0.6473 -0.4934 -0.5811
vn -0.6623 -0.5021 -0.5561
vn -0.7162 -0.4025 -0.5702
vn -0.7565 -0.5452 -0.3611
vn -0.8434 -0.4060 -0.3518
vn -0.8537 -0.3456 -0.3895
vn -0.8606 -0.4178 -0.2913
vn -0.8073 -0.5136 -0.2905
vn -0.8996 -0.3307 -0.2852
vn -0.8633 -0.4093 -0.2951
vn -0.8632 -0.4096 -0.2951
vn -0.9161 -0.3223 -0.2385
vn -0.9338 -0.2586 -0.2474
vn -0.9292 -0.3399 -0.1451
vn -0.9588 -0.2455 -0.1432
vn -0.9739 -0.2103 -0.0857
vn -0.9637 -0.2661 -0.0238
vn -0.9836 -0.1777 -0.0304
vn -0.9858 -0.1672 -0.0149
vn -0.9872 -0.1590 -0.0140
vn -0.9861 -0.1657 -0.0147
vn -0.9579 -0.2109 0.1948
vn -0.9616 -0.2151 0.1707
vn -0.9718 -0.1744 0.1590
vn -0.9181 -0.2381 0.3170
vn -0.9207 -0.2449 0.3037
vn -0.9428 -0.0353 0.3315
vn -0.8854 -0.2608 0.3848
vn -0.9079 -0.0770 0.4120
vn -0.9074 -0.0645 0.4153
vn -0.8479 -0.0974 0.5211
vn -0.8383 -0.0877 0.5381
vn -0.8175 -0.0491 0.5739
vn -0.7774 -0.1016 0.6207
vn -0.7960 -0.0486 0.6033
vn -0.8071 -0.0546 0.5879
vn -0.6715 -0.0621 0.7384
vn -0.6462 0.0138 0.7630
vn -0.6428 0.0307 0.7654
vn -0.5747 0.0106 0.8183
vn -0.5617 0.0306 0.8268
vn -0.5869 0.0887 0.8048
vn -0.5185 0.0285 0.8546
vn -0.5185 0.0276 0.8546
vn -0.5331 0.0183 0.8459
vn -0.4919 0.1926 0.8491
vn -0.2969 0.0063 0.9549
vn -0.3484 0.0906 0.9329
vn -0.3403 0.2222 0.9137
vn -0.2786 0.0889 0.9563
vn -0.2222 0.2163 0.9507
vn -0.2624 0.2417 0.9342
vn -0.0240 0.2151 0.9763
vn -0.0332 0.2009 0.9791
vn -0.0665 0.2791 0.9580
vn 0.0854 0.2014 0.9758
vn 0.0726 0.2722 0.9595
vn 0.0811 0.2726 0.9587
vn 0.0712 0.2722 0.9596
vn 0.1022 0.4983 0.8609
vn 0.0825 0.2726 0.9586
vn 0.1000 0.4499 0.8875
vn 0.1113 0.5712 0.8132
vn 0.1960 0.4549 0.8687
vn 0.1054 0.5380 0.8363
vn 0.0765 0.6808 0.7284
vn 0.3239 0.5593 0.7631
vn 0.2670 0.7388 0.6188
vn 0.1114 0.8857 0.4507
vn 0.4291 0.7432 0.5133
vn 0.1457 0.8474 0.5105
vn 0.1781 0.9122 0.3691
vn 0.3445 0.8630 0.3695
vn 0.2876 0.9291 0.2327
vn 0.2327 0.9148 0.3302
vn 0.2196 0.9312 0.2908
vn 0.3117 0.9345 0.1718
vn 0.5422 0.7265 0.4222
vn 0.2227 0.9431 0.2468
vn 0.4543 0.8633 0.2200
vn 0.6395 0.7615 0.1055
vn 0.4328 0.8681 0.2430
vn 0.6692 0.7402 -0.0648
vn 0.5525 0.8034 -0.2218
vn 0.4695 0.8598 0.2009
vn 0.2062 0.8379 0.5054
vn 0.0782 0.8820 0.4647
vn 0.2893 0.8703 0.3987
vn 0.0127 0.9350 0.3543
vn -0.2339 0.9339 0.2706
vn 0.0980 0.9798 0.1745
vn -0.1011 0.9915 0.0815
vn 0.0993 0.9813 -0.1650
vn 0.0964 0.9946 0.0377
vn 0.2117 0.9210 -0.3270
vn 0.3265 0.9363 -0.1292
vn 0.4395 0.8072 -0.3940
vn 0.2050 0.8395 -0.5032
vn 0.2240 0.9604 -0.1657
vn 0.0851 0.8093 -0.5813
vn 0.1450 0.9624 -0.2295
vn 0.2792 0.8300 -0.4828
vn 0.1635 0.9730 -0.1629
vn 0.1371 0.9861 0.0940
vn 0.2495 0.9613 -0.1164
vn 0.2012 0.9794 0.0160
vn 0.1896 0.9810 0.0401
vn 0.2675 0.9574 0.1087
vn -0.0317 0.8494 -0.5269
vn 0.1738 0.9825 0.0672
vn -0.0860 0.9072 -0.4119
vn -0.1721 0.8626 -0.4757
vn -0.1590 0.9410 -0.2986
vn -0.2676 0.8905 -0.3680
vn -0.4289 0.7598 -0.4886
vn -0.3298 0.8998 -0.2856
vn -0.4344 0.7957 -0.4221
vn -0.2378 0.9505 -0.2001
vn -0.2150 0.9722 -0.0932
vn -0.3247 0.9301 -0.1717
vn -0.2412 0.9704 -0.0157
vn -0.3645 0.9273 0.0848
vn -0.2127 0.9707 0.1120
vn -0.3328 0.9164 0.2223
vn -0.6527 0.7165 0.2461
vn -0.3213 0.8848 0.3375
vn -0.5006 0.6420 0.5808
vn -0.1844 0.9643 0.1901
vn -0.0657 0.9672 0.2453
vn -0.1983 0.8743 0.4431
vn 0.0704 0.8878 0.4547
vn -0.1338 0.8025 0.5815
vn 0.2261 0.7341 0.6402
vn -0.0177 0.6621 0.7492
vn 0.3165 0.5941 0.7395
vn 0.2574 0.6058 0.7528
vn 0.4543 0.6581 0.6005
vn 0.4063 0.6377 0.6544
vn 0.4897 0.6512 0.5797
vn 0.5894 0.6156 0.5231
vn 0.4485 0.5766 0.6829
vn 0.5875 0.6383 0.4975
vn 0.5746 0.7276 0.3747
vn 0.7675 0.5885 0.2543
vn 0.6250 0.7495 0.2180
vn 0.8457 0.5155 0.1379
vn 0.6706 0.7418 0.0118
vn 0.7805 0.6247 -0.0231
vn 0.6817 0.7283 -0.0690
vn 0.6533 0.6225 -0.4311
vn 0.6210 0.5670 -0.5411
vn 0.1127 0.6839 -0.7208
vn 0.5116 0.7826 -0.3547
vn 0.5549 0.8317 0.0211
vn 0.3904 0.8971 -0.2070
vn 0.3417 0.9396 -0.0202
vn 0.6512 0.7554 0.0722
vn 0.2910 0.9556 -0.0456
vn 0.4600 0.8601 0.2204
vn 0.0361 0.9907 0.1312
vn 0.1232 0.9080 0.4004
vn -0.3497 0.9090 0.2268
vn -0.2164 0.8351 0.5057
vn 0.2541 0.9600 -0.1173
vn -0.1844 0.9823 -0.0333
vn -0.2316 0.7261 -0.6475
vn 0.3235 0.8054 -0.4966
vn -0.0341 0.8384 -0.5440
vn 0.3472 0.8261 -0.4439
vn 0.2906 0.7599 -0.5815
vn 0.1903 0.7798 -0.5964
vn 0.5889 0.7755 -0.2275
vn 0.8237 0.5653 0.0446
vn 0.7511 0.6517 -0.1056
vn 0.9180 0.3870 0.0869
vn 0.8860 0.4460 -0.1264
vn 0.5120 0.8191 0.2586
vn 0.3895 0.9105 0.1388
vn 0.0357 0.9267 0.3742
vn -0.1421 0.9522 0.2703
vn 0.1494 0.9879 -0.0420
vn -0.0088 0.9610 -0.2764
vn -0.0828 0.8966 0.4351
vn -0.0030 0.9571 -0.2896
vn 0.2789 0.9238 -0.2622
vn 0.3565 0.8880 -0.2905
vn 0.1155 0.9882 -0.1008
vn 0.3465 0.9126 0.2171
vn 0.5316 0.8466 0.0258
vn 0.2789 0.9271 0.2503
vn 0.0704 0.7570 0.6496
vn 0.5066 0.7703 0.3873
vn 0.0201 0.9172 0.3980
vn 0.0297 0.7197 0.6937
vn 0.2688 0.8160 0.5117
vn 0.4214 0.6250 0.6571
vn -0.0960 0.7750 0.6247
vn 0.1977 0.6807 0.7054
vn 0.0599 0.7032 0.7085
vn -0.1678 0.6871 0.7069
vn 0.2152 0.7099 0.6706
vn -0.1344 0.7993 0.5857
vn 0.0626 0.7913 0.6083
vn -0.1435 0.9208 0.3626
vn -0.1355 0.9458 0.2951
vn -0.1035 0.8935 0.4369
vn 0.0138 0.9113 0.4115
vn 0.0320 0.9837 0.1770
vn 0.0670 0.9330 0.3537
vn -0.0408 0.9484 0.3144
vn 0.0377 0.8046 0.5926
vn 0.1515 0.8477 0.5083
vn -0.0634 0.8167 0.5735
vn -0.0179 0.8605 0.5092
vn -0.0291 0.8684 0.4949
vn 0.0312 0.8257 0.5632
vn 0.0307 0.8322 0.5536
vn 0.0313 0.8251 0.5641
vn -0.0465 0.7308 0.6810
vn 0.0879 0.6642 0.7424
vn -0.1022 0.7399 0.6650
vn -0.0726 0.5954 0.8002
vn 0.0902 0.5793 0.8101
vn -0.1725 0.5877 0.7905
vn -0.2543 0.3734 0.8921
vn -0.0724 0.3944 0.9161
vn -0.4038 0.3611 0.8406
vn -0.2599 0.3034 0.9167
vn -0.4540 0.2927 0.8416
vn -0.4731 0.3016 0.8278
vn -0.3314 0.3112 0.8907
vn -0.5125 0.3018 0.8039
vn -0.5894 0.1782 0.7879
vn -0.4901 0.2142 0.8449
vn -0.6612 0.1827 0.7277
vn -0.6294 0.1975 0.7516
vn -0.5834 0.1582 0.7966
vn -0.7598 0.2165 0.6131
vn -0.7980 0.0916 0.5956
vn -0.6356 0.1417 0.7589
vn -0.8178 0.0938 0.5678
vn -0.8287 -0.0183 0.5594
vn -0.8077 0.0178 0.5894
vn -0.9144 -0.0067 0.4047
vn -0.9211 -0.0725 0.3825
vn -0.8178 -0.0000 0.5756
vn -0.9490 -0.0607 0.3094
vn -0.9219 -0.0383 0.3856
vn -0.9077 -0.0338 0.4182
vn -0.9698 -0.0147 0.2436
vn -0.9660 -0.1206 0.2288
vn -0.9376 -0.1331 0.3212
vn -0.9962 -0.0870 0.0050
vn -0.9967 -0.0804 0.0054
vn -0.9963 -0.0859 0.0051
vn -0.9960 -0.0869 0.0183
vn -0.9811 -0.0998 0.1657
vn -0.9915 -0.0624 -0.1142
vn -0.9919 -0.0573 -0.1136
vn -0.9916 -0.0615 -0.1141
vn -0.9888 -0.0869 -0.1209
vn -0.9878 -0.0857 -0.1301
vn -0.9890 -0.0871 -0.1197
vn -0.9874 -0.1575 -0.0138
vn -0.9876 -0.0855 -0.1313
vn -0.9504 -0.1593 -0.2670
vn -0.9902 -0.1166 -0.0765
vn -0.9455 -0.1884 -0.2658
vn -0.9273 -0.2347 -0.2916
vn -0.9444 -0.2197 -0.2448
vn -0.9140 -0.2460 -0.3226
vn -0.9029 -0.2695 -0.3349
vn -0.9375 -0.2061 -0.2804
vn -0.8052 -0.1703 -0.5680
vn -0.7888 -0.3332 -0.5165
vn -0.8643 -0.3183 -0.3894
vn -0.6742 -0.3327 -0.6594
vn -0.6723 -0.3052 -0.6745
vn -0.7547 -0.3152 -0.5753
vn -0.6421 -0.3060 -0.7029
vn -0.6169 -0.3729 -0.6931
vn -0.6782 -0.3930 -0.6210
vn -0.4685 -0.3456 -0.8131
vn -0.4412 -0.4664 -0.7667
vn -0.6096 -0.4747 -0.6349
vn -0.4289 -0.3434 -0.8356
vn -0.6952 -0.4825 -0.5328
vn -0.3936 -0.6294 -0.6700
vn -0.5606 -0.6456 -0.5186
vn -0.4940 -0.7596 -0.4230
vn -0.5704 -0.7083 -0.4159
vn -0.6335 -0.6276 -0.4525
vn -0.7095 -0.6241 -0.3273
vn -0.5452 -0.7572 -0.3597
vn -0.6384 -0.6475 -0.4162
vn -0.7394 -0.5931 -0.3186
vn -0.6243 -0.7179 -0.3079
vn -0.7727 -0.5584 -0.3019
vn -0.8509 -0.5090 -0.1297
vn -0.7469 -0.6606 -0.0760
vn -0.8566 -0.5101 -0.0774
vn -0.8609 -0.5021 -0.0826
vn -0.8358 -0.5483 0.0286
vn -0.8718 -0.4832 0.0806
vn -0.8865 -0.4511 0.1027
vn -0.8551 -0.4964 0.1500
vn -0.8734 -0.4132 0.2578
vn -0.8817 -0.4265 0.2016
vn -0.8827 -0.4094 0.2308
vn -0.8517 -0.4667 0.2385
vn -0.8983 -0.2353 0.3711
vn -0.7752 -0.4876 0.4017
vn -0.8004 -0.3081 0.5142
vn -0.8313 -0.2159 0.5121
vn -0.8311 -0.2174 0.5119
vn -0.8313 -0.2163 0.5120
vn -0.7678 -0.3180 0.5562
vn -0.7933 -0.3310 0.5110
vn -0.7920 -0.2346 0.5637
vn -0.7935 -0.2250 0.5654
vn -0.7923 -0.2327 0.5640
vn -0.6614 -0.3712 0.6517
vn -0.6828 -0.2351 0.6917
vn -0.6444 -0.0701 0.7615
vn -0.5944 -0.2450 0.7660
vn -0.6021 -0.1431 0.7855
vn -0.5989 -0.1653 0.7836
vn -0.5005 -0.1496 0.8527
vn -0.4891 -0.1377 0.8613
vn -0.4826 -0.1296 0.8662
vn -0.3915 -0.1401 0.9095
vn -0.3499 -0.1561 0.9237
vn -0.3345 -0.0876 0.9383
vn -0.2338 -0.1615 0.9588
vn -0.2610 -0.0853 0.9616
vn -0.3136 0.0131 0.9495
vn -0.1126 -0.0922 0.9893
vn -0.0744 0.0202 0.9970
vn -0.0811 0.0701 0.9942
vn 0.0995 0.0127 0.9950
vn 0.0683 0.0105 0.9976
vn 0.0529 0.1605 0.9856
vn 0.1388 0.0111 0.9903
vn 0.1386 0.0167 0.9902
vn 0.1388 0.0121 0.9902
vn 0.0645 0.0905 0.9938
vn 0.0422 0.1676 0.9849
vn 0.2794 0.0953 0.9554
vn 0.2112 0.1180 0.9703
vn 0.1884 0.2676 0.9449
vn 0.4835 0.1297 0.8657
vn 0.4233 0.3597 0.8315
vn 0.4962 0.3796 0.7808
vn 0.4961 0.3799 0.7807
vn 0.4416 0.4413 0.7812
vn 0.5076 0.5225 0.6851
vn 0.5358 0.1901 0.8227
vn 0.5464 0.4187 0.7253
vn 0.6059 0.3274 0.7250
vn 0.6263 0.5533 0.5492
vn 0.5574 0.3262 0.7635
vn 0.5569 0.5159 0.6509
vn 0.5794 0.6056 0.5455
vn 0.5249 0.5162 0.6768
vn 0.4682 0.6517 0.5967
vn 0.4809 0.6991 0.5292
vn 0.5015 0.6515 0.5692
vn 0.4979 0.7222 0.4802
vn 0.4424 0.8676 0.2272
vn 0.5298 0.7199 0.4483
vn 0.4820 0.8759 0.0230
vn 0.4969 0.8526 -0.1618
vn 0.4297 0.8967 0.1061
vn 0.3762 0.9161 0.1387
vn 0.4042 0.9095 0.0974
vn 0.4704 0.8484 0.2427
vn 0.3705 0.9285 0.0257
vn 0.5235 0.8446 0.1124
vn 0.4487 0.8936 0.0072
vn 0.5242 0.8514 -0.0178
vn 0.4704 0.8525 -0.2280
vn 0.5367 0.8425 -0.0471
vn 0.4039 0.8803 -0.2488
vn 0.4622 0.8245 -0.3264
vn 0.5459 0.8297 -0.1165
vn 0.5182 0.8407 -0.1571
vn 0.4574 0.8570 -0.2374
vn 0.5378 0.7851 -0.3073
vn 0.4273 0.9041 -0.0070
vn 0.3870 0.9212 -0.0411
vn 0.3787 0.8708 -0.3136
vn 0.5242 0.8199 -0.2299
vn 0.6934 0.6594 -0.2906
vn 0.2668 0.8967 -0.3531
vn 0.3824 0.7073 -0.5946
vn 0.0938 0.8896 -0.4471
vn 0.2685 0.6182 -0.7387
vn 0.4454 0.6825 -0.5795
vn 0.4510 0.6824 -0.5753
vn 0.3750 0.4846 -0.7902
vn 0.3586 0.7036 -0.6135
vn 0.3743 0.6037 -0.7039
vn 0.2374 0.7596 -0.6056
vn 0.1931 0.7364 -0.6484
vn 0.0053 0.6952 -0.7188
vn 0.2093 0.6967 -0.6862
vn 0.1183 0.6694 -0.7334
vn 0.3032 0.7203 -0.6239
vn 0.2239 0.8496 -0.4775
vn -0.0131 0.7834 -0.6214
vn 0.1174 0.8725 -0.4742
vn 0.2201 0.9696 -0.1065
vn -0.0778 0.9106 -0.4059
vn 0.1464 0.9874 -0.0605
vn 0.2120 0.9665 0.1450
vn -0.0520 0.9985 0.0188
vn 0.2072 0.9608 0.1842
vn 0.1377 0.9855 0.0988
vn 0.3517 0.9298 0.1087
vn 0.2668 0.9570 0.1138
vn 0.2763 0.9428 0.1862
vn 0.2576 0.9553 0.1448
vn 0.2877 0.9442 0.1603
vn 0.2607 0.9613 0.0896
vn 0.2882 0.9565 -0.0462
vn 0.3104 0.9485 0.0636
vn 0.3515 0.9309 0.0995
vn 0.3243 0.9459 0.0139
vn 0.2310 0.9670 -0.1075
vn 0.3850 0.9112 -0.1468
vn 0.0191 0.9875 0.1562
vn 0.0456 0.9823 0.1819
vn -0.3607 0.8543 0.3741
vn -0.4306 0.8916 0.1403
vn -0.1485 0.9876 -0.0499
vn -0.5071 0.8444 0.1727
vn -0.0445 0.9837 0.1740
vn -0.0346 0.9579 0.2849
vn 0.1760 0.9785 0.1075
vn 0.1858 0.9813 -0.0508
vn 0.1688 0.9843 0.0508
vn 0.1630 0.9516 -0.2606
vn 0.3429 0.9393 -0.0157
vn 0.2646 0.9530 -0.1478
vn 0.1907 0.9010 -0.3897
vn -0.0483 0.9975 -0.0523
vn -0.0677 0.9048 -0.4203
vn 0.0838 0.9860 0.1438
vn -0.1378 0.9106 -0.3896
vn 0.1777 0.9211 0.3464
vn 0.4750 0.5074 0.7189
vn 0.3449 0.9160 0.2049
vn 0.6908 0.4306 0.5808
vn 0.5138 0.8576 0.0213
vn 0.8950 0.3528 0.2729
vn 0.5056 0.8614 0.0483
vn 0.9090 0.3917 0.1425
vn 0.0591 0.9631 -0.2626
vn -0.0768 0.9783 -0.1922
vn -0.1337 0.9490 -0.2854
vn 0.2735 0.4677 0.8405
vn -0.0711 0.9911 0.1129
vn 0.0612 0.9977 -0.0285
vn 0.2178 0.9730 -0.0769
vn 0.1820 0.8765 0.4456
vn 0.2774 0.8902 0.3613
vn 0.1815 0.8940 0.4096
vn -0.1212 0.8889 0.4417
vn -0.2382 0.7566 0.6089
vn 0.0572 0.7946 0.6044
vn -0.4913 0.8471 0.2024
vn -0.7605 0.6062 0.2325
vn -0.7627 0.6076 0.2216
vn -0.7607 0.6063 0.2320
vn -0.7520 0.6300 0.1938
vn -0.7331 0.6541 0.1864
vn -0.7786 0.5290 0.3375
vn -0.6939 0.6694 0.2653
vn -0.6065 0.6904 0.3943
vn -0.6564 0.4685 0.5913
vn -0.4807 0.7052 0.5211
vn -0.4009 0.5314 0.7462
vn -0.3553 0.7219 0.5938
vn -0.2419 0.6443 0.7255
vn -0.1548 0.9838 0.0905
vn -0.1119 0.9358 0.3343
vn -0.0096 0.9786 0.2057
vn -0.0595 0.8971 0.4378
vn -0.3493 0.8554 0.3824
vn -0.2190 0.8346 0.5054
vn -0.4307 0.7881 0.4397
vn -0.4380 0.7851 0.4378
vn -0.4311 0.7875 0.4405
vn -0.3422 0.8704 0.3540
vn -0.1145 0.9467 0.3011
vn -0.3649 0.8406 0.4003
vn -0.0756 0.9751 0.2086
vn -0.2830 0.8222 0.4938
vn -0.0396 0.9495 0.3111
vn -0.0194 0.8796 0.4753
vn 0.0289 0.8815 0.4714
vn -0.0307 0.9128 0.4071
vn 0.0307 0.8329 0.5526
vn -0.0810 0.8986 0.4312
vn -0.0993 0.7574 0.6454
vn -0.0996 0.8087 0.5798
vn -0.1935 0.7475 0.6354
vn -0.2693 0.6661 0.6956
vn -0.1667 0.7318 0.6608
vn -0.3506 0.6598 0.6646
vn -0.3918 0.4017 0.8277
vn -0.4011 0.4109 0.8187
vn -0.5398 0.4033 0.7389
vn -0.4854 0.4149 0.7696
vn -0.4452 0.3798 0.8109
vn -0.5812 0.4219 0.6959
vn -0.6104 0.3372 0.7167
vn -0.5167 0.2671 0.8134
vn -0.6967 0.3460 0.6284
vn -0.7803 0.1474 0.6078
vn -0.6588 0.2016 0.7248
vn -0.8457 0.1587 0.5096
vn -0.7913 0.2249 0.5686
vn -0.7558 0.2345 0.6114
vn -0.8343 0.2366 0.4979
vn -0.8686 0.2049 0.4512
vn -0.7935 0.2344 0.5616
vn -0.9347 0.1839 0.3042
vn -0.9106 0.0686 0.4076
vn -0.9469 0.1760 0.2689
vn -0.9451 0.1846 0.2697
vn -0.9473 0.1741 0.2688
vn -0.9664 0.0485 0.2525
vn -0.9484 -0.0034 0.3169
vn -0.9936 0.0706 0.0886
vn -0.9913 0.0938 0.0921
vn -0.9657 0.0649 0.2512
vn -0.9920 0.1157 -0.0510
vn -0.9929 0.1072 -0.0514
vn -0.9921 0.1143 -0.0511
vn -0.9953 -0.0180 -0.0950
vn -0.9968 -0.0794 0.0055
vn -0.9727 0.0083 -0.2318
vn -0.9851 0.0325 -0.1690
vn -0.9919 -0.0563 -0.1135
vn -0.9597 0.0547 -0.2757
vn -0.9639 -0.0262 -0.2651
vn -0.9910 -0.0437 -0.1263
vn -0.9352 -0.0051 -0.3540
vn -0.9280 -0.1126 -0.3551
vn -0.9504 -0.1650 -0.2638
vn -0.7991 -0.0742 -0.5966
vn -0.7867 -0.2029 -0.5831
vn -0.9295 -0.1827 -0.3203
vn -0.7066 -0.1887 -0.6820
vn -0.7342 -0.0256 -0.6784
vn -0.7947 -0.2104 -0.5693
vn -0.6842 -0.0556 -0.7272
vn -0.6451 -0.1767 -0.7434
vn -0.7296 -0.1515 -0.6668
vn -0.5460 -0.2020 -0.8131
vn -0.5146 -0.2470 -0.8211
vn -0.6358 -0.3261 -0.6996
vn -0.4109 -0.2406 -0.8793
vn -0.4099 -0.2375 -0.8806
vn -0.4839 -0.2863 -0.8270
vn -0.3084 -0.2628 -0.9143
vn -0.2795 -0.2870 -0.9162
vn -0.4016 -0.3413 -0.8498
vn -0.3167 -0.4423 -0.8391
vn -0.3745 -0.4657 -0.8018
vn -0.3122 -0.4936 -0.8117
vn -0.3216 -0.3443 -0.8820
vn -0.2655 -0.4695 -0.8421
vn -0.3461 -0.6378 -0.6881
vn -0.2637 -0.6566 -0.7066
vn -0.3807 -0.8083 -0.4491
vn -0.3583 -0.8367 -0.4143
vn -0.4269 -0.8003 -0.4211
vn -0.4384 -0.7784 -0.4493
vn -0.4093 -0.8247 -0.3903
vn -0.5308 -0.7962 -0.2903
vn -0.4870 -0.7847 -0.3834
vn -0.5092 -0.7921 -0.3366
vn -0.5091 -0.8255 -0.2436
vn -0.5125 -0.8222 -0.2475
vn -0.5926 -0.7966 -0.1192
vn -0.5007 -0.8389 -0.2134
vn -0.6281 -0.7699 -0.1126
vn -0.7292 -0.6841 -0.0170
vn -0.6190 -0.7803 -0.0890
vn -0.7424 -0.6644 0.0857
vn -0.7984 -0.5896 0.1222
vn -0.6951 -0.6955 0.1819
vn -0.7772 -0.5783 0.2481
vn -0.8217 -0.5341 0.1990
vn -0.6830 -0.5991 0.4177
vn -0.7316 -0.4974 0.4661
vn -0.7911 -0.4562 0.4075
vn -0.7073 -0.4987 0.5010
vn -0.7455 -0.4759 0.4667
vn -0.7780 -0.2706 0.5670
vn -0.6827 -0.4910 0.5412
vn -0.6295 -0.2325 0.7414
vn -0.6508 -0.4201 0.6324
vn -0.6052 -0.2384 0.7595
vn -0.6100 -0.3532 0.7093
vn -0.5802 -0.3540 0.7335
vn -0.5099 -0.3674 0.7778
vn -0.4937 -0.3526 0.7950
vn -0.4997 -0.1671 0.8499
vn -0.3330 -0.3585 0.8721
vn -0.3777 -0.2508 0.8913
vn -0.3887 -0.1732 0.9049
vn -0.2926 -0.2522 0.9224
vn -0.2329 -0.1432 0.9619
vn -0.2412 -0.0677 0.9681
vn -0.1749 -0.1435 0.9741
vn -0.1422 -0.0896 0.9858
vn -0.1087 -0.1659 0.9801
vn 0.1171 -0.1020 0.9879
vn 0.1010 -0.1695 0.9803
vn 0.0429 -0.1673 0.9850
vn 0.1474 0.0049 0.9891
vn 0.1385 0.0177 0.9902
vn 0.1194 0.0041 0.9928
vn 0.2683 0.0219 0.9631
vn 0.2861 0.0169 0.9581
vn 0.4392 0.0251 0.8980
vn 0.4411 0.0563 0.8957
vn 0.4810 0.1468 0.8643
vn 0.4603 0.0564 0.8860
vn 0.4599 0.0591 0.8860
vn 0.4602 0.0568 0.8860
vn 0.4689 0.1622 0.8682
vn 0.5021 0.0517 0.8632
vn 0.6149 0.1709 0.7699
vn 0.6159 0.1745 0.7682
vn 0.5391 0.4512 0.7112
vn 0.6642 0.2185 0.7149
vn 0.6743 0.2892 0.6795
vn 0.5285 0.4162 0.7399
vn 0.6831 0.1946 0.7039
vn 0.5767 0.3633 0.7317
vn 0.5592 0.4403 0.7025
vn 0.6839 0.3262 0.6525
vn 0.5763 0.4269 0.6969
vn 0.5707 0.5242 0.6320
vn 0.7276 0.4465 0.5207
vn 0.6776 0.4827 0.5548
vn 0.5775 0.6542 0.4884
vn 0.7427 0.4822 0.4647
vn 0.6606 0.6903 0.2952
vn 0.5518 0.8161 0.1718
vn 0.7366 0.6629 0.1342
vn 0.5522 0.8210 0.1449
vn 0.7868 0.5918 0.1753
vn 0.5440 0.8363 0.0683
vn 0.7917 0.5971 0.1292
vn 0.5886 0.8071 0.0460
vn 0.6956 0.7184 0.0050
vn 0.6621 0.7422 -0.1038
vn 0.4965 0.8659 -0.0613
vn 0.5972 0.7915 -0.1300
vn 0.5201 0.8235 -0.2267
vn 0.7020 0.7029 -0.1148
vn 0.6927 0.6860 -0.2225
vn 0.5737 0.7899 -0.2163
vn 0.6678 0.6877 -0.2848
vn 0.5609 0.7906 -0.2457
vn 0.5948 0.6881 -0.4156
vn 0.5512 0.7595 -0.3454
vn 0.5572 0.8235 -0.1065
vn 0.5633 0.6905 -0.4537
vn 0.6391 0.6683 -0.3807
vn 0.5605 0.8176 -0.1316
vn 0.5853 0.7270 -0.3590
vn 0.4075 0.8790 -0.2475
vn 0.4389 0.8757 -0.2013
vn 0.1950 0.9086 -0.3693
vn 0.2409 0.8762 -0.4175
vn 0.4437 0.8130 -0.3769
vn 0.2906 0.8447 -0.4496
vn 0.3690 0.8013 -0.4709
vn 0.2834 0.8829 -0.3744
vn 0.3646 0.8153 -0.4499
vn 0.1799 0.9627 -0.2022
vn 0.2672 0.8835 -0.3849
vn 0.1159 0.9592 -0.2579
vn 0.3472 0.8739 -0.3403
vn -0.0078 0.8955 -0.4450
vn -0.0104 0.8995 -0.4368
vn -0.0072 0.8945 -0.4470
vn 0.2269 0.6895 -0.6879
vn -0.0083 0.8203 -0.5718
vn 0.1094 0.5623 -0.8197
vn 0.1856 0.8644 -0.4673
vn -0.0110 0.6212 -0.7836
vn 0.1969 0.8586 -0.4734
vn 0.0812 0.5851 -0.8069
vn -0.0470 0.7842 -0.6187
vn 0.0910 0.6886 -0.7194
vn -0.0788 0.6155 -0.7842
vn -0.3255 0.6866 -0.6501
vn -0.2361 0.6570 -0.7160
vn -0.1561 0.8154 -0.5575
vn -0.4975 0.6552 -0.5686
vn -0.3480 0.8472 -0.4014
vn -0.2707 0.9323 -0.2398
vn -0.4799 0.7698 -0.4210
vn -0.1430 0.9031 -0.4049
vn 0.0882 0.9848 -0.1498
vn -0.3069 0.9320 -0.1929
vn 0.0700 0.9974 0.0150
vn -0.3977 0.9175 0.0058
vn 0.0286 0.9941 0.1049
vn -0.3939 0.9177 -0.0510
vn 0.0319 0.9991 -0.0273
vn -0.6007 0.7992 0.0187
vn -0.6690 0.7160 0.1995
vn -0.3728 0.8976 0.2351
vn -0.7058 0.6864 0.1753
vn -0.7025 0.6898 0.1751
vn -0.7055 0.6867 0.1753
vn -0.6610 0.6253 0.4148
vn -0.6425 0.6250 0.4433
vn -0.6610 0.6072 0.4409
vn -0.7628 0.6077 0.2212
vn -0.6830 0.6549 0.3233
vn -0.6172 0.5881 0.5227
vn -0.2464 0.9178 0.3115
vn -0.0992 0.9838 0.1493
vn -0.6728 0.6597 0.3349
vn 0.1098 0.9830 0.1472
vn 0.0051 0.9985 0.0547
vn -0.1800 0.9835 0.0168
vn -0.3913 0.8744 0.2867
vn -0.3292 0.8803 0.3416
vn -0.7032 0.6692 0.2403
vn -0.5723 0.7346 0.3645
vn -0.6700 0.6761 0.3066
vn -0.5690 0.7262 0.3859
vn -0.4321 0.7888 0.4371
vn -0.6655 0.6293 0.4014
vn -0.6183 0.6366 0.4609
vn -0.4379 0.7811 0.4451
vn -0.5365 0.6262 0.5657
vn -0.4594 0.7610 0.4580
vn -0.5134 0.6219 0.5914
vn -0.4572 0.7334 0.5031
vn -0.4619 0.6321 0.6222
vn -0.3600 0.7149 0.5994
vn -0.6502 0.4553 0.6082
vn -0.5656 0.4650 0.6811
vn -0.7181 0.4709 0.5124
vn -0.7533 0.3851 0.5332
vn -0.6920 0.3605 0.6254
vn -0.7829 0.3931 0.4823
vn -0.8520 0.2994 0.4296
vn -0.8099 0.3028 0.5024
vn -0.8789 0.3117 0.3610
vn -0.8520 0.3799 0.3602
vn -0.7931 0.3595 0.4918
vn -0.8994 0.3416 0.2726
vn -0.9440 0.2415 0.2249
vn -0.9385 0.1642 0.3039
vn -0.9621 0.2575 0.0892
vn -0.9542 0.2836 0.0957
vn -0.9447 0.1865 0.2698
vn -0.9563 0.2917 -0.0217
vn -0.9936 0.0909 -0.0672
vn -0.9903 0.1054 0.0908
vn -0.9734 0.1020 -0.2050
vn -0.9791 0.1002 -0.1769
vn -0.9931 0.1057 -0.0515
vn -0.9473 0.1133 -0.2996
vn -0.9581 0.1375 -0.2512
vn -0.9722 -0.0115 -0.2341
vn -0.9381 0.1147 -0.3269
vn -0.9430 0.0611 -0.3271
vn -0.9589 0.0088 -0.2835
vn -0.8293 0.0872 -0.5520
vn -0.9349 0.0952 -0.3419
vn -0.7913 0.0499 -0.6093
vn -0.7755 -0.0393 -0.6301
vn -0.8041 0.0065 -0.5945
vn -0.6817 -0.0990 -0.7249
vn -0.6264 -0.2367 -0.7427
vn -0.7231 -0.0704 -0.6871
vn -0.5391 -0.2292 -0.8105
vn -0.6152 -0.1517 -0.7737
vn -0.6660 -0.1849 -0.7226
vn -0.4415 -0.1357 -0.8870
vn -0.4505 -0.0922 -0.8880
vn -0.5649 -0.0477 -0.8237
vn -0.3228 -0.1616 -0.9326
vn -0.2795 -0.1478 -0.9487
vn -0.4192 -0.1954 -0.8866
vn -0.2535 -0.1116 -0.9609
vn -0.2704 -0.1438 -0.9520
vn -0.3146 -0.2347 -0.9197
vn -0.0775 -0.1966 -0.9774
vn -0.0215 -0.3110 -0.9502
vn -0.2726 -0.2626 -0.9256
vn -0.0140 -0.2718 -0.9622
vn -0.2366 -0.2871 -0.9282
vn -0.0414 -0.3876 -0.9209
vn -0.2688 -0.4443 -0.8546
vn -0.0014 -0.4914 -0.8709
vn -0.2674 -0.4970 -0.8255
vn 0.0373 -0.5979 -0.8007
vn -0.1258 -0.4768 -0.8699
vn -0.0034 -0.5698 -0.8218
vn -0.1235 -0.6653 -0.7363
vn -0.1414 -0.7929 -0.5927
vn -0.1345 -0.8022 -0.5817
vn -0.3506 -0.8518 -0.3891
vn -0.3333 -0.8423 -0.4236
vn -0.3656 -0.8355 -0.4103
vn -0.3745 -0.8546 -0.3598
vn -0.3664 -0.8569 -0.3627
vn -0.3740 -0.8547 -0.3600
vn -0.2983 -0.8539 -0.4265
vn -0.1741 -0.8416 -0.5113
vn -0.2333 -0.7870 -0.5711
vn -0.3588 -0.8866 -0.2920
vn -0.0853 -0.8361 -0.5419
vn -0.3884 -0.8191 -0.4220
vn -0.5275 -0.6188 -0.5821
vn -0.6237 -0.6186 -0.4778
vn -0.5302 -0.7915 -0.3042
vn -0.7644 -0.6292 -0.1403
vn -0.5404 -0.8258 -0.1612
vn -0.4268 -0.8851 -0.1853
vn -0.5249 -0.8436 -0.1131
vn -0.4577 -0.8891 0.0006
vn -0.3727 -0.9279 0.0144
vn -0.3844 -0.9150 0.1225
vn -0.3613 -0.9177 0.1650
vn -0.3599 -0.9213 0.1472
vn -0.2498 -0.9244 0.2882
vn -0.2476 -0.9256 0.2863
vn -0.2496 -0.9245 0.2880
vn -0.2732 -0.9370 0.2177
vn -0.3832 -0.8421 0.3795
vn -0.3391 -0.9278 0.1555
vn -0.4925 -0.7658 0.4136
vn -0.5098 -0.7138 0.4802
vn -0.5101 -0.7134 0.4805
vn -0.3127 -0.7776 0.5455
vn -0.3622 -0.7625 0.5362
vn -0.4177 -0.7150 0.5607
vn -0.3571 -0.7090 0.6081
vn -0.2901 -0.7183 0.6324
vn -0.3368 -0.6151 0.7129
vn -0.1747 -0.7258 0.6653
vn -0.2047 -0.6263 0.7522
vn -0.2697 -0.5392 0.7978
vn -0.1457 -0.6262 0.7659
vn -0.1586 -0.5407 0.8261
vn -0.1961 -0.4077 0.8918
vn 0.0722 -0.4766 0.8762
vn 0.1132 -0.4921 0.8632
vn 0.1356 -0.3476 0.9278
vn 0.1762 -0.4288 0.8860
vn 0.2261 -0.3769 0.8982
vn 0.1597 -0.3331 0.9293
vn 0.1597 -0.3334 0.9292
vn 0.1503 -0.4305 0.8900
vn 0.1503 -0.4331 0.8887
vn 0.1503 -0.4300 0.8902
vn 0.1182 -0.3211 0.9396
vn 0.1880 -0.1634 0.9685
vn 0.3349 -0.3237 0.8849
vn 0.3209 -0.2629 0.9099
vn 0.3565 -0.1502 0.9221
vn 0.5639 -0.3240 0.7596
vn 0.3250 -0.2033 0.9236
vn 0.3823 -0.0770 0.9208
vn 0.6304 -0.2340 0.7402
vn 0.6597 0.0281 0.7510
vn 0.6698 0.0774 0.7385
vn 0.8183 -0.1355 0.5586
vn 0.6980 0.0085 0.7161
vn 0.6030 -0.0044 0.7977
vn 0.7297 -0.0874 0.6782
vn 0.6801 0.0238 0.7328
vn 0.7027 -0.0226 0.7111
vn 0.8044 0.0287 0.5934
vn 0.7314 -0.0891 0.6761
vn 0.7891 0.0613 0.6112
vn 0.8316 -0.0938 0.5474
vn 0.8528 0.0651 0.5182
vn 0.7735 0.1531 0.6151
vn 0.9234 0.0686 0.3777
vn 0.9049 0.1221 0.4077
vn 0.8342 0.2455 0.4938
vn 0.9290 0.1308 0.3461
vn 0.9194 0.2343 0.3159
vn 0.9174 0.1961 0.3464
vn 0.9155 0.2040 0.3468
vn 0.9171 0.1974 0.3464
vn 0.9438 0.2152 0.2510
vn 0.9420 0.2224 0.2513
vn 0.9442 0.2136 0.2509
vn 0.9385 0.2632 0.2233
vn 0.9169 0.3386 0.2112
vn 0.9486 0.2461 0.1989
vn 0.9239 0.3198 0.2101
vn 0.9159 0.3746 0.1443
vn 0.9766 0.2145 -0.0168
vn 0.9166 0.3956 0.0573
vn 0.8948 0.4416 0.0661
vn 0.9392 0.3257 -0.1088
vn 0.8876 0.4558 -0.0657
vn 0.8463 0.5234 -0.0993
vn 0.8576 0.4383 -0.2690
vn 0.7896 0.5631 -0.2440
vn 0.8392 0.4093 -0.3580
vn 0.7476 0.5818 -0.3203
vn 0.7934 0.3833 -0.4729
vn 0.6436 0.6151 -0.4555
vn 0.6608 0.4689 -0.5861
vn 0.6022 0.5701 -0.5589
vn 0.5763 0.6692 -0.4690
vn 0.4743 0.5569 -0.6819
vn 0.6226 0.6699 -0.4045
vn 0.4503 0.5272 -0.7206
vn 0.4893 0.5419 -0.6833
vn 0.3176 0.7949 -0.5169
vn 0.3987 0.5670 -0.7208
vn 0.2707 0.8045 -0.5287
vn 0.2321 0.9057 -0.3548
vn 0.2475 0.8162 -0.5221
vn 0.1889 0.8933 -0.4079
vn 0.3520 0.8337 -0.4255
vn 0.1518 0.8108 -0.5653
vn 0.3153 0.7739 -0.5492
vn 0.1041 0.7648 -0.6358
vn 0.1579 0.8718 -0.4636
vn -0.0110 0.9004 -0.4350
vn 0.0861 0.9144 -0.3955
vn 0.0415 0.9670 -0.2513
vn 0.1040 0.8114 -0.5752
vn 0.2805 0.9406 -0.1913
vn -0.0110 0.7857 -0.6186
vn 0.1080 0.9406 -0.3218
vn -0.2243 0.7972 -0.5605
vn -0.1384 0.8909 -0.4327
vn -0.2318 0.8165 -0.5288
vn -0.1568 0.9278 -0.3386
vn -0.2677 0.8249 -0.4978
vn -0.3876 0.9132 -0.1258
vn -0.5684 0.7344 -0.3709
vn -0.4813 0.6953 -0.5337
vn -0.6111 0.5895 -0.5282
vn -0.5635 0.6567 -0.5013
vn -0.6913 0.5924 -0.4137
vn -0.6350 0.6739 -0.3777
vn -0.5384 0.7815 -0.3153
vn -0.7327 0.6636 -0.1507
vn -0.5872 0.8085 -0.0390
vn -0.7998 0.5532 -0.2329
vn -0.7606 0.6458 -0.0657
vn -0.6975 0.7163 0.0198
vn -0.4484 0.8934 -0.0288
vn -0.4941 0.8689 -0.0296
vn -0.7020 0.6903 0.1751
vn -0.3497 0.9280 -0.1289
vn -0.2536 0.9672 0.0158
vn -0.2586 0.9277 0.2691
vn -0.4825 0.8749 -0.0421
vn -0.4221 0.9009 0.1009
vn 0.1187 0.9759 0.1831
vn -0.5373 0.8295 0.1524
vn -0.7145 0.6750 0.1842
vn -0.7267 0.6747 0.1294
vn -0.6929 0.7014 0.1672
vn -0.7884 0.6009 0.1313
vn -0.7886 0.6017 0.1266
vn -0.7884 0.6008 0.1320
vn -0.7599 0.6234 0.1844
vn -0.6902 0.6836 0.2374
vn -0.8500 0.4901 0.1934
vn -0.8147 0.4747 0.3331
vn -0.6971 0.6425 0.3182
vn -0.8259 0.4880 0.2824
vn -0.8541 0.3760 0.3593
vn -0.8520 0.5111 0.1130
vn -0.9320 0.3520 0.0861
vn -0.9070 0.3217 0.2718
vn -0.9341 0.3558 0.0281
vn -0.9391 0.3434 -0.0122
vn -0.9286 0.3589 0.0942
vn -0.9330 0.3461 -0.0988
vn -0.9332 0.3454 -0.0988
vn -0.9581 0.2668 -0.1038
vn -0.9670 0.2540 -0.0225
vn -0.9553 0.1801 -0.2343
vn -0.9318 0.2068 -0.2983
vn -0.9659 0.1613 -0.2026
vn -0.9209 0.2308 -0.3140
vn -0.9440 0.0778 -0.3205
vn -0.9416 0.1664 -0.2928
vn -0.8213 0.1219 -0.5574
vn -0.8306 0.0503 -0.5546
vn -0.9404 0.0370 -0.3379
vn -0.7947 0.1005 -0.5986
vn -0.8140 0.0754 -0.5760
vn -0.8263 0.1386 -0.5459
vn -0.6495 0.1351 -0.7483
vn -0.6805 0.1070 -0.7249
vn -0.7899 0.0910 -0.6065
vn -0.5577 0.1499 -0.8164
vn -0.5849 0.0082 -0.8111
vn -0.6893 0.0509 -0.7227
vn -0.4235 0.0391 -0.9050
vn -0.4411 0.0203 -0.8972
vn -0.5612 -0.0903 -0.8227
vn -0.2966 0.0202 -0.9548
vn -0.2902 0.0396 -0.9561
vn -0.4462 -0.1050 -0.8887
vn -0.2254 0.0437 -0.9733
vn -0.2103 -0.0503 -0.9763
vn -0.3290 -0.1274 -0.9357
vn -0.0227 -0.0217 -0.9995
vn -0.0207 -0.0808 -0.9965
vn -0.2452 -0.1563 -0.9568
vn 0.0536 -0.0351 -0.9979
vn 0.0360 -0.0973 -0.9946
vn -0.0929 -0.1017 -0.9905
vn 0.0886 -0.0999 -0.9910
vn 0.0921 -0.1401 -0.9858
vn 0.0299 -0.1945 -0.9804
vn 0.1172 -0.2458 -0.9622
vn 0.0010 -0.3113 -0.9503
vn 0.1181 -0.3121 -0.9427
vn 0.0178 -0.2722 -0.9621
vn 0.1269 -0.3506 -0.9279
vn 0.0627 -0.3869 -0.9200
vn 0.0750 -0.4394 -0.8951
vn 0.0475 -0.4902 -0.8703
vn 0.0688 -0.5089 -0.8581
vn -0.0085 -0.5986 -0.8010
vn 0.0653 -0.5827 -0.8101
vn 0.0688 -0.5668 -0.8210
vn -0.0046 -0.6343 -0.7731
vn 0.0226 -0.7055 -0.7083
vn -0.0054 -0.6979 -0.7162
vn 0.0362 -0.7352 -0.6769
vn 0.0691 -0.8395 -0.5390
vn 0.0789 -0.8177 -0.5703
vn 0.0096 -0.7938 -0.6081
vn 0.0187 -0.7677 -0.6405
vn -0.0047 -0.7556 -0.6550
vn 0.0325 -0.5893 -0.8072
vn -0.1392 -0.8466 -0.5137
vn -0.1655 -0.3311 -0.9290
vn -0.3846 -0.4471 -0.8076
vn -0.4997 -0.2901 -0.8162
vn -0.6016 -0.3783 -0.7036
vn -0.2994 -0.5201 -0.7999
vn -0.2472 -0.2672 -0.9314
vn 0.1231 -0.2257 -0.9664
vn 0.1762 -0.3629 -0.9150
vn -0.3023 -0.5220 -0.7976
vn 0.0561 -0.7110 -0.7010
vn -0.3630 -0.7620 -0.5363
vn -0.3367 -0.8277 -0.4490
vn -0.0960 -0.8971 -0.4314
vn -0.0377 -0.9440 -0.3279
vn -0.0371 -0.9407 -0.3373
vn -0.0378 -0.9444 -0.3265
vn 0.1345 -0.8997 -0.4152
vn 0.1811 -0.9476 -0.2630
vn 0.2325 -0.9202 -0.3150
vn 0.4019 -0.8828 -0.2430
vn 0.3284 -0.9368 -0.1209
vn 0.5111 -0.8557 0.0806
vn 0.5107 -0.8565 0.0740
vn 0.5112 -0.8556 0.0814
vn 0.4067 -0.9054 -0.1216
vn 0.3353 -0.9379 0.0889
vn 0.3532 -0.9158 0.1910
vn 0.5010 -0.8654 0.0062
vn 0.7510 -0.6601 -0.0159
vn 0.8064 -0.5887 0.0559
vn 0.9139 -0.3417 -0.2192
vn 0.7892 -0.5999 -0.1317
vn 0.9245 -0.2769 -0.2619
vn 0.8643 -0.4276 -0.2647
vn 0.9335 -0.2773 -0.2274
vn 0.8335 -0.4090 -0.3716
vn 0.7224 -0.6119 -0.3222
vn 0.6506 -0.3952 -0.6484
vn 0.6063 -0.7106 -0.3571
vn 0.5970 -0.6938 -0.4027
vn 0.2590 -0.6917 -0.6741
vn 0.4572 -0.7187 -0.5239
vn 0.4018 -0.6491 -0.6459
vn 0.2611 -0.7062 -0.6581
vn 0.4399 -0.6953 -0.5685
vn 0.4399 -0.7270 -0.5273
vn 0.4466 -0.7189 -0.5327
vn 0.4409 -0.7258 -0.5281
vn 0.3185 -0.7244 -0.6114
vn 0.3724 -0.6866 -0.6245
vn 0.3734 -0.6773 -0.6338
vn 0.2945 -0.7011 -0.6494
vn 0.3129 -0.6877 -0.6551
vn 0.3161 -0.5242 -0.7907
vn 0.1847 -0.6451 -0.7414
vn 0.1380 -0.5865 -0.7981
vn 0.4459 -0.4910 -0.7484
vn 0.4153 -0.5286 -0.7404
vn 0.3187 -0.4819 -0.8162
vn 0.3395 -0.3352 -0.8788
vn 0.1842 -0.5123 -0.8388
vn 0.2137 -0.4417 -0.8714
vn 0.4296 -0.3157 -0.8460
vn 0.3882 -0.4518 -0.8032
vn 0.3385 -0.3489 -0.8739
vn 0.3200 -0.3813 -0.8673
vn 0.2668 -0.3525 -0.8970
vn 0.2713 -0.3168 -0.9088
vn 0.4690 -0.2495 -0.8472
vn 0.4674 -0.3238 -0.8226
vn 0.3356 -0.2247 -0.9148
vn 0.3385 -0.2250 -0.9137
vn 0.2697 -0.2494 -0.9301
vn 0.2882 -0.1477 -0.9461
vn 0.5133 -0.1104 -0.8511
vn 0.4736 -0.2346 -0.8489
vn 0.3439 -0.1523 -0.9266
vn 0.4261 0.0334 -0.9040
vn 0.4261 0.0300 -0.9042
vn 0.4262 0.0344 -0.9040
vn 0.2489 -0.1094 -0.9623
vn 0.2325 -0.0761 -0.9696
vn 0.2725 0.0571 -0.9605
vn 0.0870 -0.0350 -0.9956
vn 0.0708 -0.0079 -0.9975
vn 0.0799 0.0152 -0.9967
vn 0.0520 -0.0176 -0.9985
vn 0.0531 0.0572 -0.9969
vn 0.0048 0.0093 -0.9999
vn -0.0307 0.0525 -0.9982
vn -0.0129 0.0701 -0.9975
vn -0.0129 0.0693 -0.9975
vn -0.2228 0.0235 -0.9746
vn -0.2079 0.0987 -0.9732
vn -0.2155 0.1056 -0.9708
vn -0.2987 0.0380 -0.9536
vn -0.2802 0.0908 -0.9556
vn -0.2802 0.0958 -0.9552
vn -0.2803 0.0897 -0.9557
vn -0.4270 0.1423 -0.8930
vn -0.4447 0.1067 -0.8893
vn -0.4369 0.1225 -0.8911
vn -0.5582 0.1327 -0.8190
vn -0.5683 0.0883 -0.8180
vn -0.5231 0.2372 -0.8186
vn -0.6503 0.1098 -0.7517
vn -0.6559 0.2011 -0.7275
vn -0.6676 0.2210 -0.7109
vn -0.7938 0.1256 -0.5951
vn -0.7414 0.3232 -0.5881
vn -0.7534 0.2413 -0.6117
vn -0.7522 0.2493 -0.6100
vn -0.7537 0.2392 -0.6122
vn -0.8086 0.2482 -0.5334
vn -0.7807 0.2461 -0.5744
vn -0.8275 0.2473 -0.5040
vn -0.9290 0.1833 -0.3214
vn -0.8929 0.2958 -0.3396
vn -0.8608 0.3852 -0.3327
vn -0.9300 0.2911 -0.2245
vn -0.9153 0.3475 -0.2035
vn -0.8515 0.4607 -0.2504
vn -0.8823 0.4651 -0.0719
vn -0.8625 0.4997 -0.0801
vn -0.8901 0.4548 0.0301
vn -0.8688 0.4892 0.0766
vn -0.8212 0.5425 -0.1770
vn -0.8649 0.4329 -0.2540
vn -0.8098 0.5867 -0.0066
vn -0.7696 0.5752 -0.2773
vn -0.8356 0.4525 -0.3115
vn -0.8061 0.3931 -0.4424
vn -0.7397 0.4888 -0.4624
vn -0.7971 0.5251 -0.2982
vn -0.6968 0.4861 -0.5274
vn -0.7341 0.3798 -0.5628
vn -0.7905 0.3899 -0.4723
vn -0.6325 0.3906 -0.6688
vn -0.6492 0.3442 -0.6783
vn -0.7519 0.2513 -0.6095
vn -0.4819 0.3754 -0.7917
vn -0.4803 0.3833 -0.7889
vn -0.4823 0.3734 -0.7924
vn -0.5228 0.2481 -0.8156
vn -0.6650 0.2411 -0.7068
vn -0.3983 0.1891 -0.8976
vn -0.3666 0.2171 -0.9047
vn -0.5257 0.2135 -0.8234
vn -0.2291 0.3220 -0.9186
vn -0.3089 0.2170 -0.9260
vn -0.4308 0.2282 -0.8731
vn -0.1520 0.1792 -0.9720
vn -0.1430 0.1370 -0.9802
vn -0.2802 0.0969 -0.9550
vn 0.0108 0.1812 -0.9834
vn -0.0296 0.0626 -0.9976
vn -0.2150 0.0786 -0.9734
vn 0.0359 0.0969 -0.9946
vn 0.0124 0.0456 -0.9989
vn 0.0938 0.0652 -0.9934
vn 0.0786 0.0201 -0.9967
vn 0.0050 0.0665 -0.9978
vn 0.2860 0.0173 -0.9581
vn 0.2736 0.0677 -0.9594
vn 0.0799 -0.0007 -0.9968
vn 0.3833 -0.0223 -0.9234
vn 0.4144 -0.0459 -0.9089
vn 0.2730 -0.0096 -0.9620
vn 0.4505 -0.1023 -0.8869
vn 0.4768 -0.0583 -0.8771
vn 0.4261 0.0290 -0.9042
vn 0.6395 -0.0231 -0.7684
vn 0.5977 -0.1450 -0.7885
vn 0.5221 0.0155 -0.8528
vn 0.7016 -0.1473 -0.6972
vn 0.6476 -0.1391 -0.7492
vn 0.6795 -0.2295 -0.6969
vn 0.6059 -0.2497 -0.7553
vn 0.6918 -0.2109 -0.6906
vn 0.5908 -0.2595 -0.7640
vn 0.5404 -0.2183 -0.8126
vn 0.6247 -0.4015 -0.6697
vn 0.5281 -0.3944 -0.7520
vn 0.5754 -0.4141 -0.7053
vn 0.4970 -0.4646 -0.7329
vn 0.5493 -0.4866 -0.6793
vn 0.4750 -0.4560 -0.7526
vn 0.4166 -0.6493 -0.6362
vn 0.4409 -0.6877 -0.5768
vn 0.3704 -0.7405 -0.5607
vn 0.4476 -0.7176 -0.5335
vn 0.3989 -0.7501 -0.5274
vn 0.4194 -0.6957 -0.5832
vn 0.4050 -0.6456 -0.6475
vn 0.5241 -0.7431 -0.4160
vn 0.3715 -0.8882 -0.2702
vn 0.3810 -0.8761 -0.2953
vn 0.4165 -0.8964 -0.1514
vn 0.5932 -0.7963 -0.1183
vn 0.5917 -0.7602 -0.2684
vn 0.5700 -0.7944 -0.2099
vn 0.8131 -0.5127 -0.2756
vn 0.7972 -0.5478 -0.2536
vn 0.8384 -0.5243 -0.1491
vn 0.8551 -0.5105 -0.0907
vn 0.8518 -0.4711 -0.2290
vn 0.8256 -0.5441 0.1497
vn 0.8149 -0.5760 0.0639
vn 0.6708 -0.7383 0.0704
vn 0.6005 -0.7919 -0.1108
vn 0.3868 -0.9187 -0.0795
vn 0.4825 -0.8576 0.1780
vn 0.5048 -0.8552 -0.1171
vn 0.5035 -0.8549 -0.1250
vn 0.5049 -0.8553 -0.1169
vn 0.4897 -0.8693 -0.0670
vn 0.5034 -0.8549 -0.1254
vn 0.5023 -0.8455 -0.1813
vn 0.7186 -0.6352 -0.2830
vn 0.5213 -0.8494 -0.0820
vn 0.7146 -0.6877 -0.1283
vn 0.7304 -0.6582 -0.1823
vn 0.6987 -0.6866 -0.2008
vn 0.7116 -0.6847 -0.1574
vn 0.7653 -0.5858 -0.2666
vn 0.6585 -0.6574 -0.3663
vn 0.7394 -0.5192 -0.4286
vn 0.8605 -0.3442 -0.3756
vn 0.6354 -0.5098 -0.5800
vn 0.6818 -0.4340 -0.5889
vn 0.8540 -0.3648 -0.3710
vn 0.8279 -0.4231 -0.3682
vn 0.8176 -0.4507 -0.3584
vn 0.8830 -0.3135 -0.3493
vn 0.8855 -0.3054 -0.3502
vn 0.8825 -0.3152 -0.3491
vn 0.7201 -0.4183 -0.5536
vn 0.7637 -0.2648 -0.5887
vn 0.8796 -0.2666 -0.3940
vn 0.8347 -0.3600 -0.4167
vn 0.8860 -0.3038 -0.3504
vn 0.8899 -0.2692 -0.3682
vn 0.7896 -0.2329 -0.5677
vn 0.7715 -0.2506 -0.5848
vn 0.9174 -0.1581 -0.3653
vn 0.9070 -0.2164 -0.3612
vn 0.9040 -0.2093 -0.3728
vn 0.9321 -0.0784 -0.3536
vn 0.7925 -0.1945 -0.5780
vn 0.8017 -0.1694 -0.5732
vn 0.9452 -0.0446 -0.3234
vn 0.9218 -0.0935 -0.3762
vn 0.9295 -0.1047 -0.3536
vn 0.8993 -0.1328 -0.4168
vn 0.8573 -0.0993 -0.5052
vn 0.8676 -0.0186 -0.4969
vn 0.8731 0.0120 -0.4873
vn 0.6944 -0.0266 -0.7191
vn 0.7138 -0.0679 -0.6971
vn 0.7056 -0.0147 -0.7085
vn 0.6915 -0.0291 -0.7218
vn 0.6764 0.0736 -0.7328
vn 0.6496 0.0121 -0.7602
vn 0.4734 0.0396 -0.8800
vn 0.5018 0.0756 -0.8617
vn 0.4962 0.1197 -0.8599
vn 0.3992 0.0504 -0.9155
vn 0.4075 0.1143 -0.9060
vn 0.3914 0.1531 -0.9074
vn 0.2884 0.0278 -0.9571
vn 0.3247 0.1495 -0.9339
vn 0.3087 0.1149 -0.9442
vn 0.0642 0.1282 -0.9897
vn 0.0805 0.1510 -0.9853
vn 0.1456 0.2717 -0.9513
vn 0.0124 0.2058 -0.9785
vn -0.0178 0.2033 -0.9789
vn 0.0357 0.2620 -0.9644
vn 0.0406 0.1878 -0.9814
vn 0.0516 0.2803 -0.9585
vn 0.0736 0.3736 -0.9247
vn -0.2170 0.1895 -0.9576
vn -0.1337 0.3056 -0.9427
vn -0.1029 0.4757 -0.8735
vn -0.2179 0.3411 -0.9144
vn -0.2258 0.4642 -0.8564
vn -0.1638 0.4818 -0.8608
vn -0.3883 0.3993 -0.8305
vn -0.3393 0.4027 -0.8501
vn -0.2556 0.4776 -0.8406
vn -0.4454 0.4774 -0.7575
vn -0.4754 0.5150 -0.7132
vn -0.3460 0.6797 -0.6467
vn -0.5966 0.4890 -0.6364
vn -0.5357 0.5772 -0.6163
vn -0.3866 0.7759 -0.4985
vn -0.5996 0.5663 -0.5656
vn -0.4556 0.7538 -0.4735
vn -0.3554 0.8530 -0.3821
vn -0.5845 0.7298 -0.3546
vn -0.4136 0.8548 -0.3134
vn -0.2316 0.9383 -0.2567
vn -0.4687 0.8620 -0.1933
vn -0.3481 0.9171 -0.1943
vn -0.4004 0.8802 -0.2547
vn -0.3790 0.9207 -0.0926
vn -0.3677 0.9298 -0.0187
vn -0.5001 0.8500 -0.1656
vn -0.4819 0.8756 0.0332
vn -0.4745 0.8712 -0.1262
vn -0.6813 0.7163 -0.1510
vn -0.7412 0.6713 -0.0009
vn -0.4519 0.8214 -0.3479
vn -0.2442 0.9331 -0.2640
vn -0.4042 0.8945 -0.1913
vn -0.6407 0.7317 -0.2327
vn -0.3130 0.9235 -0.2219
vn -0.3300 0.9072 -0.2609
vn -0.5055 0.8188 -0.2721
vn -0.4489 0.7865 -0.4242
vn -0.7315 0.5500 -0.4029
vn -0.2441 0.7909 -0.5611
vn -0.2312 0.7798 -0.5818
vn -0.2653 0.7547 -0.6001
vn -0.0898 0.7529 -0.6520
vn -0.0898 0.7528 -0.6520
vn -0.0899 0.7527 -0.6522
vn -0.1422 0.6206 -0.7711
vn -0.2152 0.6576 -0.7220
vn -0.0939 0.5191 -0.8495
vn -0.0201 0.4370 -0.8992
vn -0.1654 0.4650 -0.8697
vn 0.0913 0.4477 -0.8895
vn 0.0744 0.5163 -0.8532
vn -0.1029 0.4758 -0.8735
vn 0.0258 0.5215 -0.8528
vn 0.0511 0.4916 -0.8693
vn 0.0815 0.4571 -0.8857
vn 0.1621 0.5046 -0.8480
vn 0.1506 0.3938 -0.9068
vn 0.0429 0.3773 -0.9251
vn 0.2251 0.3289 -0.9172
vn 0.2758 0.2075 -0.9386
vn 0.1456 0.2548 -0.9560
vn 0.4116 0.2188 -0.8847
vn 0.3017 0.2617 -0.9168
vn 0.5300 0.1851 -0.8276
vn 0.5328 0.2690 -0.8024
vn 0.3955 0.1093 -0.9120
vn 0.5636 0.1767 -0.8070
vn 0.6104 0.1513 -0.7775
vn 0.4933 0.1500 -0.8568
vn 0.7039 0.0748 -0.7063
vn 0.7396 0.0243 -0.6726
vn 0.6466 0.1072 -0.7552
vn 0.8579 -0.0347 -0.5126
vn 0.8742 0.0244 -0.4850
vn 0.7060 0.0017 -0.7082
vn 0.9083 0.0136 -0.4182
vn 0.9101 0.0140 -0.4141
vn 0.8714 -0.0526 -0.4878
vn 0.9369 -0.0364 -0.3478
vn 0.9427 -0.0917 -0.3209
vn 0.9099 0.0007 -0.4147
vn 0.9772 -0.1488 -0.1518
vn 0.9859 -0.1129 -0.1236
vn 0.9340 -0.1472 -0.3257
vn 0.9927 -0.1200 0.0139
vn 0.9969 -0.0695 0.0380
vn 0.9903 -0.0662 -0.1221
vn 0.9982 -0.0558 -0.0237
vn 0.9857 -0.1247 -0.1132
vn 0.9873 -0.1512 -0.0497
vn 0.9707 -0.1913 -0.1452
vn 0.9592 -0.2731 -0.0726
vn 0.9477 -0.2468 -0.2025
vn 0.9604 -0.2782 -0.0161
vn 0.9207 -0.3033 -0.2456
vn 0.9211 -0.3859 -0.0521
vn 0.8767 -0.3948 -0.2747
vn 0.8868 -0.4532 -0.0908
vn 0.8969 -0.4043 -0.1792
vn 0.8474 -0.5229 -0.0926
vn 0.8740 -0.4495 -0.1843
vn 0.8121 -0.5687 -0.1309
vn 0.7862 -0.5895 -0.1854
vn 0.8160 -0.5757 -0.0520
vn 0.7711 -0.6353 -0.0426
vn 0.7610 -0.5878 -0.2744
vn 0.7709 -0.6369 0.0048
vn 0.6110 -0.7915 -0.0139
vn 0.6110 -0.7915 -0.0130
vn 0.6264 -0.7793 -0.0175
vn 0.3320 -0.9206 0.2056
vn 0.5116 -0.8589 -0.0236
vn 0.3339 -0.9088 0.2503
vn 0.3761 -0.9195 0.1141
vn 0.3221 -0.9381 0.1274
vn 0.5955 -0.7956 0.1113
vn 0.6231 -0.7820 0.0140
vn 0.4768 -0.8304 0.2882
vn 0.5144 -0.8005 0.3076
vn 0.6031 -0.7855 0.1384
vn 0.2350 -0.8974 0.3733
vn 0.4063 -0.8787 0.2505
vn 0.4859 -0.8519 0.1956
vn 0.5750 -0.7539 0.3177
vn 0.4751 -0.8236 0.3098
vn 0.5880 -0.7760 0.2281
vn 0.5069 -0.7423 0.4383
vn 0.3771 -0.8723 0.3114
vn 0.5613 -0.7749 0.2908
vn 0.4723 -0.6734 0.5687
vn 0.5318 -0.8140 0.2337
vn 0.5967 -0.6461 0.4758
vn 0.6968 -0.3800 0.6083
vn 0.7229 -0.6562 0.2162
vn 0.7374 -0.4813 0.4739
vn 0.6718 -0.3618 0.6464
vn 0.7875 -0.4780 0.3889
vn 0.7917 -0.3938 0.4670
vn 0.6859 -0.4594 0.5644
vn 0.7758 -0.3956 0.4916
vn 0.7750 -0.4119 0.4793
vn 0.8104 -0.3516 0.4686
vn 0.8602 -0.4099 0.3034
vn 0.8705 -0.3197 0.3742
vn 0.8524 -0.2998 0.4284
vn 0.9407 -0.2768 0.1961
vn 0.9492 -0.2203 0.2248
vn 0.9513 -0.1841 0.2472
vn 0.9557 -0.2155 0.2004
vn 0.9724 -0.1240 0.1978
vn 0.9837 -0.1171 0.1365
vn 0.9879 -0.0732 0.1367
vn 0.9880 -0.0722 0.1369
vn 0.9879 -0.0730 0.1367
vn 0.9443 -0.0517 0.3249
vn 0.9578 -0.0901 0.2729
vn 0.9730 -0.0676 0.2208
vn 0.9470 -0.1657 0.2750
vn 0.9880 -0.0720 0.1369
vn 0.9882 -0.0972 0.1183
vn 0.9798 -0.0964 0.1751
vn 0.9952 -0.0970 0.0164
vn 0.9988 -0.0405 0.0271
vn 0.9860 0.1663 0.0145
vn 0.9877 -0.0509 -0.1477
vn 0.9890 0.0681 -0.1310
vn 0.9964 0.0429 -0.0730
vn 0.9376 0.0121 -0.3475
vn 0.9503 0.0577 -0.3060
vn 0.9494 0.2080 -0.2352
vn 0.9081 -0.0377 -0.4171
vn 0.9248 0.1366 -0.3551
vn 0.8870 0.3217 -0.3314
vn 0.8556 0.0728 -0.5125
vn 0.8479 0.2647 -0.4594
vn 0.8242 0.3995 -0.4013
vn 0.6871 0.1901 -0.7012
vn 0.6841 0.3444 -0.6430
vn 0.7281 0.3342 -0.5985
vn 0.5310 0.3155 -0.7865
vn 0.6202 0.2364 -0.7480
vn 0.5839 0.3672 -0.7240
vn 0.5255 0.2107 -0.8243
vn 0.4895 0.3895 -0.7802
vn 0.3924 0.3268 -0.8598
vn 0.3699 0.5567 -0.7438
vn 0.3445 0.5178 -0.7831
vn 0.1995 0.5033 -0.8408
vn 0.2399 0.5161 -0.8222
vn 0.3283 0.4574 -0.8265
vn 0.1632 0.4758 -0.8643
vn 0.2014 0.4598 -0.8649
vn 0.0617 0.5789 -0.8131
vn 0.0217 0.4574 -0.8890
vn 0.0472 0.5731 -0.8181
vn 0.1048 0.7457 -0.6580
vn 0.0943 0.4849 -0.8695
vn 0.1831 0.7706 -0.6104
vn 0.0834 0.7683 -0.6346
vn -0.0688 0.7493 -0.6586
vn 0.0227 0.7863 -0.6174
vn 0.1460 0.8317 -0.5357
vn 0.3336 0.5798 -0.7433
vn 0.4104 0.5328 -0.7400
vn 0.4379 0.5573 -0.7055
vn 0.5163 0.4611 -0.7217
vn 0.8072 0.3395 -0.4828
vn 0.8424 0.3487 -0.4108
vn 0.7141 0.3767 -0.5901
vn 0.8985 0.2088 -0.3862
vn 0.8426 0.3330 -0.4232
vn 0.9324 0.2350 -0.2747
vn 0.9177 0.3409 -0.2040
vn 0.9016 0.2689 -0.3387
vn 0.9447 0.3149 -0.0912
vn 0.9690 0.2332 -0.0815
vn 0.9211 0.3163 -0.2271
vn 0.9790 0.2023 0.0248
vn 0.9831 0.1789 0.0387
vn 0.9779 0.1979 -0.0669
vn 0.9641 0.1996 0.1753
vn 0.9866 0.0834 0.1399
vn 0.9993 0.0373 0.0058
vn 0.9749 0.0757 0.2094
vn 0.9706 0.0229 0.2397
vn 0.9810 0.0305 0.1915
vn 0.9620 0.0217 0.2723
vn 0.9663 -0.0956 0.2390
vn 0.9525 -0.1065 0.2854
vn 0.9080 -0.0916 0.4088
vn 0.9130 -0.0927 0.3973
vn 0.9377 -0.1708 0.3027
vn 0.8729 -0.0883 0.4798
vn 0.8150 -0.2100 0.5401
vn 0.8149 -0.2100 0.5402
vn 0.8161 -0.2099 0.5385
vn 0.8797 -0.0414 0.4738
vn 0.8377 -0.0773 0.5406
vn 0.8778 -0.1005 0.4684
vn 0.8393 -0.2041 0.5039
vn 0.8628 -0.2164 0.4570
vn 0.7722 -0.1988 0.6035
vn 0.7495 -0.2880 0.5961
vn 0.8220 -0.2884 0.4910
vn 0.6261 -0.2740 0.7300
vn 0.6003 -0.3979 0.6938
vn 0.7012 -0.3915 0.5958
vn 0.6023 -0.3514 0.7168
vn 0.6403 -0.3735 0.6712
vn 0.6520 -0.4748 0.5911
vn 0.6250 -0.3340 0.7056
vn 0.6571 -0.3935 0.6429
vn 0.7019 -0.3459 0.6227
vn 0.4623 -0.4256 0.7779
vn 0.5023 -0.5256 0.6866
vn 0.5427 -0.4469 0.7112
vn 0.3537 -0.5432 0.7615
vn 0.3630 -0.6728 0.6447
vn 0.5490 -0.6473 0.5287
vn 0.1605 -0.6919 0.7039
vn 0.1756 -0.7812 0.5990
vn 0.3050 -0.8065 0.5064
vn 0.2609 -0.7883 0.5572
vn 0.3475 -0.8819 0.3186
vn 0.3870 -0.8207 0.4204
vn 0.4903 -0.8102 0.3213
vn 0.2746 -0.8351 0.4767
vn 0.2927 -0.9150 0.2775
vn 0.3088 -0.9001 0.3074
vn 0.2988 -0.8429 0.4474
vn 0.4558 -0.8342 0.3104
vn 0.0444 -0.8787 0.4753
vn 0.1057 -0.8107 0.5759
vn 0.3862 -0.8486 0.3616
vn 0.2917 -0.8264 0.4817
vn 0.2964 -0.7484 0.5933
vn 0.2914 -0.7779 0.5568
vn 0.6285 -0.6752 0.3861
vn 0.5735 -0.6764 0.4622
vn 0.2992 -0.9136 0.2754
vn 0.5037 -0.8311 0.2358
vn 0.2082 -0.7787 0.5918
vn 0.2478 -0.9023 0.3527
vn 0.0589 -0.9296 0.3638
vn 0.2479 -0.9142 0.3207
vn 0.5107 -0.8566 0.0733
vn -0.0551 -0.9463 0.3186
vn -0.0121 -0.9997 -0.0198
vn 0.2307 -0.9704 0.0711
vn -0.3998 -0.9161 -0.0313
vn -0.3438 -0.9034 -0.2561
vn -0.0371 -0.9402 -0.3385
vn -0.4352 -0.8600 -0.2665
vn -0.4112 -0.7922 -0.4510
vn -0.3489 -0.8647 -0.3613
vn -0.4843 -0.6587 -0.5759
vn -0.4614 -0.7589 -0.4595
vn -0.5268 -0.7111 -0.4657
vn -0.6392 -0.6011 -0.4797
vn -0.5636 -0.7826 -0.2644
vn -0.6868 -0.7089 -0.1605
vn -0.5924 -0.8053 0.0228
vn -0.6593 -0.7517 -0.0132
vn -0.7359 -0.6768 -0.0187
vn -0.5420 -0.7838 0.3032
vn -0.6165 -0.7660 0.1823
vn -0.4360 -0.8869 0.1529
vn -0.4934 -0.7958 0.3510
vn -0.3140 -0.9083 0.2762
vn -0.2473 -0.9258 0.2861
vn -0.4236 -0.8907 0.1647
vn -0.3419 -0.9098 0.2355
vn -0.3070 -0.9439 0.1214
vn -0.3278 -0.9119 0.2468
vn -0.1602 -0.9653 0.2064
vn -0.1171 -0.9633 0.2416
vn -0.1128 -0.9639 0.2413
vn -0.1392 -0.9394 0.3132
vn -0.3167 -0.8058 0.5004
vn -0.1002 -0.9068 0.4094
vn -0.0600 -0.8395 0.5401
vn -0.1792 -0.7039 0.6874
vn -0.0291 -0.8684 0.4951
vn -0.0998 -0.7913 0.6032
vn -0.1317 -0.7223 0.6789
vn 0.1119 -0.7627 0.6370
vn 0.1163 -0.7014 0.7032
vn 0.0869 -0.5945 0.7994
vn 0.1923 -0.6856 0.7021
vn 0.1983 -0.5568 0.8066
vn 0.1779 -0.4552 0.8724
vn 0.1731 -0.5894 0.7891
vn 0.1484 -0.5032 0.8513
vn 0.1503 -0.4335 0.8885
vn 0.3663 -0.4574 0.8103
vn 0.3586 -0.4367 0.8251
vn 0.3327 -0.4056 0.8513
vn 0.4670 -0.3911 0.7930
vn 0.4911 -0.2883 0.8220
vn 0.5685 -0.2369 0.7878
vn 0.6229 -0.3474 0.7009
vn 0.5391 -0.2552 0.8026
vn 0.5894 -0.4649 0.6606
vn 0.6176 -0.2590 0.7426
vn 0.7142 -0.3379 0.6130
vn 0.8221 -0.0881 0.5624
vn 0.6166 -0.3147 0.7217
vn 0.6935 -0.1402 0.7067
vn 0.7254 -0.1585 0.6698
vn 0.7781 -0.1456 0.6110
vn 0.8139 -0.2100 0.5417
vn 0.2321 -0.7700 0.5943
vn 0.1138 -0.8486 0.5167
vn 0.2852 -0.7818 0.5545
vn -0.0210 -0.9020 0.4313
vn 0.0093 -0.8878 0.4601
vn -0.0342 -0.9689 0.2452
vn 0.0382 -0.9662 0.2549
vn -0.0595 -0.9621 0.2660
vn -0.0597 -0.9147 0.3996
vn -0.1315 -0.8877 0.4412
vn -0.1338 -0.8340 0.5353
vn -0.0661 -0.8277 0.5573
vn -0.2442 -0.7919 0.5597
vn 0.0541 -0.8731 0.4846
vn -0.0995 -0.8224 0.5601
vn 0.0473 -0.8019 0.5956
vn -0.3067 -0.8118 0.4969
vn -0.2984 -0.9020 0.3121
vn -0.0606 -0.9308 0.3604
vn -0.5326 -0.8079 0.2524
vn -0.4229 -0.8732 0.2422
vn -0.4102 -0.8817 0.2331
vn -0.5586 -0.7548 0.3440
vn -0.4298 -0.8110 0.3969
vn -0.3184 -0.7876 0.5275
vn -0.3546 -0.8903 0.2858
vn -0.3004 -0.8346 0.4618
vn -0.1967 -0.8827 0.4269
vn -0.5020 -0.7634 0.4065
vn -0.5732 -0.7765 0.2618
vn -0.4433 -0.8964 0.0022
vn -0.5863 -0.5402 -0.6037
vn 0.8025 -0.0781 0.5915
vn 0.8283 -0.1454 0.5411
vn 0.9273 0.0271 0.3733
vn 0.9428 0.0242 0.3324
vn 0.9416 0.2240 0.2513
vn 0.9553 0.2182 0.1994
vn 0.9668 0.2550 -0.0183
vn 0.9712 0.2137 -0.1054
vn 0.9052 0.3238 -0.2753
vn 0.9665 -0.2199 0.1324
vn 0.9378 -0.3172 0.1415
vn 0.9330 -0.3411 0.1144
vn 0.8805 -0.4193 0.2213
vn 0.9665 -0.2372 0.0978
vn 0.9004 -0.3972 0.1773
vn 0.9071 -0.4194 0.0362
vn 0.9344 -0.3464 0.0824
vn 0.8902 -0.4556 0.0018
vn 0.7722 -0.6330 0.0547
vn 0.8557 -0.5164 -0.0337
vn 0.7664 -0.6377 0.0767
vn 0.7916 -0.6065 0.0738
vn 0.8402 -0.5402 0.0468
vn 0.7817 -0.6135 0.1121
vn 0.5745 -0.7698 0.2781
vn 0.7534 -0.6560 0.0446
vn 0.5675 -0.7676 0.2977
vn 0.5737 -0.7580 0.3104
vn 0.6614 -0.6802 0.3162
vn 0.6910 -0.6748 0.2592
vn 0.5956 -0.7493 0.2896
vn 0.6737 -0.6626 0.3274
vn 0.7401 -0.5006 0.4490
vn 0.8106 -0.5698 0.1354
vn 0.8745 -0.4623 0.1469
vn 0.8807 -0.3449 0.3246
vn 0.9024 -0.3822 0.1988
vn 0.9189 -0.3777 0.1137
vn 0.9042 -0.4006 0.1484
vn 0.6409 -0.7590 0.1149
vn 0.4046 -0.8577 0.3173
vn -0.0898 0.7530 -0.6518
vn -0.7335 0.3875 -0.5585
vn -0.6036 0.4821 -0.6350
vn -0.4798 0.3854 -0.7882
vn -0.3814 0.3684 -0.8478
vn -0.2358 0.1739 -0.9561
vn -0.1468 0.3114 -0.9389
vn 0.0101 0.1581 -0.9874
vn 0.0380 0.1780 -0.9833
vn 0.0940 0.0917 -0.9913
vn 0.2848 0.0488 -0.9574
vn 0.3827 0.0077 -0.9238
vn 0.4538 -0.0331 -0.8905
vn 0.6321 -0.1335 -0.7633
vn 0.7106 -0.0359 -0.7027
vn 0.4770 -0.6693 -0.5696
vn 0.5983 -0.6687 -0.4414
vn 0.5761 -0.7959 -0.1863
vn 0.4967 -0.8433 -0.2055
vn -0.7887 0.6018 0.1259
vn 0.1839 -0.7012 -0.6889
vn 0.2892 -0.7253 -0.6247
vn 0.1464 -0.7803 -0.6080
vn 0.1470 -0.7759 -0.6135
vn 0.1464 -0.7810 -0.6072
vn 0.1470 -0.7752 -0.6144
vn -0.0703 -0.7709 -0.6330
vn -0.1659 -0.8347 -0.5252
vn 0.0373 -0.6925 -0.7204
vn 0.0153 -0.5912 -0.8064
vn 0.0807 -0.4672 -0.8805
vn 0.1323 -0.2953 -0.9462
vn 0.3935 -0.4130 -0.8213
vn 0.3298 -0.1991 -0.9228
vn 0.1931 -0.2189 -0.9565
vn 0.2765 -0.3956 -0.8758
vn 0.2616 -0.3494 -0.8997
vn 0.4115 -0.6970 -0.5872
vn 0.1656 -0.6663 -0.7271
vn 0.4044 -0.8583 -0.3159
vn 0.1288 -0.7453 -0.6541
vn 0.2269 -0.9242 -0.3073
vn 0.4053 -0.9026 -0.1449
vn 0.2836 -0.9049 -0.3173
vn 0.3855 -0.9197 -0.0744
vn 0.7883 -0.5739 -0.2217
vn 0.6950 -0.5245 -0.4918
vn 0.2523 -0.3951 -0.8833
vn 0.5104 -0.0791 -0.8563
vn 0.4627 -0.4063 -0.7879
vn 0.4931 -0.0405 -0.8690
vn 0.4819 -0.4102 -0.7743
vn 0.4330 -0.3889 -0.8132
vn 0.6295 -0.1151 -0.7684
vn 0.2066 -0.7724 -0.6006
vn 0.2722 -0.7389 -0.6163
vn 0.2878 -0.7794 -0.5565
vn 0.3372 -0.6926 -0.6377
vn 0.2412 -0.7723 -0.5877
vn 0.8055 -0.2012 -0.5574
vn 0.3394 -0.9406 -0.0055
vn 0.8075 -0.5899 0.0015
vn -0.8573 0.4984 0.1290
vn 0.8248 0.5480 0.1395
vn 0.8540 0.5045 0.1273
vn 0.8401 0.5405 0.0468
vn 0.8332 0.5199 0.1883
vn 0.8297 0.5261 0.1866
vn 0.8393 0.5222 0.1511
vn 0.8814 0.4061 0.2415
vn 0.9015 0.3798 0.2073
vn 0.7930 0.4000 0.4595
vn 0.8662 0.1510 0.4764
vn 0.9152 0.2052 0.3469
vn 0.8112 0.1339 0.5693
vn 0.7723 -0.0215 0.6348
vn 0.8445 0.2115 0.4920
vn 0.7878 -0.0165 0.6158
vn 0.6444 0.4963 0.5818
vn 0.6949 0.4242 0.5807
vn 0.8026 0.2127 0.5572
vn 0.6034 0.1655 0.7800
vn 0.7594 0.3039 0.5753
vn 0.6637 0.1609 0.7304
vn 0.6332 0.0357 0.7731
vn 0.6965 0.0884 0.7121
vn 0.5914 0.0393 0.8054
vn 0.6625 -0.0245 0.7487
vn 0.6054 -0.1079 0.7886
vn 0.4243 -0.0170 0.9054
vn 0.5097 -0.0828 0.8564
vn 0.6620 0.1263 0.7388
vn 0.4108 -0.0968 0.9066
vn 0.3819 -0.1850 0.9055
vn 0.3957 -0.1526 0.9056
vn 0.1648 -0.2062 0.9645
vn 0.2031 -0.1491 0.9677
vn 0.3603 -0.2159 0.9075
vn 0.1094 -0.1446 0.9834
vn 0.2144 -0.1476 0.9655
vn 0.1892 -0.2183 0.9574
vn 0.1099 -0.1485 0.9828
vn 0.1258 -0.2992 0.9459
vn 0.1598 -0.3338 0.9290
vn -0.1626 -0.3119 0.9361
vn -0.2090 -0.3602 0.9092
vn 0.1313 -0.3132 0.9406
vn -0.2645 -0.3603 0.8946
vn -0.2791 -0.4004 0.8728
vn -0.1921 -0.4460 0.8741
vn -0.3133 -0.3996 0.8615
vn -0.3272 -0.4260 0.8435
vn -0.2818 -0.4080 0.8684
vn -0.4774 -0.4114 0.7764
vn -0.4471 -0.6195 0.6452
vn -0.3498 -0.5354 0.7687
vn -0.5682 -0.5506 0.6116
vn -0.5068 -0.6259 0.5927
vn -0.4508 -0.6081 0.6534
vn -0.6096 -0.6258 0.4866
vn -0.5000 -0.6510 0.5711
vn -0.5103 -0.7131 0.4808
vn -0.6300 -0.6496 0.4256
vn -0.5520 -0.7649 0.3320
vn -0.4445 -0.7846 0.4322
vn -0.5869 -0.7568 0.2878
vn -0.4385 -0.8964 0.0645
vn -0.4295 -0.8836 0.1863
vn -0.4663 -0.8844 0.0184
vn -0.3431 -0.9132 -0.2199
vn -0.3439 -0.9125 -0.2217
vn -0.3431 -0.9132 -0.2198
vn -0.4279 -0.9031 0.0355
vn -0.3440 -0.9124 -0.2218
vn -0.3749 -0.9116 -0.1687
vn -0.4400 -0.8794 -0.1817
vn -0.4509 -0.8640 -0.2242
vn -0.3906 -0.8818 -0.2643
vn -0.5330 -0.8381 -0.1161
vn -0.6099 -0.7791 0.1450
vn -0.6124 -0.6908 0.3845
vn -0.6384 -0.6059 0.4746
vn -0.6654 -0.5340 0.5217
vn -0.5911 -0.3979 0.7017
vn -0.5055 -0.4025 0.7632
vn -0.3303 -0.3805 0.8638
vn -0.2800 -0.3454 0.8957
vn -0.1706 -0.1851 0.9678
vn 0.1164 -0.0697 0.9908
vn 0.0410 -0.2159 0.9756
vn 0.1278 -0.1381 0.9821
vn 0.3927 0.2627 0.8813
vn 0.4598 0.0594 0.8860
vn 0.6189 0.1454 0.7719
vn 0.6700 0.1775 0.7208
vn 0.6799 0.2220 0.6989
vn 0.7213 0.2079 0.6606
vn 0.7490 0.4010 0.5275
vn 0.7707 0.4265 0.4734
vn 0.8487 0.5012 0.1687
vn -0.7621 0.4759 0.4391
vn 0.5454 0.7907 -0.2781
vn -0.3656 -0.8571 -0.3630
vn -0.3326 0.7207 0.6083
vn 0.7035 0.6274 -0.3339
vn 0.7073 0.6217 -0.3365
vn 0.7028 0.6284 -0.3335
vn 0.5667 0.7921 -0.2268
vn 0.3820 0.9018 0.2021
vn 0.3409 0.9328 0.1170
vn 0.5726 0.8026 0.1672
vn 0.4165 0.8934 0.1686
vn 0.5279 0.8189 0.2252
vn 0.4554 0.8521 0.2580
vn 0.4485 0.8566 0.2550
vn 0.4551 0.8523 0.2579
vn 0.2073 0.9505 0.2317
vn 0.3808 0.8400 0.3866
vn 0.3397 0.8423 0.4185
vn 0.5287 0.6870 0.4985
vn 0.5218 0.6874 0.5051
vn 0.5302 0.6869 0.4970
vn 0.5204 0.6875 0.5065
vn 0.6139 0.5769 0.5388
vn 0.5317 0.5884 0.6092
vn 0.4948 0.4044 0.7692
vn 0.3693 0.4096 0.8342
vn 0.4962 0.3793 0.7809
vn 0.2109 0.3807 0.9003
vn 0.1807 0.3000 0.9367
vn 0.0800 0.2874 0.9545
vn 0.0271 0.2685 0.9629
vn 0.0786 0.2730 0.9588
vn 0.0528 0.1614 0.9855
vn -0.0210 0.1571 0.9874
vn -0.0802 0.0542 0.9953
vn -0.2787 0.0508 0.9590
vn -0.3145 0.0530 0.9478
vn -0.2962 0.0526 0.9537
vn -0.3375 0.0162 0.9412
vn -0.4862 -0.0628 0.8716
vn -0.5735 -0.0582 0.8171
vn -0.6000 -0.1507 0.7856
vn -0.6659 -0.1443 0.7319
vn -0.6433 -0.0960 0.7595
vn -0.7786 -0.0802 0.6224
vn -0.7938 -0.2231 0.5657
vn -0.8357 -0.2141 0.5058
vn -0.8310 -0.2178 0.5118
vn -0.8983 -0.1909 0.3958
vn -0.9121 -0.1633 0.3762
vn -0.9333 -0.1559 0.3234
vn -0.9065 -0.3657 0.2109
vn -0.9160 -0.3611 0.1746
vn -0.9003 -0.4217 0.1079
vn -0.9169 -0.3966 -0.0442
vn -0.8888 -0.4527 -0.0723
vn -0.8858 -0.4364 -0.1576
vn -0.8857 -0.4492 -0.1175
vn -0.7625 -0.5659 -0.3135
vn -0.7644 -0.5696 -0.3021
vn -0.6527 -0.6749 -0.3443
vn 0.2030 0.7065 0.6779
vn 0.1698 0.9807 0.0970
vn 0.3181 0.8136 -0.4867
vn 0.4911 0.8701 0.0405
vn 0.4725 0.8303 -0.2957
vn 0.6403 0.7448 -0.1880
vn 0.7078 0.6210 -0.3368
vn 0.4315 0.8793 0.2014
vn 0.5291 0.8152 0.2355
vn 0.4482 0.8568 0.2549
vn 0.0905 0.9432 0.3195
vn 0.7265 -0.6040 0.3278
vt 0.003990 0.984834
vt 0.003859 0.985103
vt 0.003663 0.984809
vt 0.004107 0.984673
vt 0.004123 0.984989
vt 0.003796 0.984566
vt 0.007976 0.985076
vt 0.008153 0.984939
vt 0.008123 0.985161
vt 0.007711 0.985044
vt 0.007936 0.984921
vt 0.007844 0.985225
vt 0.008670 0.986473
vt 0.008660 0.986163
vt 0.008842 0.986415
vt 0.008674 0.985618
vt 0.008685 0.985922
vt 0.008433 0.985826
vt 0.009006 0.985510
vt 0.008899 0.985822
vt 0.008896 0.985285
vt 0.001574 0.986492
vt 0.001634 0.986272
vt 0.001739 0.986438
vt 0.001306 0.986629
vt 0.001448 0.986412
vt 0.001773 0.986664
vt 0.001539 0.986678
vt 0.002318 0.985564
vt 0.002559 0.985211
vt 0.002677 0.985529
vt 0.001975 0.985378
vt 0.002315 0.985242
vt 0.002318 0.985947
vt 0.002098 0.985695
vt 0.002556 0.985909
vt 0.014968 0.990039
vt 0.014853 0.989900
vt 0.015015 0.989930
vt 0.008894 0.984634
vt 0.008777 0.984837
vt 0.008774 0.984582
vt 0.013849 0.999931
vt 0.013900 0.999643
vt 0.014002 0.999788
vt 0.014598 0.989672
vt 0.014377 0.989597
vt 0.014621 0.989542
vt 0.014764 0.989668
vt 0.014544 0.989465
vt 0.000275 0.997415
vt 0.000314 0.997127
vt 0.000430 0.997314
vt 0.000508 0.997507
vt 0.000309 0.997558
vt 0.013354 0.988572
vt 0.013534 0.988654
vt 0.013324 0.988704
vt 0.013944 0.988628
vt 0.014110 0.988709
vt 0.013930 0.988799
vt 0.014114 0.988792
vt 0.013993 0.988869
vt 0.013928 0.988989
vt 0.013863 0.988989
vt 0.013813 0.988681
vt 0.013811 0.988828
vt 0.014047 0.988924
vt 0.014105 0.988993
vt 0.014008 0.988997
vt 0.014125 0.988889
vt 0.014198 0.989149
vt 0.014220 0.989187
vt 0.014195 0.989181
vt 0.014177 0.989238
vt 0.014153 0.989208
vt 0.014140 0.989165
vt 0.014376 0.989130
vt 0.014457 0.989043
vt 0.014487 0.989090
vt 0.014502 0.989149
vt 0.014355 0.989160
vt 0.014341 0.989120
vt 0.014322 0.989266
vt 0.014317 0.989382
vt 0.014276 0.989263
vt 0.014291 0.989206
vt 0.014333 0.989224
vt 0.014475 0.989277
vt 0.014408 0.989338
vt 0.003671 0.992995
vt 0.003530 0.992766
vt 0.003731 0.992833
vt 0.003941 0.992923
vt 0.003801 0.993109
vt 0.003604 0.993207
vt 0.003510 0.992998
vt 0.012062 0.988499
vt 0.011953 0.988381
vt 0.012082 0.988408
vt 0.012112 0.988745
vt 0.011973 0.988515
vt 0.012318 0.988558
vt 0.012222 0.988668
vt 0.007048 0.995213
vt 0.006833 0.994957
vt 0.007038 0.994893
vt 0.002865 0.994080
vt 0.003223 0.993919
vt 0.003260 0.994167
vt 0.007379 0.995065
vt 0.002746 0.994637
vt 0.002585 0.994365
vt 0.002826 0.994381
vt 0.003057 0.994490
vt 0.002835 0.994773
vt 0.011194 0.988825
vt 0.011352 0.988625
vt 0.011361 0.988829
vt 0.011207 0.987499
vt 0.011361 0.987673
vt 0.011163 0.987625
vt 0.008625 0.995525
vt 0.008542 0.995235
vt 0.008707 0.995286
vt 0.008870 0.995369
vt 0.008709 0.995635
vt 0.012178 0.987870
vt 0.012037 0.987952
vt 0.012082 0.987833
vt 0.012411 0.987909
vt 0.012166 0.987970
vt 0.012233 0.987628
vt 0.012348 0.987765
vt 0.012529 0.990250
vt 0.012466 0.990542
vt 0.012177 0.990333
vt 0.012757 0.989996
vt 0.012705 0.990385
vt 0.012315 0.990057
vt 0.012318 0.991966
vt 0.012292 0.991736
vt 0.012468 0.991884
vt 0.012567 0.992091
vt 0.012335 0.992133
vt 0.012087 0.992145
vt 0.012148 0.991923
vt 0.012072 0.992388
vt 0.011812 0.992115
vt 0.011910 0.991861
vt 0.012358 0.992369
vt 0.012376 0.992621
vt 0.012628 0.992329
vt 0.012670 0.992586
vt 0.012699 0.992855
vt 0.012903 0.992273
vt 0.012960 0.992539
vt 0.013001 0.992820
vt 0.013039 0.993100
vt 0.013309 0.992772
vt 0.013363 0.993060
vt 0.013067 0.993381
vt 0.013628 0.992713
vt 0.013693 0.993007
vt 0.013407 0.993350
vt 0.013748 0.993304
vt 0.013437 0.993636
vt 0.014032 0.992946
vt 0.014095 0.993252
vt 0.013793 0.993602
vt 0.014149 0.993555
vt 0.013831 0.993890
vt 0.014460 0.993203
vt 0.014520 0.993517
vt 0.014201 0.993857
vt 0.014578 0.993829
vt 0.014245 0.994152
vt 0.014918 0.993492
vt 0.014984 0.993804
vt 0.014631 0.994137
vt 0.015045 0.994114
vt 0.014672 0.994438
vt 0.015437 0.993764
vt 0.015501 0.994077
vt 0.015091 0.994421
vt 0.015547 0.994402
vt 0.015122 0.994730
vt 0.010823 0.990250
vt 0.010372 0.990529
vt 0.010371 0.990221
vt 0.010806 0.989929
vt 0.010356 0.989912
vt 0.010788 0.989616
vt 0.009933 0.990189
vt 0.009919 0.989894
vt 0.010342 0.989604
vt 0.009912 0.989592
vt 0.010332 0.989294
vt 0.009504 0.989871
vt 0.009499 0.989578
vt 0.009909 0.989291
vt 0.009495 0.989284
vt 0.009902 0.988996
vt 0.009102 0.989564
vt 0.009096 0.989276
vt 0.009485 0.989000
vt 0.009087 0.988994
vt 0.009463 0.988718
vt 0.008715 0.989267
vt 0.008709 0.988990
vt 0.009067 0.988713
vt 0.008698 0.988709
vt 0.009047 0.988432
vt 0.008335 0.988985
vt 0.008336 0.988711
vt 0.008684 0.988428
vt 0.008335 0.988426
vt 0.008673 0.988141
vt 0.007968 0.988693
vt 0.007987 0.988410
vt 0.008332 0.988138
vt 0.008002 0.988119
vt 0.008334 0.987849
vt 0.007636 0.988363
vt 0.007668 0.988077
vt 0.008018 0.987827
vt 0.007702 0.987777
vt 0.008042 0.987535
vt 0.007328 0.988009
vt 0.007389 0.987709
vt 0.007746 0.987479
vt 0.007450 0.987399
vt 0.007809 0.987185
vt 0.007066 0.987613
vt 0.007142 0.987307
vt 0.007522 0.987101
vt 0.007226 0.986997
vt 0.007615 0.986812
vt 0.006826 0.987199
vt 0.006921 0.986872
vt 0.007333 0.986703
vt 0.007051 0.986561
vt 0.007463 0.986415
vt 0.006614 0.986725
vt 0.006771 0.986382
vt 0.007206 0.986269
vt 0.006968 0.986080
vt 0.007381 0.985979
vt 0.004913 0.985754
vt 0.004771 0.986187
vt 0.004615 0.985851
vt 0.004720 0.985439
vt 0.004444 0.985538
vt 0.004511 0.985157
vt 0.004322 0.985930
vt 0.004170 0.985644
vt 0.004274 0.985254
vt 0.004014 0.985361
vt 0.003888 0.985773
vt 0.003715 0.985500
vt 0.003545 0.985241
vt 0.003460 0.985619
vt 0.003280 0.985342
vt 0.003343 0.984962
vt 0.003098 0.985049
vt 0.003104 0.984685
vt 0.003087 0.985424
vt 0.002926 0.985114
vt 0.002884 0.984773
vt 0.013403 0.989453
vt 0.013650 0.989416
vt 0.013470 0.989584
vt 0.002734 0.984826
vt 0.002751 0.985172
vt 0.002611 0.984852
vt 0.013358 0.989346
vt 0.013609 0.989298
vt 0.013587 0.989207
vt 0.013721 0.989242
vt 0.013320 0.989205
vt 0.013566 0.989075
vt 0.013704 0.989140
vt 0.013705 0.989019
vt 0.013781 0.989116
vt 0.013554 0.988925
vt 0.013709 0.988867
vt 0.013791 0.988998
vt 0.013548 0.988788
vt 0.013697 0.988731
vt 0.013667 0.988588
vt 0.013797 0.988523
vt 0.013620 0.988406
vt 0.013772 0.988343
vt 0.013954 0.988470
vt 0.013953 0.988308
vt 0.014122 0.988448
vt 0.014110 0.988590
vt 0.014137 0.988292
vt 0.014286 0.988443
vt 0.014262 0.988573
vt 0.014243 0.988677
vt 0.014401 0.988582
vt 0.014363 0.988676
vt 0.014331 0.988758
vt 0.014469 0.988702
vt 0.014424 0.988773
vt 0.014380 0.988855
vt 0.014507 0.988813
vt 0.014453 0.988880
vt 0.014373 0.988989
vt 0.014517 0.988924
vt 0.014415 0.989012
vt 0.014325 0.989102
vt 0.014570 0.988982
vt 0.014582 0.988871
vt 0.014644 0.988942
vt 0.014606 0.989051
vt 0.014704 0.989117
vt 0.014620 0.989129
vt 0.014696 0.989221
vt 0.014611 0.989215
vt 0.014501 0.989207
vt 0.014575 0.989306
vt 0.014350 0.989191
vt 0.014660 0.989328
vt 0.014481 0.989401
vt 0.014369 0.989530
vt 0.014348 0.989456
vt 0.014228 0.989523
vt 0.014231 0.989456
vt 0.014231 0.989382
vt 0.014135 0.989424
vt 0.014163 0.989351
vt 0.014240 0.989268
vt 0.014243 0.989192
vt 0.014205 0.989258
vt 0.014113 0.989308
vt 0.014062 0.989368
vt 0.014014 0.989305
vt 0.014078 0.989258
vt 0.013982 0.989238
vt 0.014057 0.989202
vt 0.013968 0.989164
vt 0.014053 0.989140
vt 0.014140 0.989117
vt 0.014070 0.989071
vt 0.014159 0.989056
vt 0.014204 0.989108
vt 0.014226 0.989058
vt 0.014193 0.988981
vt 0.014273 0.988973
vt 0.014268 0.989069
vt 0.014246 0.989114
vt 0.014234 0.989150
vt 0.014275 0.989125
vt 0.014259 0.989158
vt 0.014282 0.989167
vt 0.014266 0.989199
vt 0.014299 0.989137
vt 0.014307 0.989178
vt 0.014321 0.989150
vt 0.014300 0.989084
vt 0.014325 0.988975
vt 0.014219 0.988859
vt 0.014301 0.988849
vt 0.014229 0.988762
vt 0.013975 0.989084
vt 0.013902 0.989093
vt 0.013901 0.989182
vt 0.013843 0.989105
vt 0.013846 0.989200
vt 0.013785 0.989217
vt 0.013870 0.989284
vt 0.013816 0.989307
vt 0.013754 0.989340
vt 0.013873 0.989407
vt 0.013818 0.989459
vt 0.013731 0.989563
vt 0.013913 0.989573
vt 0.013846 0.989695
vt 0.013587 0.989772
vt 0.013747 0.989935
vt 0.013987 0.989806
vt 0.013937 0.990026
vt 0.003493 0.984412
vt 0.003324 0.984570
vt 0.014150 0.989857
vt 0.014130 0.990037
vt 0.007821 0.984412
vt 0.007947 0.984710
vt 0.007742 0.984730
vt 0.008020 0.984468
vt 0.008172 0.984718
vt 0.008209 0.984490
vt 0.008408 0.984751
vt 0.008372 0.985012
vt 0.008596 0.984800
vt 0.008585 0.985081
vt 0.008339 0.985265
vt 0.008608 0.985307
vt 0.008284 0.985489
vt 0.008036 0.985374
vt 0.008140 0.985713
vt 0.007904 0.985599
vt 0.007996 0.985954
vt 0.007755 0.985851
vt 0.007547 0.985707
vt 0.007696 0.985455
vt 0.007368 0.985531
vt 0.007539 0.985293
vt 0.007176 0.985801
vt 0.007854 0.986229
vt 0.007607 0.986126
vt 0.007724 0.986522
vt 0.007979 0.986591
vt 0.007885 0.986891
vt 0.008141 0.986944
vt 0.008086 0.987239
vt 0.008387 0.986990
vt 0.008363 0.987285
vt 0.008341 0.987567
vt 0.008657 0.987312
vt 0.008666 0.987588
vt 0.008669 0.987864
vt 0.009003 0.987599
vt 0.009020 0.987875
vt 0.009032 0.988152
vt 0.009382 0.987874
vt 0.009408 0.988159
vt 0.009435 0.988440
vt 0.009788 0.988136
vt 0.009835 0.988423
vt 0.009875 0.988704
vt 0.010243 0.988368
vt 0.010290 0.988666
vt 0.010321 0.988979
vt 0.010710 0.988618
vt 0.010746 0.988956
vt 0.015587 0.995375
vt 0.015141 0.995664
vt 0.015155 0.995342
vt 0.015595 0.995046
vt 0.010768 0.989292
vt 0.015144 0.995034
vt 0.014740 0.995341
vt 0.014721 0.995039
vt 0.015580 0.994728
vt 0.014698 0.994739
vt 0.014335 0.995044
vt 0.014311 0.994742
vt 0.014284 0.994444
vt 0.013941 0.994737
vt 0.013906 0.994448
vt 0.013868 0.994172
vt 0.013528 0.994473
vt 0.013493 0.994199
vt 0.013465 0.993919
vt 0.013131 0.994232
vt 0.013107 0.993948
vt 0.012748 0.993686
vt 0.013086 0.993663
vt 0.012733 0.993403
vt 0.012403 0.993424
vt 0.012393 0.993150
vt 0.012717 0.993128
vt 0.012061 0.993171
vt 0.012065 0.992903
vt 0.012388 0.992882
vt 0.011730 0.992909
vt 0.011747 0.992641
vt 0.012070 0.992642
vt 0.011414 0.992615
vt 0.011456 0.992339
vt 0.011768 0.992378
vt 0.011125 0.992275
vt 0.011221 0.991979
vt 0.011525 0.992055
vt 0.011345 0.991685
vt 0.011639 0.991780
vt 0.011538 0.991416
vt 0.011817 0.991530
vt 0.012065 0.991630
vt 0.012026 0.991299
vt 0.012264 0.991429
vt 0.012486 0.991577
vt 0.012488 0.991248
vt 0.012714 0.991437
vt 0.012683 0.991780
vt 0.012914 0.991676
vt 0.012820 0.992023
vt 0.012955 0.991316
vt 0.013163 0.991576
vt 0.013073 0.991942
vt 0.013333 0.991849
vt 0.013185 0.992207
vt 0.013423 0.991471
vt 0.013606 0.991744
vt 0.013468 0.992126
vt 0.013767 0.992030
vt 0.013558 0.992417
vt 0.013917 0.991620
vt 0.014087 0.991925
vt 0.013876 0.992333
vt 0.014210 0.992246
vt 0.013957 0.992641
vt 0.014422 0.991809
vt 0.014564 0.992154
vt 0.014307 0.992570
vt 0.014676 0.992495
vt 0.014390 0.992887
vt 0.014929 0.992049
vt 0.015062 0.992421
vt 0.014770 0.992831
vt 0.015175 0.992779
vt 0.014850 0.993165
vt 0.010768 0.991865
vt 0.010329 0.992063
vt 0.010370 0.991730
vt 0.010813 0.991515
vt 0.010382 0.991413
vt 0.010831 0.991186
vt 0.009939 0.991648
vt 0.009927 0.991361
vt 0.010368 0.991119
vt 0.009915 0.991075
vt 0.010364 0.990831
vt 0.009500 0.991339
vt 0.009495 0.991046
vt 0.009918 0.990781
vt 0.009501 0.990748
vt 0.009929 0.990485
vt 0.009101 0.991033
vt 0.009105 0.990733
vt 0.009508 0.990453
vt 0.009108 0.990439
vt 0.009510 0.990164
vt 0.008725 0.990726
vt 0.008728 0.990430
vt 0.009110 0.990147
vt 0.008730 0.990132
vt 0.009106 0.989855
vt 0.008361 0.990411
vt 0.008359 0.990114
vt 0.008725 0.989839
vt 0.008350 0.989824
vt 0.008720 0.989553
vt 0.007983 0.990092
vt 0.007971 0.989807
vt 0.008340 0.989538
vt 0.007960 0.989521
vt 0.008336 0.989260
vt 0.007580 0.989790
vt 0.007572 0.989502
vt 0.007951 0.989239
vt 0.007565 0.989213
vt 0.007955 0.988966
vt 0.007182 0.989493
vt 0.007183 0.989189
vt 0.007573 0.988927
vt 0.007199 0.988877
vt 0.007600 0.988643
vt 0.006816 0.989155
vt 0.006838 0.988827
vt 0.007231 0.988576
vt 0.006869 0.988508
vt 0.007276 0.988288
vt 0.006471 0.988769
vt 0.006506 0.988442
vt 0.006917 0.988202
vt 0.006565 0.988109
vt 0.006984 0.987909
vt 0.006139 0.988353
vt 0.006218 0.987997
vt 0.006650 0.987792
vt 0.006400 0.987405
vt 0.006311 0.987673
vt 0.005734 0.987728
vt 0.005293 0.987485
vt 0.005648 0.987392
vt 0.005567 0.987114
vt 0.005219 0.987216
vt 0.005443 0.986796
vt 0.004901 0.987292
vt 0.005112 0.986904
vt 0.004800 0.986966
vt 0.004947 0.986543
vt 0.004595 0.987355
vt 0.004512 0.987032
vt 0.004642 0.986620
vt 0.004378 0.986694
vt 0.004477 0.986268
vt 0.004223 0.987095
vt 0.004116 0.986777
vt 0.004227 0.986357
vt 0.003977 0.986467
vt 0.004056 0.986046
vt 0.003844 0.986860
vt 0.003727 0.986577
vt 0.003819 0.986182
vt 0.003595 0.986302
vt 0.003646 0.985897
vt 0.003466 0.986664
vt 0.003360 0.986398
vt 0.003442 0.986006
vt 0.003234 0.986098
vt 0.003273 0.985714
vt 0.003096 0.986463
vt 0.002998 0.986173
vt 0.003084 0.985794
vt 0.002814 0.986498
vt 0.002717 0.986219
vt 0.002850 0.985862
vt 0.002536 0.986528
vt 0.002460 0.986259
vt 0.002278 0.986572
vt 0.002223 0.986312
vt 0.002092 0.986038
vt 0.001979 0.986380
vt 0.001858 0.986161
vt 0.001891 0.985830
vt 0.001671 0.985977
vt 0.001458 0.986128
vt 0.001465 0.985800
vt 0.001678 0.985630
vt 0.001848 0.985484
vt 0.000865 0.996635
vt 0.000755 0.996925
vt 0.000626 0.996705
vt 0.000574 0.996999
vt 0.000434 0.996773
vt 0.000454 0.997053
vt 0.000706 0.997207
vt 0.000565 0.997255
vt 0.000656 0.997467
vt 0.000813 0.997427
vt 0.000728 0.997678
vt 0.000553 0.997703
vt 0.000357 0.997711
vt 0.000574 0.997899
vt 0.000369 0.997871
vt 0.000785 0.997892
vt 0.000583 0.998091
vt 0.000375 0.998053
vt 0.000832 0.998109
vt 0.000589 0.998284
vt 0.000368 0.998235
vt 0.000855 0.998317
vt 0.000564 0.998476
vt 0.000351 0.998410
vt 0.000741 0.998747
vt 0.000514 0.998670
vt 0.000315 0.998587
vt 0.014447 0.988450
vt 0.014313 0.988281
vt 0.014493 0.988290
vt 0.011655 0.999591
vt 0.011920 0.999673
vt 0.011766 0.999777
vt 0.014591 0.988486
vt 0.014525 0.988615
vt 0.014672 0.988331
vt 0.014728 0.988560
vt 0.014626 0.988679
vt 0.014560 0.988752
vt 0.014718 0.988759
vt 0.014641 0.988821
vt 0.014713 0.988902
vt 0.014800 0.988848
vt 0.014765 0.988993
vt 0.014685 0.989025
vt 0.014900 0.989073
vt 0.014783 0.989100
vt 0.014894 0.989207
vt 0.014777 0.989217
vt 0.014861 0.989352
vt 0.014742 0.989340
vt 0.014815 0.989528
vt 0.015032 0.989352
vt 0.014986 0.989513
vt 0.015171 0.989515
vt 0.015128 0.989676
vt 0.014932 0.989666
vt 0.015088 0.989822
vt 0.014887 0.989787
vt 0.014736 0.989775
vt 0.014719 0.989895
vt 0.014572 0.989764
vt 0.014548 0.989890
vt 0.014365 0.989749
vt 0.014376 0.989665
vt 0.014336 0.989879
vt 0.014187 0.989714
vt 0.014207 0.989634
vt 0.014040 0.989661
vt 0.014071 0.989583
vt 0.014219 0.989575
vt 0.014095 0.989525
vt 0.013956 0.989506
vt 0.013991 0.989454
vt 0.014115 0.989478
vt 0.014023 0.989414
vt 0.013919 0.989370
vt 0.013962 0.989340
vt 0.013922 0.989263
vt 0.014530 0.990052
vt 0.014307 0.990042
vt 0.014710 0.990052
vt 0.014844 0.990033
vt 0.008632 0.984562
vt 0.008444 0.984530
vt 0.013636 0.999798
vt 0.013585 0.999485
vt 0.013759 0.999551
vt 0.013738 0.999885
vt 0.013665 0.999274
vt 0.013855 0.999349
vt 0.014020 0.999442
vt 0.014080 0.999316
vt 0.014240 0.999468
vt 0.014151 0.999588
vt 0.009063 0.985083
vt 0.008829 0.985103
vt 0.008965 0.984842
vt 0.014339 0.999330
vt 0.009135 0.985221
vt 0.014144 0.999182
vt 0.014481 0.999134
vt 0.009236 0.985368
vt 0.009140 0.985711
vt 0.014272 0.998971
vt 0.014647 0.998885
vt 0.009378 0.985579
vt 0.009306 0.985944
vt 0.009551 0.985841
vt 0.009498 0.986231
vt 0.009262 0.986315
vt 0.009072 0.986023
vt 0.009043 0.986374
vt 0.008859 0.986079
vt 0.008483 0.986082
vt 0.008511 0.986372
vt 0.008324 0.986338
vt 0.008249 0.986027
vt 0.008098 0.986296
vt 0.008436 0.986682
vt 0.008217 0.986640
vt 0.008669 0.986729
vt 0.008654 0.987028
vt 0.008922 0.986740
vt 0.008954 0.987039
vt 0.008979 0.987319
vt 0.009242 0.987008
vt 0.009302 0.987298
vt 0.009346 0.987586
vt 0.009613 0.987240
vt 0.009686 0.987540
vt 0.009743 0.987841
vt 0.010027 0.987466
vt 0.010110 0.987774
vt 0.010178 0.988071
vt 0.010482 0.987679
vt 0.010576 0.987980
vt 0.015454 0.996378
vt 0.015010 0.996618
vt 0.015057 0.996308
vt 0.015509 0.996050
vt 0.010654 0.988290
vt 0.014722 0.995946
vt 0.015106 0.995986
vt 0.014744 0.995642
vt 0.015557 0.995712
vt 0.014357 0.995637
vt 0.014354 0.995343
vt 0.013990 0.995618
vt 0.013987 0.995327
vt 0.013968 0.995034
vt 0.013628 0.995311
vt 0.013606 0.995028
vt 0.013571 0.994748
vt 0.013235 0.995049
vt 0.013197 0.994781
vt 0.013157 0.994512
vt 0.012822 0.994824
vt 0.012797 0.994549
vt 0.012780 0.994267
vt 0.012436 0.994292
vt 0.012434 0.994002
vt 0.012766 0.993979
vt 0.012088 0.994019
vt 0.012086 0.993736
vt 0.012421 0.993709
vt 0.011720 0.993745
vt 0.011721 0.993467
vt 0.012072 0.993450
vt 0.011341 0.993460
vt 0.011359 0.993177
vt 0.011721 0.993186
vt 0.010976 0.993145
vt 0.011014 0.992855
vt 0.011383 0.992894
vt 0.010609 0.992814
vt 0.010670 0.992509
vt 0.011059 0.992565
vt 0.007071 0.999271
vt 0.007188 0.998832
vt 0.007345 0.999181
vt 0.007467 0.998761
vt 0.007627 0.999090
vt 0.010762 0.992203
vt 0.007754 0.998688
vt 0.007916 0.998997
vt 0.010881 0.991895
vt 0.008051 0.998614
vt 0.008215 0.998909
vt 0.011033 0.991590
vt 0.008345 0.998544
vt 0.008523 0.998833
vt 0.011228 0.991300
vt 0.008636 0.998470
vt 0.008829 0.998758
vt 0.011457 0.991034
vt 0.011762 0.991171
vt 0.011681 0.990793
vt 0.011998 0.990942
vt 0.012254 0.991090
vt 0.012232 0.990739
vt 0.012487 0.990902
vt 0.012729 0.991089
vt 0.012721 0.990737
vt 0.012976 0.990955
vt 0.013212 0.991206
vt 0.013243 0.990826
vt 0.013487 0.991082
vt 0.013714 0.991346
vt 0.013794 0.990939
vt 0.014027 0.991203
vt 0.014245 0.991488
vt 0.014379 0.991044
vt 0.014600 0.991342
vt 0.014778 0.991684
vt 0.010463 0.992943
vt 0.010024 0.993108
vt 0.010141 0.992769
vt 0.010588 0.992585
vt 0.010251 0.992418
vt 0.010685 0.992217
vt 0.009826 0.992598
vt 0.009913 0.992259
vt 0.009947 0.991939
vt 0.009527 0.992182
vt 0.009522 0.991903
vt 0.009512 0.991621
vt 0.009116 0.991896
vt 0.009104 0.991612
vt 0.009102 0.991328
vt 0.008727 0.991614
vt 0.008726 0.991315
vt 0.008729 0.991020
vt 0.008361 0.991313
vt 0.008360 0.991012
vt 0.008358 0.990711
vt 0.008005 0.990996
vt 0.008001 0.990687
vt 0.007994 0.990384
vt 0.007641 0.990668
vt 0.007621 0.990363
vt 0.007598 0.990074
vt 0.007237 0.990372
vt 0.007206 0.990082
vt 0.007188 0.989789
vt 0.006807 0.990103
vt 0.006795 0.989794
vt 0.006800 0.989481
vt 0.006417 0.989774
vt 0.006428 0.989451
vt 0.006446 0.989100
vt 0.006050 0.989385
vt 0.006060 0.989020
vt 0.006088 0.988687
vt 0.005861 0.988445
vt 0.005501 0.988779
vt 0.005451 0.988460
vt 0.005805 0.988100
vt 0.005357 0.987818
vt 0.005408 0.988157
vt 0.005051 0.988493
vt 0.005018 0.988225
vt 0.004994 0.987928
vt 0.004957 0.987602
vt 0.004639 0.988010
vt 0.004630 0.987682
vt 0.004311 0.987749
vt 0.004288 0.987405
vt 0.003990 0.987441
vt 0.003933 0.987146
vt 0.003680 0.987463
vt 0.003633 0.987188
vt 0.003564 0.986930
vt 0.003318 0.987217
vt 0.003256 0.986972
vt 0.003179 0.986728
vt 0.002939 0.987004
vt 0.002877 0.986763
vt 0.002642 0.987034
vt 0.002591 0.986785
vt 0.002362 0.987072
vt 0.002320 0.986822
vt 0.002052 0.986873
vt 0.002021 0.986626
vt 0.001784 0.986907
vt 0.002081 0.987117
vt 0.001789 0.987147
vt 0.001508 0.986910
vt 0.001479 0.987137
vt 0.001211 0.986848
vt 0.000820 0.986956
vt 0.000929 0.986728
vt 0.001080 0.986506
vt 0.001261 0.986302
vt 0.000828 0.986355
vt 0.001030 0.986153
vt 0.001246 0.985973
vt 0.001618 0.996450
vt 0.001487 0.996759
vt 0.001360 0.996503
vt 0.001240 0.996805
vt 0.001112 0.996569
vt 0.000991 0.996861
vt 0.001358 0.997060
vt 0.001116 0.997100
vt 0.000892 0.997153
vt 0.001221 0.997345
vt 0.001006 0.997385
vt 0.001098 0.997609
vt 0.000904 0.997644
vt 0.001298 0.997589
vt 0.001161 0.997845
vt 0.000977 0.997867
vt 0.001039 0.998103
vt 0.001208 0.998097
vt 0.001039 0.998333
vt 0.001180 0.998373
vt 0.000985 0.998590
vt 0.001124 0.998631
vt 0.000910 0.998814
vt 0.000812 0.998541
vt 0.011371 0.999064
vt 0.011654 0.999093
vt 0.011451 0.999215
vt 0.011727 0.999266
vt 0.011536 0.999379
vt 0.011829 0.999477
vt 0.011937 0.999129
vt 0.012026 0.999362
vt 0.012098 0.999582
vt 0.012229 0.999270
vt 0.012273 0.999519
vt 0.014840 0.988655
vt 0.014850 0.988415
vt 0.014992 0.988525
vt 0.012438 0.999485
vt 0.014938 0.988755
vt 0.015108 0.988643
vt 0.015016 0.988881
vt 0.014872 0.988947
vt 0.015232 0.988982
vt 0.015056 0.989032
vt 0.015247 0.989173
vt 0.015063 0.989193
vt 0.012814 0.999494
vt 0.013033 0.999322
vt 0.013006 0.999538
vt 0.013219 0.999376
vt 0.013184 0.999592
vt 0.015224 0.989353
vt 0.013256 0.999149
vt 0.013457 0.999215
vt 0.013398 0.999433
vt 0.013343 0.999659
vt 0.013513 0.999042
vt 0.013780 0.998967
vt 0.013719 0.999122
vt 0.013961 0.999068
vt 0.013908 0.999212
vt 0.014076 0.998820
vt 0.013866 0.998721
vt 0.014186 0.998568
vt 0.014423 0.998717
vt 0.013936 0.998461
vt 0.014283 0.998292
vt 0.014545 0.998436
vt 0.014662 0.998142
vt 0.014930 0.998276
vt 0.014791 0.998591
vt 0.015059 0.997956
vt 0.009946 0.986420
vt 0.009813 0.986848
vt 0.009673 0.986544
vt 0.009750 0.986119
vt 0.009523 0.986943
vt 0.009412 0.986636
vt 0.009166 0.986701
vt 0.009929 0.987154
vt 0.010116 0.986733
vt 0.010256 0.987045
vt 0.015270 0.997322
vt 0.014847 0.997527
vt 0.014916 0.997222
vt 0.015345 0.997002
vt 0.010374 0.987364
vt 0.014967 0.996920
vt 0.014565 0.997143
vt 0.014603 0.996857
vt 0.015401 0.996693
vt 0.014285 0.996518
vt 0.014640 0.996560
vt 0.014319 0.996223
vt 0.014683 0.996254
vt 0.013963 0.996196
vt 0.013983 0.995909
vt 0.014342 0.995930
vt 0.013616 0.996156
vt 0.013631 0.995876
vt 0.013634 0.995594
vt 0.013273 0.995853
vt 0.013270 0.995586
vt 0.013259 0.995318
vt 0.012891 0.995600
vt 0.012874 0.995339
vt 0.012462 0.995116
vt 0.012854 0.995086
vt 0.012444 0.994851
vt 0.012070 0.995135
vt 0.012065 0.994859
vt 0.012068 0.994574
vt 0.012434 0.994572
vt 0.011693 0.994574
vt 0.011702 0.994287
vt 0.012078 0.994294
vt 0.011308 0.994289
vt 0.011310 0.994010
vt 0.011713 0.994015
vt 0.010896 0.994299
vt 0.010891 0.994004
vt 0.010906 0.993717
vt 0.011322 0.993738
vt 0.010476 0.993702
vt 0.010514 0.993400
vt 0.010941 0.993432
vt 0.006255 0.999477
vt 0.006396 0.999022
vt 0.006536 0.999419
vt 0.006658 0.998961
vt 0.006806 0.999351
vt 0.010560 0.993106
vt 0.006526 0.998576
vt 0.006789 0.998523
vt 0.006918 0.998899
vt 0.006670 0.998156
vt 0.006937 0.998118
vt 0.007055 0.998478
vt 0.007206 0.998077
vt 0.007327 0.998427
vt 0.007470 0.998033
vt 0.007608 0.998370
vt 0.007739 0.997982
vt 0.007888 0.998306
vt 0.008004 0.997933
vt 0.008166 0.998245
vt 0.008271 0.997878
vt 0.008442 0.998176
vt 0.008542 0.997829
vt 0.008706 0.998103
vt 0.008905 0.998388
vt 0.008970 0.998013
vt 0.009164 0.998295
vt 0.009114 0.998676
vt 0.009387 0.998597
vt 0.009417 0.998194
vt 0.009698 0.998516
vt 0.011908 0.990571
vt 0.009230 0.997909
vt 0.009477 0.997777
vt 0.009642 0.998052
vt 0.009833 0.997849
vt 0.010063 0.998050
vt 0.009919 0.998347
vt 0.010179 0.997804
vt 0.012304 0.989692
vt 0.012514 0.989354
vt 0.012644 0.989651
vt 0.012736 0.989264
vt 0.012927 0.989540
vt 0.013140 0.989789
vt 0.013052 0.990205
vt 0.009531 0.995100
vt 0.009180 0.995200
vt 0.009322 0.994919
vt 0.009688 0.994837
vt 0.009463 0.994639
vt 0.009841 0.994562
vt 0.009118 0.994785
vt 0.009238 0.994480
vt 0.009598 0.994355
vt 0.009342 0.994189
vt 0.009717 0.994058
vt 0.008993 0.994370
vt 0.009082 0.994066
vt 0.009443 0.993884
vt 0.009162 0.993762
vt 0.009525 0.993575
vt 0.008823 0.993977
vt 0.008888 0.993680
vt 0.009228 0.993455
vt 0.008943 0.993372
vt 0.009307 0.993132
vt 0.008619 0.993632
vt 0.008662 0.993334
vt 0.008705 0.993030
vt 0.009017 0.993059
vt 0.008740 0.992737
vt 0.008376 0.993041
vt 0.008392 0.992761
vt 0.008393 0.992486
vt 0.008045 0.992794
vt 0.008044 0.992519
vt 0.008037 0.992230
vt 0.007715 0.992550
vt 0.007708 0.992253
vt 0.007694 0.991943
vt 0.007375 0.992276
vt 0.007361 0.991958
vt 0.007681 0.991621
vt 0.007020 0.991985
vt 0.006998 0.991641
vt 0.007346 0.991623
vt 0.007327 0.991293
vt 0.006640 0.991677
vt 0.006959 0.991302
vt 0.006570 0.991332
vt 0.006911 0.990989
vt 0.006292 0.991727
vt 0.006199 0.991378
vt 0.006484 0.991016
vt 0.006048 0.991037
vt 0.006426 0.990734
vt 0.005813 0.990835
vt 0.005477 0.991115
vt 0.005433 0.990748
vt 0.005818 0.990515
vt 0.005431 0.990398
vt 0.005875 0.990189
vt 0.005099 0.990704
vt 0.005095 0.990351
vt 0.005160 0.990031
vt 0.005500 0.990085
vt 0.005199 0.989717
vt 0.004797 0.990013
vt 0.004828 0.989701
vt 0.005204 0.989406
vt 0.004464 0.989699
vt 0.004826 0.989404
vt 0.004454 0.989415
vt 0.004789 0.989103
vt 0.004116 0.989715
vt 0.004094 0.989439
vt 0.004420 0.989123
vt 0.004064 0.989158
vt 0.004368 0.988808
vt 0.003747 0.989438
vt 0.003729 0.989163
vt 0.004031 0.988859
vt 0.003711 0.988880
vt 0.003998 0.988575
vt 0.003399 0.989143
vt 0.003398 0.988865
vt 0.003704 0.988591
vt 0.003411 0.988585
vt 0.003703 0.988325
vt 0.003083 0.988839
vt 0.003102 0.988562
vt 0.003412 0.988308
vt 0.003108 0.988293
vt 0.003400 0.988036
vt 0.002790 0.988294
vt 0.003097 0.988026
vt 0.002785 0.988034
vt 0.003081 0.987753
vt 0.002464 0.988055
vt 0.002455 0.987804
vt 0.002770 0.987778
vt 0.002439 0.987558
vt 0.002133 0.987827
vt 0.002124 0.987586
vt 0.002107 0.987355
vt 0.001792 0.987603
vt 0.001789 0.987374
vt 0.001440 0.987590
vt 0.001456 0.987363
vt 0.001068 0.987533
vt 0.001101 0.987300
vt 0.000684 0.987448
vt 0.000744 0.987194
vt 0.001147 0.987072
vt 0.000374 0.987083
vt 0.000485 0.986820
vt 0.000639 0.986576
vt 0.002383 0.996218
vt 0.002273 0.996626
vt 0.002136 0.996315
vt 0.002006 0.996679
vt 0.001882 0.996394
vt 0.001738 0.996720
vt 0.002127 0.996977
vt 0.001865 0.997001
vt 0.001615 0.997028
vt 0.001969 0.997301
vt 0.001713 0.997307
vt 0.001452 0.997320
vt 0.001772 0.997588
vt 0.001514 0.997582
vt 0.001552 0.997850
vt 0.001346 0.997840
vt 0.001796 0.997873
vt 0.001556 0.998147
vt 0.001366 0.998115
vt 0.001340 0.998417
vt 0.001536 0.998462
vt 0.001299 0.998687
vt 0.001496 0.998760
vt 0.001240 0.998961
vt 0.001067 0.998881
vt 0.011194 0.998695
vt 0.011518 0.998752
vt 0.011279 0.998899
vt 0.011588 0.998928
vt 0.011444 0.998534
vt 0.011769 0.998625
vt 0.011827 0.998802
vt 0.011875 0.998954
vt 0.012074 0.998704
vt 0.012109 0.998830
vt 0.012161 0.999009
vt 0.012345 0.998763
vt 0.012371 0.998952
vt 0.012411 0.999223
vt 0.012585 0.998784
vt 0.012583 0.998944
vt 0.012596 0.999219
vt 0.012829 0.999001
vt 0.012817 0.999259
vt 0.012617 0.999475
vt 0.012842 0.998836
vt 0.013079 0.998902
vt 0.013059 0.999085
vt 0.013102 0.998733
vt 0.013338 0.998798
vt 0.013296 0.998968
vt 0.013382 0.998591
vt 0.013633 0.998653
vt 0.013578 0.998876
vt 0.013677 0.998393
vt 0.013422 0.998335
vt 0.013737 0.998129
vt 0.013467 0.998070
vt 0.013791 0.997856
vt 0.014015 0.998193
vt 0.014136 0.997630
vt 0.014085 0.997909
vt 0.014455 0.997719
vt 0.014379 0.998006
vt 0.014515 0.997428
vt 0.014761 0.997831
vt 0.014176 0.997357
vt 0.014214 0.997086
vt 0.013841 0.997306
vt 0.013866 0.997037
vt 0.014248 0.996810
vt 0.013900 0.996763
vt 0.013539 0.996986
vt 0.013563 0.996712
vt 0.013935 0.996482
vt 0.013591 0.996438
vt 0.013230 0.996669
vt 0.013251 0.996392
vt 0.012902 0.996117
vt 0.013267 0.996121
vt 0.012899 0.995857
vt 0.012515 0.995878
vt 0.012498 0.995625
vt 0.012104 0.995662
vt 0.012084 0.995399
vt 0.012480 0.995371
vt 0.011695 0.995432
vt 0.011685 0.995152
vt 0.011300 0.995179
vt 0.011305 0.994881
vt 0.011687 0.994864
vt 0.010909 0.994913
vt 0.010908 0.994603
vt 0.011310 0.994581
vt 0.010485 0.994646
vt 0.010470 0.994333
vt 0.005382 0.999682
vt 0.005557 0.999223
vt 0.005674 0.999623
vt 0.005842 0.999162
vt 0.005967 0.999546
vt 0.010461 0.994014
vt 0.005721 0.998770
vt 0.005996 0.998706
vt 0.006125 0.999087
vt 0.005877 0.998316
vt 0.006138 0.998259
vt 0.006261 0.998639
vt 0.006030 0.997862
vt 0.006294 0.997825
vt 0.006402 0.998202
vt 0.006221 0.997428
vt 0.006475 0.997409
vt 0.006558 0.997789
vt 0.006737 0.997386
vt 0.006826 0.997755
vt 0.007000 0.997367
vt 0.007094 0.997723
vt 0.007266 0.997344
vt 0.007355 0.997688
vt 0.007531 0.997317
vt 0.007619 0.997649
vt 0.007802 0.997293
vt 0.007886 0.997613
vt 0.008076 0.997272
vt 0.008158 0.997578
vt 0.008349 0.997253
vt 0.008428 0.997538
vt 0.008619 0.997222
vt 0.008697 0.997486
vt 0.008810 0.997757
vt 0.008963 0.997422
vt 0.009085 0.997662
vt 0.009223 0.997344
vt 0.009332 0.997557
vt 0.009453 0.997268
vt 0.009545 0.997447
vt 0.009669 0.997188
vt 0.009741 0.997338
vt 0.009845 0.997501
vt 0.009674 0.997642
vt 0.010043 0.997327
vt 0.010157 0.997446
vt 0.009993 0.997660
vt 0.009968 0.997202
vt 0.009866 0.996966
vt 0.009914 0.997084
vt 0.012437 0.988043
vt 0.012181 0.988151
vt 0.012182 0.988058
vt 0.012010 0.988130
vt 0.012021 0.988043
vt 0.011900 0.988015
vt 0.011886 0.988109
vt 0.011764 0.988087
vt 0.011994 0.988213
vt 0.011875 0.988199
vt 0.011756 0.988189
vt 0.011620 0.988177
vt 0.011866 0.988291
vt 0.011755 0.988299
vt 0.011622 0.988301
vt 0.011469 0.988295
vt 0.011761 0.988424
vt 0.011637 0.988444
vt 0.011494 0.988448
vt 0.011310 0.988457
vt 0.011526 0.988625
vt 0.011668 0.988617
vt 0.011552 0.988860
vt 0.002222 0.994677
vt 0.002357 0.994372
vt 0.002391 0.994661
vt 0.011724 0.988860
vt 0.011795 0.988597
vt 0.011873 0.988837
vt 0.002071 0.994701
vt 0.002154 0.994394
vt 0.001981 0.994426
vt 0.002102 0.994155
vt 0.001938 0.994733
vt 0.001841 0.994458
vt 0.001911 0.994198
vt 0.001752 0.994245
vt 0.001845 0.993974
vt 0.001714 0.994488
vt 0.001616 0.994296
vt 0.001661 0.994033
vt 0.001494 0.994098
vt 0.001553 0.993783
vt 0.001473 0.994367
vt 0.001340 0.994185
vt 0.001348 0.993851
vt 0.001147 0.993937
vt 0.001216 0.993581
vt 0.008897 0.996300
vt 0.009141 0.996518
vt 0.008840 0.996480
vt 0.008607 0.996226
vt 0.008534 0.996454
vt 0.008337 0.996134
vt 0.008538 0.996694
vt 0.008247 0.996684
vt 0.008236 0.996422
vt 0.007965 0.996673
vt 0.008289 0.996966
vt 0.008012 0.996970
vt 0.007730 0.996975
vt 0.007406 0.996626
vt 0.007695 0.996302
vt 0.007675 0.996652
vt 0.007954 0.996370
vt 0.007453 0.996981
vt 0.007188 0.996987
vt 0.006890 0.996589
vt 0.007172 0.996203
vt 0.007145 0.996603
vt 0.007434 0.996245
vt 0.006930 0.996993
vt 0.006672 0.996996
vt 0.006381 0.996577
vt 0.006631 0.996155
vt 0.006634 0.996581
vt 0.006900 0.996170
vt 0.006416 0.997002
vt 0.006161 0.997008
vt 0.005870 0.996557
vt 0.006115 0.996133
vt 0.006123 0.996572
vt 0.006373 0.996145
vt 0.005907 0.997005
vt 0.005658 0.996999
vt 0.005961 0.997444
vt 0.005713 0.997453
vt 0.005474 0.997456
vt 0.005780 0.997895
vt 0.005536 0.997922
vt 0.005300 0.997934
vt 0.005620 0.998364
vt 0.005368 0.998392
vt 0.005117 0.998395
vt 0.005447 0.998818
vt 0.005184 0.998839
vt 0.004926 0.998838
vt 0.005277 0.999268
vt 0.005002 0.999282
vt 0.004728 0.999271
vt 0.005087 0.999709
vt 0.004785 0.999708
vt 0.004488 0.999687
vt 0.010485 0.994958
vt 0.010903 0.995220
vt 0.010477 0.995274
vt 0.010900 0.995524
vt 0.010467 0.995585
vt 0.010907 0.995814
vt 0.011306 0.995472
vt 0.011322 0.995756
vt 0.011342 0.996031
vt 0.011716 0.995706
vt 0.011741 0.995975
vt 0.011765 0.996238
vt 0.012129 0.995922
vt 0.012153 0.996179
vt 0.012177 0.996436
vt 0.012531 0.996136
vt 0.012542 0.996395
vt 0.012553 0.996664
vt 0.012898 0.996378
vt 0.012895 0.996652
vt 0.012895 0.996922
vt 0.013218 0.996941
vt 0.012901 0.997196
vt 0.013211 0.997217
vt 0.013522 0.997262
vt 0.013210 0.997493
vt 0.013512 0.997535
vt 0.012905 0.997723
vt 0.012903 0.997465
vt 0.013206 0.997758
vt 0.012590 0.997710
vt 0.012586 0.997459
vt 0.012242 0.997220
vt 0.012579 0.997196
vt 0.012222 0.996958
vt 0.012565 0.996933
vt 0.011858 0.997005
vt 0.011826 0.996750
vt 0.012201 0.996696
vt 0.011434 0.996821
vt 0.011395 0.996558
vt 0.011793 0.996492
vt 0.010981 0.996641
vt 0.010943 0.996366
vt 0.011363 0.996297
vt 0.010505 0.996466
vt 0.010475 0.996176
vt 0.010920 0.996093
vt 0.003646 0.999596
vt 0.003907 0.999191
vt 0.003925 0.999626
vt 0.004181 0.999217
vt 0.004205 0.999657
vt 0.010461 0.995883
vt 0.004153 0.998787
vt 0.004417 0.998805
vt 0.004454 0.999247
vt 0.004380 0.998365
vt 0.004628 0.998373
vt 0.004674 0.998823
vt 0.004591 0.997916
vt 0.004829 0.997920
vt 0.004871 0.998384
vt 0.004783 0.997446
vt 0.005010 0.997449
vt 0.005064 0.997931
vt 0.004943 0.996964
vt 0.005179 0.996971
vt 0.005240 0.997455
vt 0.005122 0.996499
vt 0.005372 0.996515
vt 0.005417 0.996986
vt 0.005342 0.996058
vt 0.005601 0.996077
vt 0.005618 0.996538
vt 0.005584 0.995625
vt 0.005857 0.995653
vt 0.005856 0.996106
vt 0.000048 0.990577
vt 0.000509 0.990782
vt 0.000064 0.990867
vt 0.000533 0.991054
vt 0.000091 0.991150
vt 0.006125 0.995682
vt 0.000565 0.991323
vt 0.000141 0.991425
vt 0.006390 0.995706
vt 0.000608 0.991600
vt 0.000206 0.991707
vt 0.006665 0.995734
vt 0.000667 0.991885
vt 0.000287 0.991996
vt 0.000742 0.992172
vt 0.000383 0.992287
vt 0.006950 0.995768
vt 0.000484 0.992573
vt 0.007241 0.995818
vt 0.000833 0.992462
vt 0.000588 0.992858
vt 0.007525 0.995880
vt 0.000920 0.992749
vt 0.000704 0.993135
vt 0.007804 0.995956
vt 0.001014 0.993031
vt 0.000825 0.993403
vt 0.008076 0.996041
vt 0.001112 0.993309
vt 0.001295 0.992944
vt 0.001376 0.993230
vt 0.000967 0.993671
vt 0.001454 0.993506
vt 0.001626 0.993168
vt 0.001695 0.993449
vt 0.001769 0.993723
vt 0.001929 0.993409
vt 0.001994 0.993677
vt 0.002054 0.993920
vt 0.002231 0.993656
vt 0.002286 0.993890
vt 0.002325 0.994118
vt 0.002533 0.993879
vt 0.002567 0.994092
vt 0.002826 0.993883
vt 0.002782 0.993724
vt 0.002486 0.993668
vt 0.003040 0.993559
vt 0.003138 0.993777
vt 0.002721 0.993496
vt 0.002428 0.993417
vt 0.002644 0.993178
vt 0.002171 0.993393
vt 0.002366 0.993126
vt 0.002114 0.993110
vt 0.002317 0.992819
vt 0.001870 0.993126
vt 0.002063 0.992807
vt 0.001808 0.992825
vt 0.002023 0.992503
vt 0.001549 0.992872
vt 0.001753 0.992530
vt 0.001420 0.992289
vt 0.001481 0.992580
vt 0.001213 0.992655
vt 0.001136 0.992365
vt 0.001065 0.992068
vt 0.001353 0.991701
vt 0.001685 0.991940
vt 0.001377 0.991990
vt 0.001710 0.992234
vt 0.001014 0.991781
vt 0.000982 0.991506
vt 0.001335 0.991167
vt 0.001688 0.991379
vt 0.001343 0.991433
vt 0.001684 0.991655
vt 0.000960 0.991235
vt 0.000940 0.990971
vt 0.001319 0.990657
vt 0.001707 0.990864
vt 0.001328 0.990910
vt 0.001701 0.991116
vt 0.000923 0.990708
vt 0.000907 0.990446
vt 0.000493 0.990502
vt 0.001312 0.990150
vt 0.001707 0.990372
vt 0.001312 0.990406
vt 0.001709 0.990615
vt 0.000906 0.990177
vt 0.000917 0.989909
vt 0.000480 0.990220
vt 0.000486 0.989940
vt 0.000498 0.989665
vt 0.000030 0.989986
vt 0.000040 0.989691
vt 0.000061 0.989397
vt 0.005026 0.995612
vt 0.004805 0.996055
vt 0.004747 0.995612
vt 0.004535 0.996066
vt 0.004470 0.995622
vt 0.004277 0.996083
vt 0.004612 0.996512
vt 0.004366 0.996538
vt 0.004125 0.996569
vt 0.004465 0.996997
vt 0.004226 0.997028
vt 0.003988 0.997057
vt 0.004302 0.997474
vt 0.004059 0.997495
vt 0.003817 0.997512
vt 0.004105 0.997926
vt 0.003853 0.997933
vt 0.003602 0.997941
vt 0.003871 0.998354
vt 0.003612 0.998351
vt 0.003354 0.998343
vt 0.003621 0.998755
vt 0.003348 0.998739
vt 0.003080 0.998717
vt 0.003356 0.999142
vt 0.003080 0.999118
vt 0.002809 0.999090
vt 0.003071 0.999537
vt 0.002799 0.999496
vt 0.002516 0.999444
vt 0.010623 0.997050
vt 0.011093 0.997175
vt 0.010701 0.997320
vt 0.011156 0.997444
vt 0.010789 0.997601
vt 0.011219 0.997719
vt 0.011522 0.997336
vt 0.011563 0.997603
vt 0.011607 0.997870
vt 0.011911 0.997523
vt 0.011933 0.997777
vt 0.011960 0.998034
vt 0.012266 0.997728
vt 0.012276 0.997975
vt 0.012294 0.998230
vt 0.012594 0.997958
vt 0.012593 0.998214
vt 0.012595 0.998465
vt 0.012898 0.997974
vt 0.012883 0.998232
vt 0.012867 0.998483
vt 0.012592 0.998646
vt 0.013158 0.998277
vt 0.013128 0.998525
vt 0.012852 0.998689
vt 0.013189 0.998016
vt 0.013500 0.997807
vt 0.012334 0.998633
vt 0.012038 0.998530
vt 0.012317 0.998482
vt 0.011994 0.998286
vt 0.011708 0.998392
vt 0.011652 0.998138
vt 0.012253 0.997474
vt 0.011367 0.998270
vt 0.011290 0.997995
vt 0.011096 0.998440
vt 0.010989 0.998158
vt 0.001680 0.999179
vt 0.001996 0.998934
vt 0.001956 0.999292
vt 0.002265 0.999000
vt 0.002237 0.999378
vt 0.010884 0.997880
vt 0.002287 0.998633
vt 0.002550 0.998671
vt 0.002536 0.999053
vt 0.002570 0.998301
vt 0.002831 0.998317
vt 0.002814 0.998699
vt 0.002581 0.997948
vt 0.002844 0.997948
vt 0.003094 0.998330
vt 0.003074 0.997563
vt 0.003101 0.997947
vt 0.003331 0.997543
vt 0.003355 0.997947
vt 0.003266 0.997148
vt 0.003513 0.997108
vt 0.003573 0.997528
vt 0.003411 0.996696
vt 0.003658 0.996640
vt 0.003755 0.997079
vt 0.003536 0.996212
vt 0.003781 0.996155
vt 0.003891 0.996602
vt 0.003658 0.995726
vt 0.003923 0.995668
vt 0.004027 0.996110
vt 0.000143 0.988526
vt 0.000563 0.988824
vt 0.000121 0.988815
vt 0.000542 0.989110
vt 0.000094 0.989107
vt 0.004196 0.995634
vt 0.000952 0.989107
vt 0.000946 0.989376
vt 0.000520 0.989390
vt 0.001349 0.989360
vt 0.001339 0.989627
vt 0.000932 0.989642
vt 0.001721 0.989617
vt 0.001713 0.989877
vt 0.001323 0.989890
vt 0.002087 0.989873
vt 0.002094 0.990125
vt 0.001707 0.990130
vt 0.002447 0.989886
vt 0.002469 0.990142
vt 0.002098 0.990363
vt 0.002477 0.990389
vt 0.002091 0.990601
vt 0.002464 0.990634
vt 0.002074 0.990846
vt 0.002403 0.991128
vt 0.002052 0.991096
vt 0.002364 0.991369
vt 0.002025 0.991352
vt 0.002308 0.991633
vt 0.001997 0.991625
vt 0.002266 0.991912
vt 0.001983 0.991915
vt 0.001993 0.992207
vt 0.002267 0.992205
vt 0.002287 0.992508
vt 0.002549 0.992244
vt 0.002552 0.992545
vt 0.002583 0.992856
vt 0.002824 0.992602
vt 0.002849 0.992907
vt 0.002927 0.993235
vt 0.003094 0.992951
vt 0.003176 0.993257
vt 0.003292 0.993545
vt 0.003389 0.993253
vt 0.003509 0.993481
vt 0.003389 0.993734
vt 0.003615 0.993639
vt 0.003468 0.993865
vt 0.006773 0.994412
vt 0.007029 0.994591
vt 0.006826 0.994694
vt 0.003726 0.993778
vt 0.003856 0.993517
vt 0.003992 0.993641
vt 0.004117 0.993356
vt 0.003735 0.993383
vt 0.003974 0.993238
vt 0.004153 0.993034
vt 0.004525 0.992931
vt 0.004540 0.993280
vt 0.004339 0.993150
vt 0.004272 0.993475
vt 0.004295 0.992815
vt 0.004453 0.992573
vt 0.004063 0.992699
vt 0.004197 0.992463
vt 0.004355 0.992211
vt 0.003944 0.992355
vt 0.004087 0.992094
vt 0.004240 0.991839
vt 0.003821 0.992001
vt 0.003940 0.991737
vt 0.004046 0.991485
vt 0.003633 0.991668
vt 0.003713 0.991413
vt 0.003776 0.991171
vt 0.003392 0.991354
vt 0.003445 0.991098
vt 0.003808 0.990919
vt 0.003076 0.991278
vt 0.003122 0.991022
vt 0.003483 0.990841
vt 0.003159 0.990763
vt 0.003502 0.990563
vt 0.002789 0.990945
vt 0.002821 0.990694
vt 0.003174 0.990499
vt 0.002833 0.990439
vt 0.003167 0.990221
vt 0.002825 0.990178
vt 0.003469 0.989974
vt 0.003497 0.990264
vt 0.003134 0.989940
vt 0.002795 0.989909
vt 0.003102 0.989665
vt 0.002769 0.989637
vt 0.002430 0.989618
vt 0.002755 0.989368
vt 0.002083 0.989612
vt 0.002422 0.989347
vt 0.002078 0.989338
vt 0.002426 0.989077
vt 0.001724 0.989347
vt 0.001720 0.989076
vt 0.002078 0.989071
vt 0.001721 0.988813
vt 0.001346 0.989093
vt 0.001342 0.988825
vt 0.001353 0.988557
vt 0.000961 0.988829
vt 0.000972 0.988546
vt 0.000990 0.988270
vt 0.000583 0.988536
vt 0.000594 0.988244
vt 0.001010 0.988011
vt 0.000162 0.988231
vt 0.000604 0.987968
vt 0.000225 0.987640
vt 0.000188 0.987933
vt 0.003139 0.995913
vt 0.003284 0.996296
vt 0.003032 0.996385
vt 0.002883 0.996018
vt 0.002784 0.996471
vt 0.003163 0.996759
vt 0.002910 0.996825
vt 0.002656 0.996887
vt 0.003009 0.997186
vt 0.002756 0.997230
vt 0.002498 0.997267
vt 0.002823 0.997583
vt 0.002562 0.997601
vt 0.002291 0.997608
vt 0.002317 0.997935
vt 0.002056 0.997907
vt 0.002305 0.998275
vt 0.002044 0.998237
vt 0.001790 0.998189
vt 0.002024 0.998583
vt 0.001764 0.998521
vt 0.001730 0.998851
vt 0.002035 0.997603
vt 0.002228 0.997292
vt 0.002397 0.996940
vt 0.002529 0.996552
vt 0.002631 0.996118
vt 0.000636 0.987705
vt 0.001037 0.987769
vt 0.000288 0.987359
vt 0.001424 0.987822
vt 0.001779 0.988079
vt 0.001401 0.988059
vt 0.001757 0.988319
vt 0.001376 0.988301
vt 0.002123 0.988320
vt 0.002103 0.988565
vt 0.001733 0.988563
vt 0.002454 0.988560
vt 0.002438 0.988814
vt 0.002085 0.988812
vt 0.002768 0.988823
vt 0.002754 0.989096
vt 0.003075 0.989118
vt 0.003084 0.989391
vt 0.003412 0.989416
vt 0.003436 0.989694
vt 0.003773 0.989714
vt 0.003801 0.990001
vt 0.004129 0.990011
vt 0.003818 0.990305
vt 0.004127 0.990335
vt 0.003818 0.990619
vt 0.004130 0.990663
vt 0.004138 0.990973
vt 0.004443 0.990682
vt 0.004468 0.991003
vt 0.004123 0.991250
vt 0.004467 0.991308
vt 0.004802 0.991019
vt 0.004795 0.991348
vt 0.004698 0.991670
vt 0.004383 0.991583
vt 0.004998 0.991736
vt 0.004819 0.992039
vt 0.004527 0.991944
vt 0.005128 0.992132
vt 0.004921 0.992417
vt 0.004631 0.992313
vt 0.005224 0.992541
vt 0.004997 0.992809
vt 0.004715 0.992683
vt 0.006410 0.992841
vt 0.006760 0.993047
vt 0.006461 0.993179
vt 0.006808 0.993360
vt 0.006539 0.993502
vt 0.004769 0.993062
vt 0.007103 0.993244
vt 0.007148 0.993536
vt 0.006871 0.993660
vt 0.007197 0.993834
vt 0.006934 0.993966
vt 0.006624 0.993795
vt 0.007242 0.994136
vt 0.006987 0.994278
vt 0.006703 0.994105
vt 0.007506 0.994031
vt 0.007526 0.994346
vt 0.007278 0.994453
vt 0.007559 0.994670
vt 0.007325 0.994769
vt 0.007794 0.994600
vt 0.007830 0.994913
vt 0.007611 0.994990
vt 0.007887 0.995249
vt 0.007701 0.995317
vt 0.007505 0.995402
vt 0.007801 0.995637
vt 0.007630 0.995710
vt 0.007473 0.995786
vt 0.007283 0.995496
vt 0.011054 0.988505
vt 0.011275 0.988297
vt 0.011136 0.988669
vt 0.007958 0.995591
vt 0.011001 0.988320
vt 0.011263 0.988153
vt 0.010995 0.987996
vt 0.011274 0.988027
vt 0.011462 0.988163
vt 0.011468 0.988046
vt 0.011298 0.987913
vt 0.011482 0.987933
vt 0.011637 0.987952
vt 0.011627 0.988066
vt 0.011500 0.987813
vt 0.011653 0.987828
vt 0.011796 0.987859
vt 0.011778 0.987980
vt 0.011828 0.987703
vt 0.011973 0.987759
vt 0.011923 0.987906
vt 0.012069 0.987517
vt 0.012391 0.989017
vt 0.012255 0.989389
vt 0.012189 0.989069
vt 0.011879 0.987449
vt 0.011671 0.987672
vt 0.011692 0.987427
vt 0.012576 0.988951
vt 0.011507 0.987441
vt 0.008832 0.995726
vt 0.009186 0.995611
vt 0.008961 0.995849
vt 0.009025 0.995481
vt 0.009365 0.995354
vt 0.008998 0.995082
vt 0.008803 0.994988
vt 0.008902 0.994677
vt 0.008612 0.994919
vt 0.008684 0.994602
vt 0.008751 0.994289
vt 0.008472 0.994554
vt 0.008524 0.994242
vt 0.008575 0.993933
vt 0.008315 0.993913
vt 0.008339 0.993613
vt 0.008354 0.993329
vt 0.008035 0.993625
vt 0.008033 0.993343
vt 0.008032 0.993071
vt 0.007736 0.993380
vt 0.007719 0.993101
vt 0.007716 0.992828
vt 0.007427 0.993157
vt 0.007398 0.992871
vt 0.007385 0.992579
vt 0.007072 0.992949
vt 0.007052 0.992640
vt 0.007036 0.992317
vt 0.006727 0.992722
vt 0.006704 0.992385
vt 0.006676 0.992036
vt 0.006372 0.992478
vt 0.006339 0.992101
vt 0.005439 0.992239
vt 0.005309 0.991813
vt 0.005635 0.991911
vt 0.005438 0.991470
vt 0.005784 0.991564
vt 0.005840 0.991208
vt 0.005101 0.991401
vt 0.005131 0.991060
vt 0.004765 0.990690
vt 0.004748 0.990347
vt 0.004450 0.990004
vt 0.004433 0.990343
vt 0.007447 0.993445
vt 0.007748 0.993667
vt 0.007481 0.993730
vt 0.008037 0.993923
vt 0.007768 0.993960
vt 0.008029 0.994235
vt 0.007774 0.994279
vt 0.008284 0.994223
vt 0.008262 0.994542
vt 0.008030 0.994553
vt 0.008241 0.994867
vt 0.008040 0.994871
vt 0.008226 0.995207
vt 0.008057 0.995216
vt 0.008106 0.995558
vt 0.008243 0.995543
vt 0.008383 0.995215
vt 0.008374 0.995543
vt 0.011086 0.987736
vt 0.011029 0.987858
vt 0.011332 0.987795
vt 0.008502 0.995554
vt 0.008427 0.994881
vt 0.011514 0.987668
vt 0.011353 0.987487
vt 0.010308 0.997543
vt 0.002785 0.988555
vt 0.002464 0.988307
vt 0.002134 0.988073
vt 0.001792 0.987840
vt 0.002437 0.990878
vt 0.002750 0.991197
vt 0.002699 0.991450
vt 0.003019 0.991539
vt 0.002638 0.991709
vt 0.002953 0.991797
vt 0.002583 0.991968
vt 0.002888 0.992054
vt 0.002841 0.992320
vt 0.003182 0.992132
vt 0.003115 0.992389
vt 0.003079 0.992657
vt 0.003369 0.992454
vt 0.003313 0.992709
vt 0.003319 0.992980
vt 0.003606 0.992524
vt 0.003705 0.992267
vt 0.003830 0.992600
vt 0.003453 0.992203
vt 0.003546 0.991934
vt 0.003259 0.991873
vt 0.003332 0.991615
vt 0.001435 0.999061
vt 0.011888 0.997267
vt 0.011479 0.997076
vt 0.011035 0.996916
vt 0.010552 0.996759
vt 0.003634 0.999165
vt 0.003361 0.999568
vt 0.003886 0.998771
vt 0.004127 0.998359
vt 0.004349 0.997920
vt 0.004545 0.997454
vt 0.004705 0.996972
vt 0.004868 0.996497
vt 0.005072 0.996052
vt 0.005306 0.995614
vt 0.000036 0.990283
vt 0.013821 0.997577
vt 0.008567 0.996957
vt 0.008820 0.996698
vt 0.008841 0.996936
vt 0.008887 0.997178
vt 0.009113 0.996916
vt 0.009152 0.997128
vt 0.009348 0.996897
vt 0.009387 0.997081
vt 0.009569 0.996875
vt 0.009612 0.997033
vt 0.009547 0.996715
vt 0.009811 0.996710
vt 0.009828 0.996841
vt 0.012382 0.988435
vt 0.012166 0.988244
vt 0.012421 0.988306
vt 0.012437 0.988174
vt 0.012132 0.988331
vt 0.011974 0.988295
vt 0.011860 0.988398
vt 0.011892 0.988563
vt 0.012000 0.988798
vt 0.009816 0.996575
vt 0.009543 0.996556
vt 0.009395 0.996380
vt 0.009573 0.996401
vt 0.009357 0.996544
vt 0.001573 0.994529
vt 0.001683 0.994790
vt 0.009186 0.996348
vt 0.009336 0.996717
vt 0.009112 0.996710
vt 0.001814 0.994760
vt 0.002406 0.987317
vt 0.002695 0.987278
vt 0.002999 0.987245
vt 0.002741 0.987528
vt 0.003045 0.987494
vt 0.003361 0.987476
vt 0.003390 0.987749
vt 0.003697 0.987758
vt 0.003699 0.988063
vt 0.004004 0.987767
vt 0.003997 0.988101
vt 0.004302 0.988338
vt 0.003988 0.988348
vt 0.004310 0.988534
vt 0.004664 0.988521
vt 0.004725 0.988796
vt 0.005107 0.988785
vt 0.005166 0.989097
vt 0.005554 0.989110
vt 0.005590 0.989428
vt 0.005960 0.989156
vt 0.005986 0.989494
vt 0.005570 0.989751
vt 0.006012 0.990037
vt 0.006410 0.990092
vt 0.005967 0.990404
vt 0.005955 0.989821
vt 0.006402 0.990438
vt 0.006831 0.990413
vt 0.005967 0.990731
vt 0.006868 0.990701
vt 0.007270 0.990672
vt 0.007300 0.990978
vt 0.007659 0.990984
vt 0.007672 0.991295
vt 0.008011 0.991311
vt 0.008018 0.991624
vt 0.008366 0.991616
vt 0.008374 0.991914
vt 0.008028 0.991929
vt 0.008736 0.991902
vt 0.008745 0.992186
vt 0.008385 0.992205
vt 0.009127 0.992175
vt 0.009123 0.992453
vt 0.008751 0.992466
vt 0.009497 0.992475
vt 0.009411 0.992802
vt 0.009089 0.992735
vt 0.009714 0.992937
vt 0.009611 0.993263
vt 0.009919 0.993428
vt 0.009823 0.993745
vt 0.010229 0.993620
vt 0.010120 0.993953
vt 0.013866 0.990510
vt 0.013547 0.990679
vt 0.013614 0.990264
vt 0.009986 0.994269
vt 0.013299 0.990433
vt 0.012980 0.990593
vt 0.013372 0.990026
vt 0.014124 0.990772
vt 0.010338 0.993287
vt 0.006035 0.989715
vt 0.005911 0.988785
vt 0.004646 0.988287
vt 0.004304 0.988089
vt 0.015170 0.997642
vt 0.000290 0.996822
vt 0.002909 0.985483
vt 0.005092 0.986088
vt 0.005272 0.986439
vt 0.006494 0.987087
vt 0.006743 0.987508
vt 0.010831 0.990572
vt 0.010831 0.990883
vt 0.015359 0.993461
vt 0.015272 0.993131
vt 0.013253 0.992484
vt 0.013484 0.988496
vt 0.013270 0.988855
vt 0.002261 0.984868
vt 0.002076 0.985199
vt 0.002078 0.984845
vt 0.000036 0.997250
vt 0.000159 0.997348
vt 0.013273 0.989030
vt 0.002454 0.984855
vt 0.004312 0.984917
vt 0.006808 0.995197
vt 0.002583 0.994666
vt 0.013497 0.999733
vt 0.015190 0.988795
vt 0.003398 0.995807
vt 0.010986 0.988151
vt 0.009839 0.996438
vt 0.000149 0.996946
s 1
usemtl m_e7e4abd1-9917-3afd-059e-89f98d3c1694
f 2/1/1 3/2/1 4/3/1
f 5/4/2 6/5/2 2/1/2
f 2/1/3 7/6/3 5/4/3
f 8/7/4 9/8/4 10/9/4
f 8/7/5 5/10/5 11/11/5
f 10/9/6 12/12/6 8/7/6
f 13/13/7 14/14/8 15/15/9
f 16/16/10 17/17/11 18/18/12
f 19/19/13 20/20/13 16/16/13
f 16/16/14 21/21/14 19/19/14
f 22/22/15 23/23/16 24/24/17
f 22/22/18 25/25/18 26/26/18
f 22/22/19 27/27/20 28/28/21
f 29/29/22 30/30/22 31/31/22
f 32/32/23 33/33/23 29/29/23
f 29/29/24 34/34/24 35/35/24
f 31/31/25 36/36/26 29/29/27
f 35/35/28 32/32/29 29/29/30
f 37/37/31 38/38/31 39/39/31
f 37/40/32 40/41/32 41/42/32
f 37/43/33 42/44/33 43/45/33
f 44/46/34 45/47/34 46/48/34
f 46/48/35 47/49/35 44/46/35
f 45/47/36 48/50/36 46/48/36
f 49/51/37 50/52/37 51/53/37
f 49/51/38 52/54/39 53/55/40
f 49/56/41 54/57/41 55/58/41
f 56/59/42 57/60/43 58/61/44
f 58/61/45 59/62/45 60/63/45
f 58/61/46 61/64/47 62/65/48
f 58/61/49 63/66/49 56/59/49
f 62/65/50 64/67/50 58/61/50
f 65/68/51 66/69/51 67/70/51
f 60/63/52 68/71/53 65/68/54
f 67/70/55 60/63/55 65/68/55
f 69/72/56 70/73/56 71/74/56
f 71/74/57 72/75/57 73/76/57
f 71/74/58 74/77/58 69/72/58
f 75/78/59 76/79/59 77/80/59
f 75/78/60 78/81/61 79/82/62
f 79/82/63 80/83/63 75/78/63
f 81/84/64 82/85/64 83/86/64
f 81/84/65 84/87/65 85/88/65
f 81/84/66 86/89/66 87/90/66
f 88/91/67 89/92/67 90/93/67
f 88/91/68 91/94/69 92/95/69
f 88/91/70 93/96/71 94/97/72
f 95/98/73 96/99/73 97/100/73
f 95/98/74 98/101/74 99/102/74
f 95/98/75 100/103/75 101/104/75
f 102/105/76 103/106/76 104/107/76
f 105/108/77 106/109/77 102/110/77
f 104/107/78 107/111/78 102/105/78
f 108/112/79 109/113/79 110/114/79
f 108/112/80 111/115/81 112/116/82
f 108/117/83 113/118/83 114/119/83
f 115/120/84 116/121/84 117/122/84
f 115/123/85 118/124/85 119/125/85
f 115/123/86 120/126/86 121/127/86
f 122/128/87 123/129/88 124/130/89
f 122/128/90 125/131/90 126/132/90
f 122/128/91 127/133/91 128/134/91
f 129/135/92 130/136/92 131/137/92
f 132/138/93 133/139/94 129/135/95
f 129/135/95 134/140/96 132/138/93
f 135/141/97 136/142/97 137/143/97
f 135/141/98 138/144/98 139/145/98
f 135/141/99 140/146/99 141/147/99
f 142/148/100 143/149/101 140/146/102
f 140/146/103 144/150/103 141/147/103
f 140/146/104 145/151/105 142/148/106
f 146/152/107 142/148/108 145/151/109
f 145/151/110 138/144/110 147/153/110
f 145/151/111 148/154/111 146/152/111
f 149/155/112 146/152/112 148/154/112
f 148/154/113 150/156/114 151/157/115
f 148/154/116 152/158/116 149/155/116
f 153/159/117 149/155/117 152/158/117
f 151/157/118 154/160/118 152/158/118
f 154/160/119 153/159/119 152/158/119
f 155/161/120 156/162/120 153/159/120
f 155/161/121 157/163/121 158/164/121
f 158/164/122 159/165/122 155/161/122
f 160/166/123 161/167/123 159/165/123
f 160/166/124 162/168/124 163/169/124
f 163/169/125 164/170/125 160/166/125
f 165/171/126 166/172/127 164/170/128
f 165/171/129 167/173/129 168/174/129
f 168/174/130 169/175/130 165/171/130
f 170/176/131 171/177/131 169/175/131
f 170/176/132 172/178/133 173/179/134
f 173/179/134 174/180/135 170/176/132
f 175/181/136 176/182/137 174/180/138
f 175/181/139 177/183/139 178/184/139
f 178/184/140 179/185/140 175/181/140
f 180/186/141 181/187/142 179/185/143
f 180/188/144 182/189/144 183/190/144
f 183/190/145 184/191/146 180/188/147
f 185/192/148 186/193/148 184/191/148
f 185/192/149 187/194/149 188/195/149
f 188/195/150 189/196/151 185/192/152
f 190/197/153 191/198/153 189/196/153
f 190/197/154 192/199/154 193/200/154
f 193/200/155 194/201/155 190/197/155
f 195/202/156 196/203/157 194/201/158
f 195/202/159 197/204/160 198/205/161
f 198/205/161 199/206/162 195/202/159
f 200/207/163 201/208/163 199/206/163
f 200/207/164 202/209/165 203/210/166
f 203/210/166 204/211/167 200/207/164
f 205/212/168 206/213/168 204/211/168
f 205/212/169 207/214/170 208/215/171
f 208/215/172 209/216/172 205/212/172
f 210/217/173 211/218/174 209/216/175
f 210/217/176 212/219/176 213/220/176
f 213/220/177 214/221/178 210/217/179
f 215/222/180 216/223/180 214/221/180
f 215/222/181 217/224/182 218/225/183
f 218/225/183 219/226/184 215/222/181
f 220/227/185 221/228/185 219/226/185
f 220/227/186 222/229/187 223/230/188
f 223/230/189 224/231/189 220/227/189
f 225/232/190 226/233/190 224/231/190
f 225/232/191 227/234/191 228/235/191
f 228/235/192 229/236/192 225/232/192
f 230/237/193 231/238/193 229/236/193
f 230/237/194 232/239/194 233/240/194
f 233/240/195 234/241/195 230/237/195
f 235/242/196 236/243/196 234/241/196
f 235/242/197 237/244/198 238/245/199
f 238/245/200 239/246/200 235/242/200
f 240/247/201 241/248/201 239/246/201
f 240/249/202 242/250/202 243/251/202
f 243/251/203 244/252/203 240/249/203
f 245/253/204 246/254/204 244/252/204
f 245/253/205 247/255/206 248/256/207
f 248/256/208 249/257/208 245/253/208
f 250/258/209 6/5/209 249/257/209
f 250/258/210 251/259/210 252/260/210
f 252/260/211 3/2/211 250/258/211
f 253/261/212 4/3/212 3/2/212
f 253/261/213 254/262/213 255/263/213
f 255/263/214 256/264/214 253/261/214
f 257/265/215 258/266/215 256/264/215
f 257/265/216 259/267/216 260/268/216
f 260/268/217 261/269/217 257/265/217
f 262/270/218 263/271/218 261/272/218
f 262/273/219 264/274/219 265/275/219
f 265/276/220 266/277/220 262/270/220
f 267/278/221 268/279/222 266/277/223
f 267/278/224 269/280/224 270/281/224
f 270/281/225 271/282/225 267/278/225
f 272/283/226 273/284/227 271/282/228
f 272/283/229 274/285/229 275/286/229
f 275/286/230 276/287/230 272/283/230
f 275/286/231 277/288/231 278/289/231
f 278/289/232 64/67/232 275/286/232
f 278/289/233 54/57/234 279/290/235
f 279/290/235 63/66/236 278/289/233
f 280/291/237 281/292/237 282/293/237
f 282/293/238 283/294/238 280/291/238
f 280/291/239 56/59/239 63/66/239
f 284/295/240 285/296/240 283/294/240
f 283/294/241 286/297/241 56/59/241
f 287/298/242 288/299/242 285/296/242
f 285/296/243 289/300/243 286/297/243
f 290/301/244 286/297/244 289/300/244
f 288/299/245 291/302/245 289/300/245
f 289/300/246 292/303/246 290/301/246
f 293/304/247 290/301/247 292/303/247
f 291/302/248 294/305/249 292/303/250
f 292/303/250 295/306/251 293/304/252
f 296/307/253 293/304/253 295/306/253
f 294/305/254 297/308/254 295/306/254
f 295/306/255 298/309/256 296/307/257
f 299/310/258 296/307/258 298/309/258
f 297/308/259 300/311/259 298/309/259
f 298/309/260 301/312/261 299/310/262
f 302/313/263 299/310/263 301/312/263
f 300/311/264 76/79/264 301/312/264
f 301/312/265 80/83/265 302/313/265
f 303/314/266 304/315/266 305/316/266
f 305/316/267 306/317/267 303/314/267
f 303/314/268 77/80/268 76/79/268
f 306/317/269 307/318/269 308/319/269
f 308/319/270 77/80/270 306/317/270
f 308/319/271 309/320/271 310/321/271
f 310/321/272 78/81/272 308/319/272
f 311/322/273 79/82/62 78/81/61
f 311/322/274 312/323/274 86/89/274
f 86/89/275 313/324/275 311/322/275
f 310/321/276 314/325/277 312/323/277
f 312/323/278 48/50/278 315/326/278
f 315/326/279 86/89/279 312/323/279
f 315/326/280 316/327/281 317/328/282
f 317/328/282 87/90/283 315/326/280
f 317/328/284 318/329/284 319/330/284
f 319/330/285 82/85/285 317/328/285
f 320/331/286 83/86/286 82/85/286
f 320/331/287 321/332/288 322/333/289
f 322/333/289 323/334/290 320/331/287
f 324/335/291 323/334/291 325/336/291
f 325/336/292 326/337/292 72/75/292
f 325/336/293 70/73/293 324/335/293
f 322/333/294 327/338/295 326/337/296
f 326/337/297 328/339/297 329/340/297
f 329/340/298 72/75/298 326/337/298
f 329/340/299 330/341/299 331/342/299
f 331/342/300 73/76/300 329/340/300
f 331/342/301 332/343/302 333/344/303
f 333/344/304 74/77/304 331/342/304
f 334/345/305 69/72/305 74/77/305
f 334/345/306 335/346/307 336/347/308
f 336/347/309 337/348/309 334/345/309
f 338/349/310 339/350/310 340/351/310
f 340/351/311 341/352/311 338/349/311
f 338/349/312 342/353/313 337/348/314
f 343/354/315 337/348/315 342/353/315
f 341/352/316 344/355/316 342/353/316
f 342/353/317 345/356/317 343/354/317
f 324/335/318 343/354/318 345/356/318
f 344/355/319 346/357/319 345/356/319
f 345/356/320 347/358/320 324/335/320
f 348/359/321 349/360/321 346/357/321
f 346/357/322 84/87/323 347/358/324
f 350/361/325 313/324/325 349/360/325
f 349/360/326 85/88/326 84/87/326
f 348/359/327 351/362/327 302/313/327
f 348/359/328 80/83/328 350/361/328
f 352/363/329 351/362/330 341/352/331
f 340/351/332 353/364/332 354/365/332
f 354/365/333 352/363/333 340/351/333
f 339/350/334 68/71/334 353/364/334
f 353/364/335 59/62/335 355/366/335
f 355/366/336 354/365/336 353/364/336
f 336/347/337 66/69/337 339/350/337
f 333/344/338 356/367/339 335/346/340
f 335/346/341 67/70/341 66/69/341
f 332/343/342 357/368/342 356/367/342
f 356/367/343 61/64/343 67/70/343
f 358/369/344 359/370/344 357/368/344
f 357/368/345 62/65/48 61/64/47
f 360/371/346 273/284/346 359/370/346
f 359/370/347 276/287/347 62/65/347
f 361/372/348 362/373/348 363/374/348
f 363/374/349 268/279/349 361/372/349
f 361/372/350 271/282/228 273/284/227
f 364/375/351 365/376/351 366/377/351
f 366/377/352 263/271/352 364/375/352
f 364/375/353 266/277/353 268/279/353
f 367/378/354 368/379/354 369/380/354
f 369/380/355 258/381/355 367/378/355
f 367/378/356 261/272/356 263/271/356
f 370/382/357 371/383/357 372/384/357
f 372/385/358 4/3/358 370/386/358
f 370/386/359 256/264/360 258/266/361
f 372/384/362 373/387/363 374/388/364
f 372/389/365 375/390/365 7/391/365
f 374/392/366 376/393/366 375/390/366
f 375/390/367 9/8/367 11/11/367
f 11/11/368 7/391/368 375/390/368
f 377/394/369 378/395/369 376/393/369
f 378/395/370 9/8/370 376/393/370
f 379/396/371 380/397/371 381/398/371
f 381/398/372 382/399/372 379/396/372
f 379/396/373 10/9/373 9/8/373
f 383/400/374 384/401/374 382/399/374
f 382/399/375 385/402/375 10/9/375
f 384/401/376 18/18/376 386/403/376
f 386/403/377 385/402/377 384/401/377
f 387/404/378 388/405/379 389/406/380
f 387/404/381 390/407/381 391/408/381
f 391/408/382 385/402/382 387/404/382
f 391/408/383 246/409/384 392/410/385
f 392/410/386 12/12/386 391/408/386
f 389/406/387 241/248/387 390/407/387
f 390/407/388 244/411/388 246/409/388
f 389/406/389 393/412/389 394/413/389
f 394/413/390 395/414/391 236/243/392
f 394/413/393 239/246/393 241/248/393
f 393/412/394 396/415/394 395/414/394
f 395/414/395 397/416/396 231/238/397
f 231/238/397 236/243/398 395/414/395
f 396/415/399 398/417/399 397/416/399
f 397/416/400 399/418/400 226/233/400
f 397/416/401 229/236/401 231/238/401
f 399/418/402 400/419/402 401/420/402
f 401/420/403 221/228/404 399/418/405
f 399/418/406 224/231/406 226/233/406
f 402/421/407 403/422/407 404/423/407
f 404/423/408 216/223/409 402/421/410
f 402/421/411 219/226/412 221/228/413
f 405/424/414 406/425/414 407/426/414
f 407/426/415 211/218/416 405/424/417
f 405/424/418 214/221/419 216/223/409
f 408/427/420 409/428/420 410/429/420
f 410/429/421 206/213/421 408/427/421
f 408/427/422 209/216/422 211/218/422
f 411/430/423 412/431/423 413/432/423
f 413/432/424 201/208/424 411/430/424
f 411/430/425 204/211/425 206/213/425
f 414/433/426 415/434/426 416/435/426
f 416/435/427 196/203/427 414/433/427
f 414/433/428 199/206/429 201/208/428
f 417/436/430 418/437/430 419/438/430
f 419/438/431 191/198/432 417/436/433
f 417/436/434 194/201/434 196/203/434
f 420/439/435 421/440/435 422/441/435
f 422/441/436 186/442/436 420/439/436
f 420/443/437 189/196/438 191/198/439
f 423/444/440 424/445/440 425/446/440
f 425/446/441 181/187/442 423/444/443
f 423/444/444 184/447/445 186/442/446
f 426/448/447 427/449/448 428/450/449
f 428/450/450 176/182/451 426/448/452
f 426/448/453 179/185/453 181/187/453
f 429/451/454 430/452/454 431/453/454
f 431/453/455 171/177/455 429/451/455
f 429/451/456 174/180/456 176/182/456
f 432/454/457 433/455/457 434/456/457
f 434/456/458 166/172/458 432/454/458
f 432/454/459 169/175/459 171/177/459
f 435/457/460 436/458/460 437/459/460
f 437/459/461 161/167/461 435/457/461
f 435/457/462 164/170/462 166/172/462
f 437/459/463 438/460/463 439/461/463
f 439/461/464 440/462/464 156/162/464
f 439/461/465 159/165/465 161/167/465
f 438/460/466 441/463/466 440/462/466
f 440/462/467 442/464/467 443/465/467
f 440/462/468 153/159/468 156/162/468
f 441/463/469 444/466/469 442/464/469
f 442/464/470 445/467/470 446/468/470
f 446/468/471 443/465/472 442/464/473
f 444/466/474 447/469/475 445/467/476
f 445/467/477 448/470/477 449/471/477
f 449/471/478 446/468/478 445/467/478
f 447/469/479 450/472/480 448/470/481
f 448/470/482 451/473/482 452/474/482
f 452/474/483 449/471/483 448/470/483
f 450/472/484 453/475/484 451/473/484
f 451/473/485 454/476/485 455/477/485
f 455/477/486 452/474/486 451/473/486
f 455/477/487 456/478/487 457/479/487
f 457/479/488 143/149/488 455/477/488
f 457/479/489 458/480/489 459/481/489
f 459/481/490 144/150/490 457/479/490
f 460/482/491 461/483/492 462/484/493
f 462/484/494 136/142/494 460/482/494
f 460/482/495 141/147/495 144/150/495
f 463/485/496 137/143/496 136/142/496
f 463/485/497 464/486/497 465/487/497
f 465/487/498 466/488/498 463/485/498
f 467/489/499 468/490/499 466/488/499
f 467/489/500 469/491/500 470/492/500
f 470/492/501 471/493/501 467/489/501
f 472/494/502 473/495/503 471/493/504
f 472/494/505 474/496/505 475/497/505
f 475/497/506 476/498/506 472/494/506
f 477/499/507 478/500/508 476/498/509
f 477/499/510 479/501/510 480/502/510
f 480/502/511 481/503/511 477/499/511
f 482/504/512 483/505/512 481/503/512
f 482/504/513 484/506/514 485/507/515
f 485/507/515 486/508/516 482/504/513
f 487/509/517 488/510/517 486/508/517
f 487/509/518 489/511/518 490/512/518
f 490/512/519 491/513/519 487/509/519
f 492/514/520 493/515/520 491/513/520
f 492/516/521 494/517/521 495/518/521
f 495/518/522 496/519/522 492/516/522
f 497/520/523 498/521/523 496/519/523
f 497/520/524 499/522/524 500/523/524
f 500/523/525 501/524/525 497/520/525
f 502/525/526 503/526/526 501/524/526
f 502/525/527 504/527/527 505/528/527
f 505/528/528 506/529/528 502/525/528
f 507/530/529 508/531/529 506/529/529
f 507/530/530 509/532/530 510/533/530
f 510/533/531 511/534/531 507/530/531
f 512/535/532 513/536/533 511/534/534
f 512/535/535 514/537/536 515/538/537
f 515/538/537 516/539/538 512/535/535
f 517/540/539 518/541/540 516/539/541
f 517/540/542 519/542/542 520/543/542
f 520/543/543 521/544/543 517/540/543
f 522/545/544 523/546/544 521/544/544
f 522/545/545 524/547/545 525/548/545
f 525/548/546 526/549/547 522/545/548
f 527/550/549 528/551/549 526/549/549
f 527/550/550 529/552/550 530/553/550
f 530/553/551 531/554/551 527/550/551
f 532/555/552 533/556/553 531/554/554
f 532/555/555 534/557/555 535/558/555
f 535/558/556 536/559/556 532/555/556
f 537/560/557 538/561/558 536/559/559
f 537/560/560 539/562/560 540/563/560
f 540/563/561 541/564/561 537/560/561
f 542/565/562 543/566/562 541/564/562
f 542/565/563 544/567/563 545/568/563
f 545/568/564 546/569/564 542/565/564
f 547/570/565 548/571/566 546/569/567
f 547/570/568 549/572/568 550/573/568
f 550/573/569 551/574/569 547/570/569
f 552/575/570 551/574/570 553/576/570
f 550/577/571 554/578/571 553/579/571
f 554/578/572 552/580/572 553/579/572
f 555/581/573 556/582/573 552/580/573
f 554/578/574 557/583/574 555/581/574
f 557/583/575 558/584/575 555/581/575
f 559/585/576 560/586/576 558/584/576
f 559/585/577 561/587/577 562/588/577
f 562/588/578 563/589/578 559/585/578
f 564/590/579 565/591/579 563/589/579
f 564/590/580 566/592/580 567/593/580
f 567/593/581 568/594/581 564/590/581
f 569/595/582 570/596/582 568/594/582
f 569/595/583 571/597/583 572/598/583
f 572/598/584 573/599/585 569/595/586
f 574/600/587 575/601/587 573/599/587
f 574/600/588 576/602/588 577/603/588
f 577/603/589 578/604/589 574/600/589
f 579/605/590 580/606/591 578/604/592
f 579/605/593 581/607/593 582/608/593
f 582/608/594 583/609/594 579/605/594
f 582/608/595 584/610/595 585/611/595
f 585/611/596 586/612/596 582/608/596
f 585/611/597 587/613/597 588/614/597
f 588/614/598 36/36/598 585/611/598
f 588/614/599 589/615/599 590/616/599
f 590/616/600 34/34/600 588/614/600
f 591/617/601 35/35/601 34/34/601
f 591/617/602 592/618/602 593/619/602
f 593/619/603 594/620/603 591/617/603
f 595/621/604 23/23/604 596/622/604
f 596/622/605 597/623/605 595/621/605
f 595/621/606 598/624/607 594/620/608
f 599/625/609 594/620/610 598/624/611
f 597/626/612 600/627/612 598/628/612
f 598/628/611 601/629/613 599/630/609
f 602/631/614 599/630/614 601/629/614
f 600/627/615 603/632/615 601/629/615
f 601/629/616 604/633/616 602/631/616
f 51/53/617 602/631/617 604/633/617
f 603/632/618 605/634/618 604/633/618
f 604/633/619 52/54/619 51/53/619
f 606/635/620 607/636/620 605/634/620
f 605/634/621 608/637/621 52/54/621
f 281/638/622 52/54/622 608/637/622
f 607/636/623 609/639/623 608/637/623
f 608/637/624 282/640/624 281/638/624
f 610/641/625 611/642/626 609/639/627
f 609/639/628 284/643/628 282/640/628
f 612/644/629 613/645/630 611/642/631
f 611/642/632 287/646/632 284/643/632
f 614/647/633 615/648/633 613/645/633
f 613/645/634 616/649/634 287/646/634
f 615/648/635 1/650/635 617/651/635
f 615/648/636 618/652/636 616/649/636
f 619/653/637 616/654/638 618/655/639
f 617/656/640 620/657/640 618/658/640
f 618/655/641 621/659/641 619/653/641
f 622/660/642 619/653/642 621/659/642
f 620/661/643 623/662/643 621/659/643
f 621/659/644 624/663/644 622/660/644
f 625/664/645 622/660/645 624/663/645
f 623/662/646 626/665/646 624/663/646
f 624/663/647 627/666/647 625/664/647
f 304/315/648 625/664/649 627/666/650
f 626/665/651 628/667/652 627/666/653
f 627/666/650 305/316/654 304/315/648
f 629/668/655 630/669/655 628/667/655
f 628/667/656 631/670/657 305/316/658
f 630/669/659 632/671/659 633/672/659
f 633/672/660 631/670/660 630/669/660
f 633/672/661 634/673/661 635/674/661
f 635/674/662 307/318/662 633/672/662
f 635/674/663 636/675/663 637/676/663
f 637/676/664 309/320/665 635/674/666
f 637/676/667 638/677/667 46/48/667
f 46/48/668 314/325/668 637/676/668
f 634/673/669 639/678/670 636/675/671
f 636/675/672 640/679/672 638/677/672
f 639/678/673 641/680/673 640/679/673
f 640/679/674 642/681/674 643/682/674
f 643/682/675 638/677/675 640/679/675
f 643/682/676 644/683/677 645/684/678
f 645/684/679 47/49/679 643/682/679
f 646/685/680 38/38/680 647/686/680
f 647/686/681 648/687/681 646/685/681
f 646/685/682 44/46/682 47/49/682
f 649/688/683 650/689/683 648/687/683
f 648/687/684 651/690/684 44/46/684
f 652/691/685 653/692/685 650/689/685
f 653/692/686 651/690/686 650/689/686
f 654/693/687 45/47/687 651/690/687
f 654/693/688 655/694/688 656/695/688
f 656/695/689 657/696/689 654/693/689
f 658/697/690 318/329/690 657/696/690
f 658/697/691 659/698/692 660/699/693
f 660/699/694 661/700/694 658/697/694
f 662/701/695 321/332/695 661/700/695
f 662/701/696 663/702/696 664/703/696
f 664/703/697 327/338/697 662/701/697
f 663/702/698 665/704/698 664/703/698
f 664/703/699 330/341/699 328/339/699
f 665/704/700 360/371/700 358/369/700
f 358/369/701 330/341/701 665/704/701
f 660/699/702 365/376/702 663/702/702
f 663/702/703 363/374/703 362/373/703
f 656/695/704 368/379/704 659/698/704
f 659/698/692 366/377/705 365/376/706
f 661/700/707 319/330/707 318/329/707
f 653/692/708 371/383/708 655/694/708
f 655/694/709 369/380/709 368/379/709
f 657/696/710 316/327/710 45/47/710
f 652/691/711 666/705/712 377/706/713
f 377/706/714 373/387/714 652/691/714
f 649/688/715 667/707/715 666/705/715
f 647/686/716 41/708/716 667/707/716
f 41/42/717 380/397/717 667/709/717
f 667/709/718 378/395/719 666/710/712
f 645/684/720 39/39/720 38/38/720
f 644/711/721 668/712/722 669/713/721
f 644/711/723 42/44/723 39/714/723
f 669/713/724 670/715/725 671/716/726
f 669/713/727 672/717/727 42/44/727
f 671/716/728 673/718/728 672/717/728
f 672/717/729 674/719/729 675/720/729
f 675/720/730 42/44/730 672/717/730
f 675/721/731 21/21/731 676/722/731
f 676/722/732 43/723/732 675/721/732
f 676/722/733 383/400/733 381/398/733
f 381/398/734 40/41/735 676/722/736
f 673/718/737 677/724/737 674/719/737
f 674/725/738 19/19/738 21/21/738
f 678/726/739 679/727/739 677/724/739
f 677/728/740 680/729/741 19/19/742
f 681/730/743 682/731/743 679/727/743
f 679/732/744 683/733/744 680/729/744
f 682/734/745 684/735/745 683/733/745
f 683/733/746 685/736/746 686/737/746
f 686/737/747 680/729/747 683/733/747
f 686/737/748 687/738/748 688/739/748
f 688/739/749 20/20/749 686/737/749
f 688/739/750 15/15/750 14/14/750
f 14/14/751 17/17/752 688/739/753
f 689/740/754 690/741/754 691/742/754
f 691/742/755 692/743/755 689/740/755
f 689/740/756 18/18/12 17/17/11
f 693/744/757 388/405/757 692/743/757
f 692/743/758 386/403/759 18/18/760
f 691/742/761 694/745/762 695/746/763
f 695/746/764 693/744/764 691/742/764
f 694/745/765 13/13/765 696/747/765
f 696/747/766 400/419/766 694/745/766
f 400/419/767 695/746/767 694/745/767
f 697/748/768 698/749/768 699/750/768
f 699/750/769 403/422/770 697/748/771
f 697/748/772 401/420/772 400/419/772
f 700/751/773 701/752/773 702/753/773
f 702/753/774 406/425/774 700/751/774
f 700/751/775 404/423/775 403/422/775
f 703/754/776 704/755/776 705/756/776
f 705/756/777 409/428/777 703/754/777
f 703/754/778 407/426/779 406/425/780
f 706/757/781 707/758/782 708/759/783
f 708/759/784 412/431/784 706/757/784
f 706/757/785 410/429/785 409/428/785
f 709/760/786 710/761/786 711/762/786
f 711/762/787 415/434/787 709/760/787
f 709/760/788 413/432/788 412/431/788
f 712/763/789 713/764/789 714/765/789
f 714/765/790 418/766/790 712/763/790
f 712/767/791 416/435/792 415/434/793
f 714/765/794 715/768/795 716/769/794
f 716/769/796 717/770/797 421/440/798
f 716/769/799 419/771/799 418/766/799
f 715/768/800 718/772/800 717/770/800
f 718/772/801 424/445/801 717/770/801
f 717/770/797 422/441/802 421/440/798
f 719/773/803 720/774/804 721/775/805
f 721/775/806 427/449/807 719/773/808
f 719/773/809 425/446/810 424/445/811
f 722/776/812 723/777/812 724/778/812
f 724/778/813 430/452/813 722/776/813
f 722/776/814 428/450/814 427/449/814
f 725/779/815 726/780/816 727/781/817
f 727/781/818 433/455/818 725/779/818
f 725/779/819 431/453/819 430/452/819
f 728/782/820 729/783/820 730/784/820
f 728/782/821 731/785/822 436/458/823
f 728/782/824 434/456/824 433/455/824
f 730/784/825 732/786/826 731/785/827
f 731/785/828 733/787/828 734/788/828
f 734/788/829 436/458/829 731/785/829
f 732/786/830 735/789/830 733/787/830
f 733/787/831 736/790/831 737/791/831
f 737/791/832 734/788/832 733/787/832
f 735/789/833 738/792/834 736/790/835
f 736/790/836 739/793/837 740/794/838
f 740/794/838 737/791/839 736/790/836
f 738/792/840 741/795/840 739/793/840
f 739/793/841 742/796/842 743/797/843
f 743/797/844 740/794/844 739/793/844
f 741/795/845 744/798/845 742/796/845
f 742/796/846 745/799/847 746/800/848
f 746/800/849 743/797/849 742/796/849
f 744/798/850 747/801/851 745/799/852
f 745/799/853 748/802/853 749/803/853
f 749/803/854 746/800/854 745/799/854
f 747/804/855 750/805/855 748/806/855
f 748/806/856 751/807/856 752/808/856
f 752/809/857 749/803/857 748/802/857
f 752/808/858 753/810/858 754/811/858
f 754/812/859 453/475/859 752/809/859
f 754/811/860 755/813/860 756/814/860
f 756/815/861 454/476/861 754/812/861
f 756/814/862 757/816/862 758/817/862
f 758/818/863 456/478/863 756/815/863
f 758/817/864 759/819/864 760/820/864
f 760/821/865 458/480/865 758/818/865
f 761/822/866 762/823/866 763/824/866
f 763/824/867 461/483/868 761/822/869
f 761/822/870 459/481/870 458/480/870
f 764/825/871 765/826/871 766/827/871
f 766/827/872 464/486/873 764/825/874
f 764/825/875 462/484/875 461/483/875
f 767/828/876 465/487/877 464/486/878
f 767/828/879 768/829/880 769/830/881
f 769/830/881 469/491/882 767/828/879
f 770/831/883 470/492/883 469/491/883
f 770/831/884 771/832/885 772/833/886
f 772/833/887 474/496/887 770/831/887
f 773/834/888 475/497/888 474/496/888
f 773/834/889 774/835/889 775/836/889
f 775/836/890 479/501/890 773/834/890
f 776/837/891 480/502/892 479/501/893
f 776/837/894 777/838/894 778/839/894
f 778/839/895 484/506/895 776/837/895
f 779/840/896 485/507/896 484/506/896
f 779/841/897 780/842/897 781/843/897
f 781/843/898 489/844/898 779/841/898
f 782/845/899 490/846/899 489/844/899
f 782/845/900 783/847/900 784/848/900
f 784/848/901 494/517/901 782/845/901
f 785/849/902 495/518/902 494/517/902
f 785/849/903 786/850/903 787/851/903
f 787/851/904 499/522/904 785/849/904
f 788/852/905 500/523/905 499/522/905
f 788/852/906 789/853/906 790/854/906
f 790/854/907 504/527/908 788/852/909
f 791/855/910 505/528/910 504/527/910
f 791/855/911 792/856/912 793/857/913
f 793/857/913 509/532/914 791/855/911
f 794/858/915 510/533/915 509/532/915
f 794/858/916 795/859/916 796/860/916
f 796/860/917 514/537/917 794/858/917
f 797/861/918 515/538/919 514/537/920
f 797/861/921 798/862/921 799/863/921
f 799/863/922 519/542/922 797/861/922
f 800/864/923 520/543/924 519/542/925
f 800/864/926 801/865/927 802/866/928
f 802/866/928 524/547/929 800/864/926
f 803/867/930 525/548/930 524/547/930
f 803/867/931 804/868/931 805/869/931
f 805/869/932 529/552/933 803/867/934
f 806/870/935 530/553/935 529/552/935
f 806/870/936 807/871/936 808/872/936
f 808/872/937 534/557/938 806/870/935
f 809/873/939 535/558/939 534/557/939
f 809/873/940 810/874/940 811/875/940
f 811/875/941 539/562/942 809/873/943
f 812/876/944 540/563/944 539/562/944
f 812/876/945 813/877/946 814/878/947
f 814/878/948 544/567/948 812/876/948
f 815/879/949 545/568/949 544/567/949
f 815/880/950 816/881/950 817/882/950
f 817/882/951 549/883/951 815/880/951
f 818/884/952 549/883/952 819/885/952
f 819/885/953 820/886/954 821/887/955
f 819/885/956 822/888/956 818/884/956
f 823/889/957 818/884/957 822/888/957
f 821/887/958 824/890/958 822/888/958
f 822/888/959 825/891/960 823/889/961
f 561/587/962 823/889/961 825/891/960
f 824/890/963 826/892/963 825/891/963
f 825/891/964 827/893/964 561/587/964
f 827/893/965 562/588/965 561/587/965
f 826/892/966 828/894/966 827/893/966
f 828/894/967 566/592/967 827/893/967
f 829/895/968 567/593/968 566/592/968
f 829/895/969 830/896/970 831/897/971
f 831/897/972 571/597/972 829/895/972
f 832/898/973 572/598/974 571/597/975
f 832/898/976 833/899/976 834/900/976
f 834/900/977 576/602/977 832/898/977
f 835/901/978 577/603/978 576/602/978
f 835/901/979 836/902/979 837/903/979
f 837/903/980 581/607/981 835/901/982
f 837/903/983 838/904/983 839/905/983
f 839/905/984 584/610/984 837/903/984
f 839/905/985 840/906/985 841/907/985
f 841/907/986 587/613/986 839/905/986
f 840/906/987 842/908/987 841/907/987
f 841/907/988 843/909/988 589/615/988
f 592/618/989 589/615/989 843/909/989
f 842/908/990 27/27/990 843/909/990
f 843/909/991 24/24/991 592/618/991
f 844/910/992 845/911/993 846/912/994
f 846/912/995 847/913/996 844/910/997
f 844/910/998 28/28/998 27/27/998
f 848/914/999 849/915/1000 847/913/1001
f 847/913/1002 25/25/1003 28/28/1004
f 849/915/1005 850/916/1005 851/917/1005
f 849/915/1006 852/918/1007 25/25/1008
f 853/919/1009 25/25/1008 852/918/1007
f 851/917/1010 854/920/1010 852/918/1010
f 852/918/1011 855/921/1011 853/919/1011
f 856/922/1012 853/919/1012 855/921/1012
f 854/923/1013 857/924/1013 855/925/1013
f 855/925/1014 858/926/1014 856/927/1014
f 859/928/1015 856/927/1015 858/926/1015
f 857/924/1016 860/929/1017 858/926/1018
f 858/926/1019 861/930/1019 859/928/1019
f 862/931/1020 859/928/1020 861/930/1020
f 860/929/1021 863/932/1021 861/930/1021
f 861/930/1022 864/933/1022 862/931/1022
f 606/635/1023 862/931/1023 864/933/1023
f 863/932/1024 865/934/1024 864/933/1024
f 864/933/1025 866/935/1025 606/635/1025
f 867/936/1026 868/937/1026 865/934/1026
f 865/934/1027 869/938/1027 866/935/1027
f 610/641/1028 866/935/1028 869/938/1028
f 868/937/1029 870/939/1029 869/938/1029
f 869/938/1030 612/644/1030 610/641/1030
f 871/940/1031 872/941/1031 870/939/1031
f 870/939/1032 614/647/1032 612/644/1032
f 873/942/1033 874/943/1033 872/941/1033
f 874/943/1034 614/647/1034 872/941/1034
f 875/944/1035 876/945/1035 874/943/1035
f 876/945/1036 877/946/1036 874/943/1036
f 878/947/1037 879/948/1038 876/949/1039
f 876/949/1040 880/950/1041 1/951/1042
f 881/952/1043 1/951/1042 880/950/1041
f 879/948/1044 882/953/1044 880/950/1044
f 880/950/1045 883/954/1045 881/952/1045
f 884/955/1046 881/952/1047 883/954/1048
f 882/953/1049 885/956/1049 883/954/1049
f 883/954/1050 886/957/1051 884/955/1052
f 887/958/1053 884/959/1053 886/960/1053
f 885/956/1054 888/961/1054 886/957/1054
f 886/960/1055 889/962/1055 887/958/1055
f 629/668/1056 887/958/1056 889/962/1056
f 888/963/1057 890/964/1057 889/962/1057
f 889/962/1058 891/965/1058 629/668/1058
f 890/964/1059 892/966/1059 893/967/1059
f 893/967/1060 891/965/1060 890/964/1061
f 893/967/1062 894/968/1062 895/969/1062
f 895/969/1063 632/671/1063 893/967/1063
f 892/970/1064 896/971/1064 894/972/1064
f 894/972/1065 897/973/1065 898/974/1065
f 898/975/1066 895/969/1066 894/968/1066
f 896/971/1067 899/976/1067 897/973/1067
f 897/973/1068 900/977/1068 901/978/1068
f 901/978/1069 898/974/1069 897/973/1069
f 900/977/1070 668/712/1070 901/978/1070
f 668/712/1071 641/979/1071 901/978/1071
f 899/976/1072 902/980/1072 900/977/1072
f 902/980/1073 670/715/1073 900/977/1073
f 902/980/1074 903/981/1074 904/982/1074
f 904/982/1075 905/983/1075 906/984/1075
f 906/984/1076 670/715/1076 904/982/1076
f 903/981/1077 907/985/1077 905/983/1077
f 905/983/1078 681/730/1078 678/726/1078
f 678/726/1079 906/984/1079 905/983/1079
f 908/986/1080 909/987/1080 907/985/1080
f 907/985/1081 910/988/1081 681/730/1081
f 911/989/1082 912/990/1082 909/987/1082
f 909/987/1083 913/991/1084 910/988/1085
f 912/990/1086 914/992/1087 913/991/1088
f 913/991/1089 915/993/1089 916/994/1089
f 916/994/1090 910/988/1085 913/991/1084
f 914/992/1091 917/995/1091 915/993/1091
f 915/996/1092 918/997/1092 919/998/1092
f 919/998/1093 916/999/1093 915/996/1093
f 919/998/1094 920/1000/1094 921/1001/1095
f 921/1001/1096 684/735/1096 919/998/1096
f 921/1001/1097 701/752/1097 922/1002/1097
f 922/1002/1098 685/736/1098 921/1001/1098
f 922/1002/1099 699/750/1099 698/749/1099
f 698/749/1100 687/738/1101 922/1002/1102
f 918/997/1103 704/755/1103 920/1000/1103
f 920/1000/1104 702/753/1104 701/752/1104
f 923/1003/1105 917/1004/1106 924/1005/1107
f 924/1005/1108 707/758/1108 923/1003/1108
f 923/1003/1109 705/756/1110 704/755/1111
f 925/1006/1112 926/1007/1112 927/1008/1112
f 927/1008/1113 710/1009/1113 925/1006/1113
f 925/1010/1114 708/759/1114 707/758/1114
f 928/1011/1115 929/1012/1116 930/1013/1117
f 930/1013/1118 713/764/1119 928/1011/1120
f 928/1011/1121 711/1014/1121 710/1009/1121
f 930/1013/1122 931/1015/1122 932/1016/1122
f 932/1016/1123 933/1017/1124 934/1018/1125
f 932/1016/1126 714/765/1126 713/764/1126
f 931/1015/1127 935/1019/1128 933/1017/1129
f 933/1017/1130 936/1020/1131 937/1021/1131
f 937/1021/1132 934/1018/1125 933/1017/1124
f 936/1020/1133 938/1022/1133 939/1023/1133
f 939/1023/1134 720/774/1134 936/1020/1134
f 936/1020/1131 718/772/1135 937/1021/1131
f 940/1024/1136 941/1025/1136 942/1026/1136
f 942/1026/1137 723/777/1137 940/1024/1137
f 940/1024/1138 721/775/1139 720/774/1140
f 943/1027/1141 944/1028/1141 945/1029/1141
f 945/1029/1142 726/780/1142 943/1027/1142
f 943/1027/1143 724/778/1143 723/777/1143
f 945/1029/1144 946/1030/1144 947/1031/1144
f 946/1030/1145 729/783/1145 947/1031/1145
f 947/1031/1146 727/781/1146 726/780/1146
f 948/1032/1147 949/1033/1148 950/1034/1149
f 948/1032/1147 951/1035/1150 952/1036/1151
f 952/1036/1152 729/783/1153 948/1032/1154
f 950/1034/1155 953/1037/1155 951/1035/1155
f 951/1035/1156 954/1038/1157 955/1039/1158
f 955/1039/1159 952/1036/1159 951/1035/1159
f 953/1037/1160 956/1040/1160 954/1038/1160
f 954/1038/1161 957/1041/1161 958/1042/1161
f 958/1042/1162 955/1039/1162 954/1038/1162
f 957/1041/1163 959/1043/1163 960/1044/1163
f 957/1041/1164 961/1045/1165 962/1046/1166
f 962/1046/1167 958/1042/1167 957/1041/1167
f 960/1044/1168 963/1047/1169 961/1045/1170
f 961/1045/1171 964/1048/1171 965/1049/1171
f 965/1049/1172 962/1046/1166 961/1045/1165
f 963/1050/1173 966/1051/1173 964/1052/1173
f 964/1052/1174 967/1053/1175 968/1054/1176
f 968/1055/1177 965/1049/1178 964/1048/1179
f 966/1051/1180 969/1056/1181 967/1053/1182
f 967/1053/1175 970/1057/1183 971/1058/1184
f 971/1058/1184 968/1054/1176 967/1053/1175
f 969/1056/1185 972/1059/1185 970/1057/1185
f 970/1057/1186 973/1060/1186 974/1061/1186
f 974/1061/1187 971/1058/1187 970/1057/1187
f 974/1061/1188 975/1062/1188 976/1063/1188
f 976/1063/1189 750/805/1189 974/1061/1189
f 976/1063/1190 977/1064/1190 978/1065/1190
f 978/1065/1191 751/807/1191 976/1063/1191
f 978/1065/1192 979/1066/1193 980/1067/1194
f 980/1067/1195 753/810/1195 978/1065/1195
f 980/1067/1196 981/1068/1196 982/1069/1196
f 982/1069/1197 755/813/1197 980/1067/1197
f 982/1069/1198 983/1070/1198 984/1071/1198
f 984/1071/1199 757/816/1199 982/1069/1199
f 984/1071/1200 985/1072/1200 986/1073/1201
f 986/1073/1202 759/819/1202 984/1071/1202
f 987/1074/1203 988/1075/1203 989/1076/1203
f 989/1076/1204 762/1077/1204 987/1074/1204
f 987/1074/1205 760/820/1205 759/819/1205
f 990/1078/1206 991/1079/1206 131/1080/1206
f 131/137/1207 765/826/1207 990/1081/1207
f 990/1081/1208 763/824/1208 762/823/1208
f 989/1076/1209 992/1082/1209 991/1079/1209
f 991/1079/1210 993/1083/1211 994/1084/1212
f 994/1084/1213 131/1080/1213 991/1079/1213
f 993/1083/1211 995/1085/1214 994/1084/1212
f 994/1084/1215 996/1086/1215 134/1087/1215
f 995/1085/1216 997/1088/1216 996/1086/1216
f 996/1089/1217 998/1090/1217 999/1091/1217
f 999/1091/1218 134/140/1218 996/1089/1218
f 999/1091/1219 1000/1092/1219 1001/1093/1219
f 1001/1093/1220 132/138/1221 999/1091/1222
f 1002/1094/1223 1003/1095/1224 132/138/1225
f 1002/1096/1226 1004/1097/1227 1005/1098/1228
f 1005/1098/1229 1006/1099/1229 1002/1096/1229
f 1007/1100/1230 1008/1101/1230 1006/1099/1230
f 1007/1100/1231 1009/1102/1231 1010/1103/1231
f 1010/1103/1232 1011/1104/1232 1007/1100/1232
f 1012/1105/1233 1013/1106/1234 1011/1104/1235
f 1012/1105/1236 1014/1107/1236 1015/1108/1236
f 1015/1108/1237 1016/1109/1237 1012/1105/1237
f 1017/1110/1238 1018/1111/1238 1016/1109/1238
f 1017/1110/1239 1019/1112/1239 1020/1113/1239
f 1020/1113/1240 1021/1114/1240 1017/1110/1240
f 1022/1115/1241 1023/1116/1241 1021/1114/1241
f 1022/1115/1242 1024/1117/1242 1025/1118/1242
f 1022/1115/1243 1026/1119/1243 1027/1120/1243
f 1028/1121/1244 1027/1120/1244 1026/1119/1244
f 1025/1118/1245 1029/1122/1245 1026/1119/1245
f 1026/1119/1246 1030/1123/1246 1028/1121/1246
f 1031/1124/1247 1028/1121/1248 1030/1123/1249
f 1029/1122/1250 1032/1125/1250 1030/1123/1250
f 1030/1123/1251 1033/1126/1251 1031/1124/1251
f 1034/1127/1252 1031/1124/1252 1033/1126/1252
f 1032/1125/1253 1035/1128/1254 1033/1126/1255
f 1033/1126/1256 1036/1129/1256 1034/1127/1256
f 1037/1130/1257 1034/1127/1257 1036/1129/1257
f 1035/1128/1258 1038/1131/1258 1036/1129/1258
f 1036/1129/1259 1039/1132/1259 1037/1130/1259
f 1039/1132/1260 1040/1133/1260 1037/1130/1260
f 1038/1131/1261 1041/1134/1261 1039/1132/1261
f 1039/1132/1262 1042/1135/1262 1043/1136/1262
f 1042/1135/1263 1044/1137/1263 1043/1136/1263
f 1041/1134/1264 1045/1138/1264 1042/1135/1264
f 1045/1138/1265 1046/1139/1265 1042/1135/1265
f 1047/1140/1266 1048/1141/1266 1046/1139/1266
f 1047/1140/1267 1049/1142/1267 1050/1143/1267
f 1050/1143/1268 1051/1144/1268 1047/1140/1268
f 1052/1145/1269 1053/1146/1269 1051/1144/1269
f 1052/1147/1270 1054/1148/1270 1055/1149/1270
f 1055/1149/1271 1056/1150/1272 1052/1147/1273
f 1057/1151/1274 1058/1152/1274 1056/1150/1274
f 1057/1151/1275 1059/1153/1275 1060/1154/1275
f 1057/1151/1276 1061/1155/1276 1062/1156/1276
f 1063/1157/1277 1062/1156/1277 1061/1155/1277
f 1060/1154/1278 1064/1158/1278 1061/1155/1278
f 1061/1155/1279 1065/1159/1279 1063/1157/1279
f 1065/1159/1280 1066/1160/1281 1063/1157/1282
f 1064/1158/1283 1067/1161/1284 1065/1159/1285
f 1067/1161/1284 1068/1162/1286 1065/1159/1285
f 1069/1163/1287 1070/1164/1287 1068/1162/1287
f 1069/1163/1288 1071/1165/1288 1072/1166/1288
f 1072/1166/1289 1073/1167/1289 1069/1163/1289
f 1074/1168/1290 1075/1169/1290 1073/1167/1290
f 1074/1168/1291 1076/1170/1291 1077/1171/1291
f 1077/1171/1292 1078/1172/1293 1074/1168/1294
f 1079/1173/1295 1080/1174/1295 1078/1172/1295
f 1079/1173/1296 1081/1175/1296 1082/1176/1296
f 1082/1176/1297 1083/1177/1297 1079/1173/1297
f 1084/1178/1298 1085/1179/1298 1083/1177/1298
f 1084/1178/1299 1086/1180/1299 1087/1181/1299
f 1087/1181/1300 1088/1182/1300 1084/1178/1300
f 1089/1183/1301 1090/1184/1302 1088/1182/1303
f 1087/1181/1304 1091/1185/1304 1089/1183/1304
f 1091/1185/1305 1092/1186/1305 1089/1183/1305
f 1093/1187/1306 1094/1188/1306 1092/1186/1306
f 1091/1185/1307 1095/1189/1308 1093/1187/1309
f 1093/1187/1310 1096/1190/1311 1097/1191/1312
f 1098/1192/1313 1097/1191/1313 1096/1190/1313
f 1095/1189/1314 1099/1193/1314 1096/1190/1314
f 1096/1190/1315 1100/1194/1315 1098/1192/1315
f 1101/1195/1316 1098/1192/1316 1100/1194/1316
f 1099/1193/1317 1102/1196/1317 1100/1194/1317
f 1100/1194/1318 1103/1197/1318 1101/1195/1318
f 846/912/1319 1101/1195/1319 1103/1197/1319
f 1103/1197/1320 1104/1198/1320 1105/1199/1320
f 1103/1197/1321 848/914/1321 846/912/1321
f 1105/1199/1322 1106/1200/1322 1107/1201/1322
f 1107/1201/1323 848/914/1323 1105/1199/1323
f 1107/1201/1324 1108/1202/1324 1109/1203/1324
f 1109/1203/1325 1110/1204/1325 1107/1201/1325
f 1108/1202/1326 1111/1205/1326 1109/1203/1326
f 1109/1203/1327 1112/1206/1327 850/916/1327
f 1113/1207/1328 850/916/1329 1112/1206/1330
f 1111/1208/1331 1114/1209/1332 1112/1210/1333
f 1112/1210/1334 1115/1211/1334 1113/1212/1334
f 1116/1213/1335 1113/1212/1335 1115/1211/1335
f 1114/1209/1332 1117/1214/1336 1115/1211/1337
f 1115/1211/1338 1118/1215/1338 1116/1213/1338
f 1119/1216/1339 1116/1213/1339 1118/1215/1339
f 1117/1214/1340 1120/1217/1341 1118/1215/1342
f 1118/1215/1343 1121/1218/1343 1119/1216/1343
f 1122/1219/1344 1119/1216/1345 1121/1218/1346
f 1120/1217/1347 1123/1220/1347 1121/1218/1347
f 1121/1218/1348 1124/1221/1348 1122/1219/1348
f 867/936/1349 1122/1219/1349 1124/1221/1349
f 1123/1220/1350 1125/1222/1350 1124/1221/1350
f 1124/1221/1351 1126/1223/1352 867/936/1353
f 1127/1224/1354 1128/1225/1354 1125/1222/1354
f 1125/1222/1355 1129/1226/1355 1126/1223/1355
f 871/940/1356 1126/1223/1356 1129/1226/1356
f 1128/1225/1357 1130/1227/1357 1129/1226/1357
f 1129/1226/1358 873/942/1358 871/940/1358
f 1131/1228/1359 1132/1229/1359 1130/1227/1359
f 1130/1227/1360 875/944/1360 873/942/1360
f 1133/1230/1361 1134/1231/1361 1132/1229/1361
f 1132/1229/1362 878/1232/1362 875/944/1362
f 1135/1233/1363 1136/1234/1363 1134/1235/1363
f 1134/1235/1364 1137/1236/1364 878/947/1364
f 1138/1237/1365 1139/1238/1365 1136/1234/1365
f 1136/1234/1366 1140/1239/1366 1137/1236/1366
f 1141/1240/1367 1137/1236/1367 1140/1239/1367
f 1139/1238/1368 1142/1241/1369 1140/1239/1370
f 1140/1239/1371 1143/1242/1371 1141/1240/1371
f 1144/1243/1372 1141/1240/1372 1143/1242/1372
f 1142/1241/1373 1145/1244/1374 1143/1242/1375
f 1143/1242/1376 1146/1245/1377 1144/1243/1378
f 1147/1246/1379 1144/1243/1379 1146/1245/1379
f 1146/1245/1380 1148/1247/1380 1149/1248/1380
f 1149/1248/1381 1147/1246/1381 1146/1245/1381
f 1150/1249/1382 888/961/1382 1147/1246/1382
f 1150/1249/1383 1151/1250/1384 1152/1251/1385
f 1152/1251/1386 1153/1252/1386 1150/1249/1386
f 1149/1248/1387 1154/1253/1387 1151/1250/1387
f 1151/1250/1388 1155/1254/1388 1156/1255/1388
f 1156/1255/1389 1152/1251/1389 1151/1250/1389
f 1154/1253/1390 1157/1256/1390 1155/1254/1390
f 1155/1254/1391 1158/1257/1391 1159/1258/1391
f 1159/1258/1392 1156/1255/1392 1155/1254/1392
f 1157/1256/1393 1160/1259/1393 1158/1257/1393
f 1158/1257/1394 1161/1260/1394 1162/1261/1394
f 1162/1261/1395 1159/1258/1395 1158/1257/1395
f 1160/1259/1396 1163/1262/1396 1161/1260/1396
f 1161/1260/1397 911/989/1398 908/986/1399
f 908/986/1400 1162/1261/1400 1161/1260/1400
f 1164/1263/1401 1165/1264/1401 1163/1262/1401
f 1165/1264/1402 911/989/1402 1163/1262/1402
f 1166/1265/1403 1167/1266/1403 1165/1264/1403
f 1167/1266/1404 1168/1267/1404 1165/1264/1404
f 1167/1266/1405 1169/1268/1405 1170/1269/1405
f 1170/1269/1406 1171/1270/1406 1172/1271/1406
f 1172/1271/1407 1168/1267/1407 1170/1269/1407
f 1169/1268/1408 1173/1272/1409 1171/1270/1410
f 1171/1270/1411 926/1007/1411 1174/1273/1411
f 1174/1273/1412 1172/1271/1412 1171/1270/1412
f 1175/1274/1413 929/1012/1413 1173/1272/1413
f 1173/1272/1414 927/1008/1414 926/1007/1414
f 1176/1275/1415 1177/1276/1415 1178/1277/1415
f 1178/1277/1416 1179/1278/1416 1176/1275/1416
f 1176/1275/1417 930/1013/1418 929/1012/1419
f 1180/1279/1420 1181/1280/1420 1182/1281/1420
f 1182/1281/1421 1183/1282/1421 1180/1279/1421
f 1183/1282/1422 1179/1278/1423 1180/1279/1424
f 1184/1283/1425 1185/1284/1425 1186/1285/1425
f 1186/1285/1426 938/1022/1426 1184/1283/1426
f 1184/1283/1427 935/1019/1428 1183/1282/1429
f 1186/1285/1430 1187/1286/1430 1188/1287/1430
f 1188/1287/1431 1189/1288/1431 941/1025/1431
f 1188/1287/1432 939/1023/1433 938/1022/1434
f 1187/1286/1435 1190/1289/1436 1189/1288/1437
f 1189/1288/1438 1191/1290/1438 944/1028/1438
f 944/1028/1439 941/1025/1439 1189/1288/1439
f 1190/1289/1440 1192/1291/1440 1191/1290/1440
f 1191/1290/1441 1193/1292/1441 1194/1293/1441
f 1194/1293/1442 944/1028/1442 1191/1290/1442
f 1192/1291/1443 1195/1294/1443 1193/1292/1443
f 1193/1292/1444 1196/1295/1444 949/1033/1444
f 949/1033/1445 1194/1293/1445 1193/1292/1445
f 1195/1294/1446 1197/1296/1446 1196/1295/1446
f 1196/1295/1447 1198/1297/1447 1199/1298/1447
f 1199/1298/1448 949/1033/1448 1196/1295/1448
f 1197/1296/1449 1200/1299/1449 1198/1297/1449
f 1198/1297/1450 1201/1300/1450 1202/1301/1450
f 1202/1301/1451 1199/1298/1451 1198/1297/1451
f 1200/1299/1452 1203/1302/1453 1201/1300/1454
f 1201/1300/1455 1204/1303/1455 959/1043/1455
f 959/1043/1456 1202/1301/1456 1201/1300/1456
f 1203/1304/1457 1205/1305/1458 1204/1306/1459
f 1204/1306/1460 1206/1307/1460 1207/1308/1460
f 1207/1309/1461 959/1043/1462 1204/1303/1463
f 1205/1305/1464 1208/1310/1465 1206/1307/1466
f 1206/1307/1467 1209/1311/1467 1210/1312/1467
f 1210/1312/1468 1207/1308/1468 1206/1307/1468
f 1208/1310/1469 1211/1313/1470 1209/1311/1471
f 1209/1311/1472 1212/1314/1472 1213/1315/1472
f 1213/1315/1473 1210/1312/1474 1209/1311/1475
f 1211/1313/1476 1214/1316/1476 1212/1314/1476
f 1212/1314/1477 1215/1317/1477 1216/1318/1477
f 1216/1318/1478 1213/1315/1478 1212/1314/1478
f 1214/1316/1479 1217/1319/1480 1215/1317/1481
f 1215/1317/1482 1218/1320/1482 1219/1321/1482
f 1219/1321/1483 1216/1318/1483 1215/1317/1483
f 1219/1321/1484 1220/1322/1485 1221/1323/1486
f 1221/1323/1487 972/1059/1487 1219/1321/1487
f 1221/1323/1488 1222/1324/1489 1223/1325/1490
f 1223/1325/1491 973/1060/1492 1221/1323/1493
f 1223/1325/1494 1224/1326/1494 1225/1327/1494
f 1225/1327/1495 975/1062/1495 1223/1325/1495
f 1225/1327/1496 1226/1328/1497 1227/1329/1498
f 1227/1329/1498 977/1064/1499 1225/1327/1496
f 1227/1329/1500 1228/1330/1501 1229/1331/1502
f 1229/1331/1502 979/1066/1503 1227/1329/1500
f 1229/1331/1504 1230/1332/1504 1231/1333/1504
f 1231/1333/1505 981/1068/1505 1229/1331/1505
f 1231/1333/1506 1232/1334/1507 1233/1335/1508
f 1233/1335/1509 983/1070/1509 1231/1333/1509
f 1233/1335/1510 1234/1336/1510 1235/1337/1510
f 1235/1337/1511 985/1072/1512 1233/1335/1513
f 1236/1338/1514 1237/1339/1515 1238/1340/1516
f 1238/1340/1516 988/1075/1517 1236/1338/1514
f 1236/1338/1518 986/1073/1518 985/1072/1518
f 1238/1340/1519 1239/1341/1519 1240/1342/1519
f 1240/1342/1520 992/1082/1520 1238/1340/1520
f 1240/1342/1521 1241/1343/1522 1242/1344/1523
f 1242/1344/1523 993/1083/1524 1240/1342/1521
f 1242/1344/1525 1243/1345/1525 1244/1346/1525
f 1242/1344/1526 1245/1347/1526 1246/1348/1526
f 1244/1346/1527 128/1349/1527 1245/1347/1527
f 1245/1347/1528 127/1350/1528 1247/1351/1528
f 1247/1351/1529 1246/1348/1529 1245/1347/1529
f 1243/1345/1530 125/1352/1530 1244/1346/1530
f 1243/1345/1531 1248/1353/1531 1249/1354/1531
f 1249/1355/1532 1250/1356/1532 1251/1357/1532
f 1251/1357/1533 125/131/1533 1249/1355/1533
f 1251/1357/1534 1252/1358/1534 1253/1359/1534
f 1253/1359/1535 126/132/1535 1251/1357/1535
f 1254/1360/1536 123/129/1536 1253/1359/1536
f 1253/1359/1537 1255/1361/1537 1254/1360/1537
f 1256/1362/1538 1254/1360/1538 1255/1361/1538
f 1255/1361/1539 1257/1363/1539 1258/1364/1539
f 1255/1361/1540 1259/1365/1540 1256/1362/1540
f 1260/1366/1541 1256/1362/1541 1259/1365/1541
f 1259/1365/1542 1261/1367/1542 1262/1368/1542
f 1259/1365/1543 1263/1369/1543 1260/1366/1543
f 1264/1370/1544 1260/1366/1544 1263/1369/1544
f 1263/1369/1545 1265/1371/1546 1266/1372/1547
f 1263/1369/1548 1267/1373/1548 1264/1370/1548
f 1268/1374/1549 1264/1370/1549 1267/1373/1549
f 1266/1372/1547 1269/1375/1550 1267/1373/1551
f 1267/1373/1552 113/118/1552 1268/1374/1552
f 1269/1375/1553 114/119/1553 113/118/1553
f 1270/1376/1554 1271/1377/1554 1269/1375/1554
f 1272/1378/1555 1273/1379/1555 1271/1380/1555
f 1272/1381/1556 1274/1382/1556 1275/1383/1556
f 1275/1384/1557 1276/1385/1557 1272/1378/1557
f 1277/1386/1558 1278/1387/1558 1276/1385/1559
f 1277/1386/1560 1279/1388/1560 1280/1389/1560
f 1280/1389/1561 1281/1390/1561 1277/1386/1561
f 1282/1391/1562 1283/1392/1562 1281/1390/1562
f 1282/1391/1563 1284/1393/1563 1285/1394/1563
f 1285/1394/1564 1286/1395/1564 1282/1391/1564
f 1287/1396/1565 1288/1397/1566 1286/1395/1567
f 1287/1396/1568 1289/1398/1568 1290/1399/1568
f 1290/1399/1569 1291/1400/1569 1287/1396/1569
f 1292/1401/1570 1293/1402/1570 1291/1400/1570
f 1292/1403/1571 1294/1404/1571 1295/1405/1571
f 1295/1405/1572 1296/1406/1573 1292/1403/1574
f 1297/1407/1575 1298/1408/1575 1296/1406/1575
f 1295/1405/1576 1299/1409/1576 1297/1407/1576
f 1297/1407/1577 1300/1410/1578 1301/1411/1579
f 1302/1412/1580 1301/1411/1579 1300/1410/1578
f 1299/1409/1581 1303/1413/1582 1300/1410/1583
f 1300/1410/1584 1304/1414/1584 1302/1412/1584
f 1305/1415/1585 1302/1412/1585 1304/1414/1585
f 1303/1413/1586 1230/1332/1586 1304/1414/1586
f 1304/1414/1587 1228/1330/1587 1305/1415/1587
f 1306/1416/1588 1307/1417/1588 1308/1418/1588
f 1308/1418/1589 1309/1419/1590 1302/1412/1591
f 1308/1418/1592 1310/1420/1592 1306/1416/1592
f 1311/1421/1593 1306/1416/1593 1310/1420/1593
f 1305/1415/1594 1226/1328/1594 1310/1420/1594
f 1310/1420/1595 1224/1326/1595 1311/1421/1595
f 1312/1422/1596 1313/1423/1597 1314/1424/1598
f 1314/1424/1599 1315/1425/1599 1306/1416/1599
f 1314/1424/1600 1316/1426/1601 1312/1422/1602
f 1317/1427/1603 1312/1422/1602 1316/1426/1601
f 1311/1421/1604 1222/1324/1605 1316/1426/1606
f 1316/1426/1607 1220/1322/1608 1317/1427/1609
f 1318/1428/1610 1319/1429/1610 1320/1430/1610
f 1320/1430/1611 1321/1431/1611 1312/1422/1611
f 1320/1430/1612 1322/1432/1613 1318/1428/1614
f 1323/1433/1615 1318/1428/1614 1322/1432/1613
f 1317/1427/1616 1218/1320/1616 1322/1432/1616
f 1322/1432/1617 1217/1319/1617 1323/1433/1617
f 1324/1434/1618 1325/1435/1618 1326/1436/1618
f 1326/1436/1619 1327/1437/1620 1318/1428/1621
f 1326/1436/1622 1328/1438/1622 1324/1434/1622
f 1329/1439/1623 1324/1434/1623 1328/1438/1623
f 1323/1433/1624 1330/1440/1624 1328/1438/1624
f 1328/1438/1625 1331/1441/1626 1329/1439/1627
f 1332/1442/1628 1329/1439/1628 1331/1441/1628
f 1330/1440/1629 1333/1443/1629 1331/1441/1629
f 1331/1441/1630 1334/1444/1631 1332/1442/1632
f 1335/1445/1633 1332/1442/1632 1334/1444/1631
f 1333/1443/1634 1336/1446/1635 1334/1444/1636
f 1334/1444/1637 1337/1447/1637 1335/1445/1637
f 1338/1448/1638 1335/1445/1638 1337/1447/1638
f 1336/1446/1639 1339/1449/1640 1337/1447/1641
f 1337/1447/1641 1340/1450/1642 1338/1448/1643
f 1341/1451/1644 1338/1448/1643 1340/1450/1642
f 1339/1449/1645 1342/1452/1645 1340/1450/1645
f 1340/1450/1646 1343/1453/1646 1341/1451/1646
f 1344/1454/1647 1341/1451/1648 1343/1453/1649
f 1342/1452/1650 1345/1455/1651 1343/1453/1652
f 1343/1453/1652 1346/1456/1653 1344/1454/1654
f 1347/1457/1655 1344/1454/1655 1346/1456/1655
f 1345/1458/1656 1348/1459/1657 1346/1460/1658
f 1346/1460/1659 1349/1461/1660 1347/1462/1661
f 1350/1463/1662 1347/1462/1661 1349/1461/1660
f 1348/1459/1663 1351/1464/1663 1349/1461/1663
f 1349/1461/1664 1352/1465/1664 1350/1463/1664
f 1353/1466/1665 1350/1463/1666 1352/1465/1667
f 1351/1464/1668 1354/1467/1668 1352/1465/1668
f 1352/1465/1669 1355/1468/1669 1353/1466/1669
f 1356/1469/1670 1353/1466/1670 1355/1468/1670
f 1354/1467/1671 1357/1470/1671 1355/1468/1671
f 1355/1468/1672 1358/1471/1672 1356/1469/1672
f 1359/1472/1673 1356/1469/1673 1358/1471/1673
f 1357/1470/1674 1360/1473/1674 1358/1471/1674
f 1358/1471/1675 1361/1474/1675 1359/1472/1675
f 1362/1475/1676 1359/1472/1676 1361/1474/1676
f 1360/1473/1677 1363/1476/1677 1361/1474/1677
f 1361/1474/1678 1364/1477/1679 1362/1475/1680
f 1365/1478/1681 1362/1475/1682 1364/1477/1683
f 1364/1477/1684 1186/1285/1684 1185/1284/1684
f 1185/1284/1685 1365/1478/1685 1364/1477/1685
f 1366/1479/1686 1367/1480/1686 1365/1478/1686
f 1366/1479/1687 1182/1281/1688 1181/1280/1689
f 1181/1280/1690 1368/1481/1690 1366/1479/1690
f 1369/1482/1691 1370/1483/1691 1368/1481/1691
f 1369/1482/1692 1178/1277/1693 1177/1276/1694
f 1177/1276/1694 1371/1484/1695 1369/1482/1692
f 1370/1483/1696 1372/1485/1696 1373/1486/1696
f 1373/1486/1697 1368/1481/1697 1370/1483/1697
f 1371/1484/1698 1374/1487/1698 1370/1483/1698
f 1373/1486/1699 1375/1488/1699 1376/1489/1699
f 1376/1489/1700 1367/1480/1700 1373/1486/1700
f 1376/1489/1701 1377/1490/1701 1378/1491/1701
f 1378/1491/1702 1379/1492/1702 1380/1493/1702
f 1378/1491/1703 1365/1478/1704 1367/1480/1705
f 1377/1490/1706 1381/1494/1707 1379/1492/1708
f 1379/1492/1709 1382/1495/1709 1383/1496/1709
f 1383/1496/1710 1380/1493/1710 1379/1492/1710
f 1381/1494/1711 1384/1497/1712 1382/1495/1713
f 1382/1495/1714 1385/1498/1714 1386/1499/1714
f 1386/1499/1715 1383/1496/1715 1382/1495/1715
f 1384/1497/1716 1387/1500/1716 1385/1498/1716
f 1385/1498/1717 1388/1501/1717 1389/1502/1717
f 1389/1502/1718 1386/1499/1718 1385/1498/1718
f 1387/1500/1719 1390/1503/1719 1388/1501/1719
f 1388/1501/1720 1391/1504/1720 1392/1505/1720
f 1392/1505/1721 1389/1502/1721 1388/1501/1721
f 1390/1506/1722 1393/1507/1723 1391/1508/1724
f 1391/1508/1725 1394/1509/1725 1395/1510/1725
f 1395/1511/1726 1392/1505/1726 1391/1504/1726
f 1393/1507/1727 1396/1512/1727 1394/1509/1727
f 1394/1509/1728 1397/1513/1728 1398/1514/1728
f 1398/1514/1729 1395/1510/1729 1394/1509/1729
f 1396/1512/1730 1399/1515/1730 1397/1513/1730
f 1397/1513/1731 1400/1516/1731 1401/1517/1731
f 1401/1517/1732 1398/1514/1732 1397/1513/1732
f 1399/1515/1733 1402/1518/1734 1400/1516/1735
f 1400/1516/1736 1403/1519/1736 1404/1520/1736
f 1404/1520/1737 1401/1517/1738 1400/1516/1739
f 1402/1518/1740 1405/1521/1740 1403/1519/1740
f 1403/1519/1741 1406/1522/1741 1407/1523/1741
f 1407/1523/1742 1404/1520/1742 1403/1519/1742
f 1405/1521/1743 1408/1524/1743 1406/1522/1743
f 1406/1522/1744 1409/1525/1744 1410/1526/1744
f 1410/1526/1745 1407/1523/1745 1406/1522/1745
f 1408/1524/1746 1411/1527/1746 1409/1525/1746
f 1409/1525/1747 1412/1528/1748 1413/1529/1749
f 1413/1529/1750 1410/1526/1750 1409/1525/1750
f 1411/1527/1751 1414/1530/1752 1412/1528/1753
f 1412/1528/1754 1415/1531/1755 1416/1532/1756
f 1416/1532/1757 1413/1529/1757 1412/1528/1757
f 1414/1530/1758 1417/1533/1758 1415/1531/1758
f 1415/1531/1759 1418/1534/1759 1419/1535/1759
f 1419/1535/1760 1416/1532/1756 1415/1531/1755
f 1417/1536/1761 1420/1537/1762 1418/1538/1763
f 1418/1538/1763 1421/1539/1764 1422/1540/1765
f 1422/1541/1766 1419/1535/1766 1418/1534/1766
f 1422/1540/1767 1423/1542/1768 1424/1543/1769
f 1424/1544/1770 1325/1435/1770 1422/1541/1770
f 1424/1543/1771 1425/1545/1772 1426/1546/1773
f 1426/1547/1774 1327/1437/1774 1424/1544/1774
f 1426/1546/1773 1427/1548/1775 1428/1549/1776
f 1426/1547/1777 1321/1431/1777 1319/1429/1777
f 1428/1549/1778 1429/1550/1779 1430/1551/1780
f 1428/1552/1781 1313/1423/1781 1321/1431/1781
f 1429/1550/1782 1431/1553/1782 1430/1551/1782
f 1430/1554/1783 1315/1425/1784 1313/1423/1785
f 1432/1555/1786 1433/1556/1786 1431/1553/1786
f 1431/1557/1787 1307/1417/1787 1315/1425/1787
f 1434/1558/1788 1435/1559/1788 1433/1556/1788
f 1433/1560/1789 1309/1419/1789 1307/1417/1789
f 1436/1561/1790 1298/1562/1790 1435/1559/1790
f 1435/1563/1791 1301/1411/1792 1309/1419/1793
f 1437/1564/1794 1438/1565/1794 1439/1566/1794
f 1439/1566/1795 1293/1402/1795 1437/1564/1795
f 1437/1564/1796 1296/1567/1796 1298/1562/1796
f 1440/1568/1797 1441/1569/1797 1442/1570/1797
f 1442/1570/1798 1288/1397/1799 1440/1568/1800
f 1440/1568/1801 1291/1400/1801 1293/1402/1801
f 1443/1571/1802 1444/1572/1803 1445/1573/1804
f 1445/1573/1805 1283/1392/1805 1443/1571/1805
f 1443/1571/1806 1286/1395/1567 1288/1397/1566
f 1446/1574/1807 1447/1575/1807 1448/1576/1807
f 1448/1576/1808 1278/1387/1808 1446/1574/1808
f 1446/1574/1809 1281/1390/1809 1283/1392/1809
f 1449/1577/1810 1450/1578/1810 1451/1579/1810
f 1451/1579/1811 1273/1379/1811 1449/1577/1811
f 1449/1577/1812 1276/1385/1559 1278/1387/1558
f 1451/1579/1813 1452/1580/1813 105/108/1813
f 1451/1579/1814 110/114/1814 109/113/1814
f 1450/1578/1815 1453/1581/1815 1452/1580/1815
f 1448/1576/1816 1454/1582/1816 1450/1578/1816
f 1453/1581/1817 1455/1583/1817 1456/1584/1817
f 1456/1584/1818 1452/1580/1818 1453/1581/1818
f 1454/1582/1819 1457/1585/1819 1453/1581/1819
f 1458/1586/1820 1459/1587/1820 1457/1585/1820
f 1458/1586/1821 1447/1575/1821 1460/1588/1821
f 1460/1588/1822 1461/1589/1822 1458/1586/1822
f 1462/1590/1823 1463/1591/1823 1461/1589/1823
f 1462/1590/1824 1444/1572/1824 1464/1592/1824
f 1464/1592/1825 1465/1593/1825 1462/1590/1825
f 1466/1594/1826 1467/1595/1827 1465/1593/1828
f 1466/1594/1829 1441/1569/1830 1468/1596/1831
f 1468/1596/1832 1469/1597/1832 1466/1594/1832
f 1470/1598/1833 1469/1597/1833 1471/1599/1833
f 1468/1596/1834 1472/1600/1834 1471/1599/1834
f 1471/1599/1835 1473/1601/1835 1470/1598/1835
f 1474/1602/1836 1470/1598/1836 1473/1601/1836
f 1472/1600/1837 1432/1555/1837 1473/1601/1837
f 1473/1601/1838 1429/1550/1838 1474/1602/1838
f 1475/1603/1839 1476/1604/1840 1477/1605/1841
f 1477/1605/1842 1478/1606/1842 1470/1598/1842
f 1477/1605/1843 1479/1607/1843 1475/1603/1843
f 1480/1608/1844 1475/1603/1844 1479/1607/1844
f 1474/1602/1845 1427/1548/1846 1479/1607/1847
f 1479/1607/1848 1425/1545/1849 1480/1608/1850
f 1481/1609/1851 1482/1610/1851 1483/1611/1851
f 1483/1611/1852 1484/1612/1852 1475/1603/1852
f 1483/1611/1853 1485/1613/1853 1481/1609/1853
f 1486/1614/1854 1481/1609/1855 1485/1613/1856
f 1480/1608/1857 1423/1542/1858 1485/1613/1859
f 1485/1613/1860 1421/1539/1860 1486/1614/1860
f 1487/1615/1861 1488/1616/1862 1489/1617/1863
f 1489/1617/1864 1490/1618/1865 1481/1609/1866
f 1489/1617/1867 1491/1619/1867 1487/1615/1867
f 1492/1620/1868 1487/1615/1868 1491/1619/1868
f 1486/1614/1869 1420/1537/1870 1491/1619/1871
f 1491/1619/1872 1493/1621/1872 1492/1620/1872
f 1494/1622/1873 1495/1623/1874 1496/1624/1875
f 1496/1624/1876 1497/1625/1877 1487/1615/1878
f 1496/1624/1875 1498/1626/1879 1494/1622/1873
f 1499/1627/1880 1494/1622/1880 1498/1626/1880
f 1492/1620/1881 1500/1628/1881 1498/1626/1881
f 1498/1626/1882 1501/1629/1882 1499/1627/1882
f 1502/1630/1883 1499/1627/1883 1501/1629/1883
f 1500/1628/1884 1503/1631/1884 1501/1629/1884
f 1501/1629/1885 1504/1632/1885 1502/1630/1885
f 1505/1633/1886 1502/1630/1886 1504/1632/1886
f 1503/1634/1887 1506/1635/1887 1504/1636/1887
f 1504/1636/1888 1507/1637/1888 1505/1638/1888
f 1508/1639/1889 1505/1638/1888 1507/1637/1888
f 1506/1635/1890 1509/1640/1890 1507/1637/1890
f 1507/1637/1891 1510/1641/1891 1508/1639/1891
f 1511/1642/1892 1508/1639/1892 1510/1641/1892
f 1509/1640/1893 1512/1643/1893 1510/1641/1893
f 1510/1641/1894 1513/1644/1894 1511/1642/1894
f 1514/1645/1895 1511/1642/1895 1513/1644/1895
f 1512/1643/1896 1515/1646/1896 1513/1644/1896
f 1513/1644/1897 1516/1647/1898 1514/1645/1899
f 1517/1648/1900 1514/1645/1899 1516/1647/1898
f 1515/1646/1901 1518/1649/1902 1516/1647/1903
f 1516/1647/1904 1519/1650/1905 1517/1648/1906
f 1520/1651/1907 1517/1648/1906 1519/1650/1905
f 1518/1649/1908 1521/1652/1908 1519/1650/1908
f 1519/1650/1909 1522/1653/1909 1520/1651/1909
f 1523/1654/1910 1520/1651/1911 1522/1653/1910
f 1521/1652/1912 1524/1655/1913 1522/1653/1914
f 1522/1653/1910 1525/1656/1915 1523/1654/1910
f 1526/1657/1916 1523/1654/1916 1525/1656/1916
f 1524/1655/1917 1527/1658/1918 1525/1656/1919
f 1525/1656/1920 1528/1659/1920 1526/1657/1920
f 1529/1660/1921 1526/1657/1922 1528/1659/1923
f 1527/1658/1924 1530/1661/1924 1528/1659/1924
f 1528/1659/1925 1531/1662/1925 1529/1660/1925
f 1532/1663/1926 1529/1660/1926 1531/1662/1926
f 1530/1664/1927 1533/1665/1927 1531/1666/1927
f 1531/1666/1928 1534/1667/1929 1532/1668/1930
f 1535/1669/1931 1532/1668/1930 1534/1667/1929
f 1533/1665/1932 1536/1670/1932 1534/1667/1932
f 1534/1667/1933 1537/1671/1933 1535/1669/1933
f 1538/1672/1934 1535/1669/1934 1537/1671/1934
f 1536/1670/1935 1539/1673/1935 1537/1671/1935
f 1537/1671/1936 1540/1674/1936 1538/1672/1936
f 1541/1675/1937 1538/1672/1937 1540/1674/1937
f 1539/1673/1938 1542/1676/1938 1540/1674/1938
f 1540/1674/1939 1543/1677/1939 1541/1675/1939
f 1544/1678/1940 1541/1675/1940 1543/1677/1940
f 1542/1676/1941 1545/1679/1941 1543/1677/1941
f 1543/1677/1942 1546/1680/1942 1544/1678/1942
f 1547/1681/1943 1544/1678/1943 1546/1680/1943
f 1546/1680/1944 1548/1682/1944 1549/1683/1944
f 1549/1683/1945 1547/1681/1945 1546/1680/1945
f 1550/1684/1946 1551/1685/1946 1547/1681/1946
f 1550/1684/1947 1552/1686/1947 1553/1687/1947
f 1553/1687/1948 1554/1688/1948 1550/1684/1948
f 1549/1683/1949 1555/1689/1949 1552/1686/1949
f 1552/1686/1950 1166/1265/1950 1164/1263/1950
f 1164/1263/1951 1553/1687/1951 1552/1686/1951
f 1548/1682/1952 1374/1487/1952 1555/1689/1952
f 1555/1689/1953 1556/1690/1953 1166/1265/1953
f 1551/1685/1954 1145/1244/1374 1557/1691/1955
f 1557/1691/1956 1547/1681/1956 1551/1685/1956
f 1554/1688/1957 1148/1247/1957 1551/1685/1957
f 1545/1679/1958 1372/1485/1958 1548/1682/1958
f 1557/1691/1959 1558/1692/1959 1559/1693/1959
f 1559/1693/1960 1560/1694/1960 1544/1678/1960
f 1558/1692/1961 1561/1695/1962 1560/1694/1963
f 1560/1694/1964 1562/1696/1964 1541/1675/1964
f 1563/1697/1965 1375/1488/1965 1542/1676/1965
f 1561/1695/1966 1564/1698/1967 1562/1696/1968
f 1562/1696/1969 1565/1699/1969 1538/1672/1969
f 1138/1237/1970 1566/1700/1971 1564/1698/1967
f 1564/1698/1972 1567/1701/1972 1565/1699/1972
f 1566/1702/1973 1568/1703/1973 1567/1704/1973
f 1567/1704/1974 1569/1705/1974 1570/1706/1974
f 1570/1707/1975 1565/1699/1975 1567/1701/1975
f 1568/1703/1976 1571/1708/1976 1569/1705/1976
f 1569/1705/1977 1572/1709/1978 1573/1710/1979
f 1573/1710/1980 1570/1706/1981 1569/1705/1982
f 1571/1708/1983 1574/1711/1983 1572/1709/1983
f 1572/1709/1984 1575/1712/1984 1576/1713/1984
f 1576/1713/1985 1573/1710/1985 1572/1709/1985
f 1575/1712/1986 1577/1714/1987 1578/1715/1988
f 1578/1715/1988 1579/1716/1989 1575/1712/1986
f 1579/1716/1990 1576/1713/1990 1575/1712/1990
f 1578/1715/1991 1580/1717/1991 1581/1718/1991
f 1581/1718/1992 1582/1719/1992 1583/1720/1992
f 1583/1720/1993 1579/1716/1994 1581/1718/1995
f 1580/1717/1996 1584/1721/1996 1582/1719/1996
f 1582/1719/1997 1585/1722/1998 1586/1723/1999
f 1586/1723/2000 1583/1720/2000 1582/1719/2000
f 1584/1721/2001 1587/1724/2002 1585/1722/2003
f 1585/1722/2004 1588/1725/2005 1589/1726/2006
f 1589/1726/2007 1586/1723/1999 1585/1722/1998
f 1587/1724/2008 1590/1727/2008 1588/1725/2008
f 1588/1725/2009 1591/1728/2010 1592/1729/2011
f 1592/1729/2012 1589/1726/2012 1588/1725/2012
f 1590/1727/2013 1593/1730/2013 1591/1728/2013
f 1591/1728/2014 1594/1731/2014 1595/1732/2014
f 1595/1732/2015 1592/1729/2011 1591/1728/2010
f 1593/1733/2016 1596/1734/2016 1594/1735/2016
f 1594/1735/2017 1597/1736/2017 1598/1737/2017
f 1598/1738/2018 1595/1732/2018 1594/1731/2018
f 1596/1734/2019 1599/1739/2020 1597/1736/2021
f 1597/1736/2022 1600/1740/2022 1601/1741/2022
f 1601/1741/2023 1598/1737/2023 1597/1736/2023
f 1599/1739/2024 1602/1742/2025 1600/1740/2026
f 1600/1740/2027 1603/1743/2028 1604/1744/2029
f 1604/1744/2030 1601/1741/2030 1600/1740/2030
f 1602/1742/2031 1605/1745/2031 1603/1743/2031
f 1603/1743/2032 1606/1746/2032 1607/1747/2032
f 1607/1747/2033 1604/1744/2034 1603/1743/2035
f 1605/1745/2036 1608/1748/2037 1606/1746/2038
f 1606/1746/2039 1609/1749/2039 1610/1750/2039
f 1610/1750/2040 1607/1747/2040 1606/1746/2040
f 1609/1749/2041 1611/1751/2041 1612/1752/2041
f 1612/1752/2042 1613/1753/2042 1609/1749/2042
f 1613/1753/2043 1610/1750/2043 1609/1749/2043
f 1614/1754/2044 1615/1755/2044 1613/1753/2044
f 1615/1755/2045 1495/1623/2045 1613/1753/2045
f 1616/1756/2046 1617/1757/2046 1615/1755/2046
f 1617/1757/2047 1497/1625/2047 1615/1755/2047
f 1617/1757/2048 1618/1758/2048 1619/1759/2048
f 1619/1759/2049 1488/1616/2050 1617/1757/2051
f 1619/1759/2052 1620/1760/2052 1621/1761/2052
f 1621/1761/2053 1490/1618/2054 1619/1759/2055
f 1621/1761/2056 1622/1762/2056 1623/1763/2056
f 1623/1763/2057 1482/1610/2057 1621/1761/2057
f 1623/1763/2058 1624/1764/2058 1625/1765/2058
f 1625/1765/2059 1484/1612/2059 1623/1763/2059
f 1624/1764/2060 1626/1766/2060 1625/1765/2060
f 1626/1766/2061 1476/1604/2062 1625/1765/2063
f 1627/1767/2064 1467/1595/2064 1626/1766/2064
f 1626/1766/2065 1469/1597/2066 1478/1606/2067
f 1628/1768/2068 1629/1769/2069 1630/1770/2070
f 1630/1770/2071 1463/1591/2071 1628/1768/2071
f 1628/1768/2072 1465/1593/2072 1467/1595/2072
f 1631/1771/2073 1632/1772/2073 1633/1773/2073
f 1633/1773/2074 1459/1587/2074 1631/1771/2074
f 1631/1771/2075 1461/1589/2075 1463/1591/2075
f 1634/1774/2076 1635/1775/2077 1636/1776/2078
f 1636/1776/2079 1455/1583/2079 1634/1774/2079
f 1634/1774/2080 1457/1585/2080 1459/1587/2080
f 1637/1777/2081 1638/1778/2081 1639/1779/2081
f 1639/1779/2082 1640/1780/2082 1637/1777/2082
f 1637/1777/2083 1456/1584/2083 1455/1583/2083
f 1641/1781/2084 103/1782/2084 1640/1780/2084
f 1640/1780/2085 106/109/2085 1456/1584/2085
f 1642/1783/2086 1643/1784/2087 1644/1785/2088
f 1644/1785/2089 104/107/2089 103/106/2089
f 1644/1786/2088 1645/1787/2090 1642/1788/2086
f 1646/1789/2091 1642/1788/2091 1645/1787/2091
f 1641/1781/2092 1647/1790/2092 1645/1787/2092
f 1645/1787/2093 1648/1791/2093 1646/1789/2093
f 1649/1792/2094 1646/1789/2094 1648/1791/2094
f 1647/1790/2095 92/95/2095 1648/1791/2095
f 1648/1791/2096 91/94/2096 1649/1792/2096
f 1650/1793/2097 1651/1794/2098 1652/1795/2099
f 1652/1795/2100 1653/1796/2100 1646/1789/2100
f 1652/1795/2099 1654/1797/2101 1650/1793/2097
f 1655/1798/2102 1650/1793/2102 1654/1797/2102
f 1649/1792/2103 1656/1799/2103 1654/1797/2103
f 1654/1797/2104 1657/1800/2105 1655/1798/2106
f 1658/1801/2107 1655/1798/2107 1657/1800/2107
f 1656/1799/2108 1659/1802/2108 1657/1800/2108
f 1657/1800/2109 1660/1803/2109 1658/1801/2109
f 1661/1804/2110 1658/1801/2110 1660/1803/2110
f 1659/1802/2111 1662/1805/2111 1660/1803/2111
f 1660/1803/2112 1663/1806/2112 1661/1804/2112
f 1664/1807/2113 1661/1804/2114 1663/1806/2115
f 1662/1805/2116 1665/1808/2117 1663/1806/2118
f 1663/1806/2119 1666/1809/2120 1664/1807/2121
f 1667/1810/2122 1664/1807/2122 1666/1809/2122
f 1665/1808/2123 1668/1811/2123 1666/1809/2123
f 1666/1809/2124 1669/1812/2124 1667/1810/2124
f 1669/1812/2125 1670/1813/2125 1667/1810/2125
f 1669/1812/2126 1671/1814/2126 1672/1815/2126
f 1672/1815/2127 1673/1816/2127 1669/1812/2127
f 1674/1817/2128 1675/1818/2128 1673/1816/2128
f 1674/1817/2129 1676/1819/2129 1677/1820/2129
f 1677/1820/2130 1678/1821/2130 1674/1817/2130
f 1679/1822/2131 1680/1823/2132 1678/1821/2133
f 1679/1822/2134 1616/1756/2134 1614/1754/2134
f 1614/1754/2135 1681/1824/2135 1679/1822/2135
f 1680/1823/2136 1682/1825/2136 1683/1826/2136
f 1683/1826/2137 1678/1821/2137 1680/1823/2137
f 1681/1824/2138 1684/1827/2139 1680/1823/2132
f 1685/1828/2140 1686/1829/2141 1684/1827/2142
f 1685/1828/2143 1612/1752/2143 1611/1751/2143
f 1611/1751/2144 1687/1830/2144 1685/1828/2144
f 1688/1831/2145 1689/1832/2145 1687/1830/2145
f 1688/1831/2146 1608/1748/2146 1690/1833/2146
f 1690/1833/2147 1691/1834/2147 1688/1831/2147
f 1692/1835/2148 1693/1836/2148 1691/1834/2148
f 1690/1833/2149 1694/1837/2149 1692/1835/2149
f 1692/1835/2150 1695/1838/2150 1696/1839/2150
f 1697/1840/2151 1696/1839/2151 1695/1838/2151
f 1694/1837/2152 1698/1841/2152 1695/1838/2152
f 1695/1838/2153 1699/1842/2153 1697/1840/2153
f 1700/1843/2154 1697/1840/2154 1699/1842/2154
f 1698/1841/2155 1701/1844/2155 1699/1842/2155
f 1699/1842/2156 1702/1845/2157 1700/1843/2158
f 1703/1846/2159 1700/1843/2159 1702/1845/2159
f 1701/1844/2160 1704/1847/2160 1702/1845/2160
f 1702/1845/2161 1705/1848/2161 1703/1846/2161
f 1705/1848/2162 1706/1849/2163 1703/1846/2164
f 1704/1847/2165 1707/1850/2165 1705/1848/2165
f 1707/1850/2166 1708/1851/2166 1705/1848/2166
f 1709/1852/2167 1708/1851/2167 1710/1853/2167
f 1710/1854/2168 1590/1727/2168 1711/1855/2168
f 1710/1854/2169 1712/1856/2170 1709/1857/2171
f 1713/1858/2172 1709/1857/2173 1712/1856/2174
f 1711/1855/2175 1714/1859/2175 1712/1856/2175
f 1712/1856/2176 1715/1860/2176 1713/1858/2176
f 1716/1861/2177 1713/1858/2178 1715/1860/2179
f 1714/1859/2180 1717/1862/2180 1715/1860/2180
f 1715/1860/2181 1718/1863/2181 1716/1861/2181
f 1719/1864/2182 1716/1861/2183 1718/1863/2184
f 1717/1862/2185 1720/1865/2185 1718/1863/2185
f 1718/1863/2186 1721/1866/2187 1719/1864/2188
f 1722/1867/2189 1719/1864/2189 1721/1866/2189
f 1720/1865/2190 1577/1714/2190 1721/1866/2190
f 1721/1866/2191 1723/1868/2191 1722/1867/2191
f 1724/1869/2192 1722/1867/2193 1723/1868/2194
f 1577/1714/2195 1725/1870/2195 1723/1868/2195
f 1723/1868/2194 1726/1871/2196 1724/1869/2192
f 1727/1872/2197 1724/1869/2197 1726/1871/2197
f 1725/1870/2198 1728/1873/2198 1726/1871/2198
f 1726/1871/2199 1729/1874/2199 1727/1872/2199
f 1131/1228/2200 1727/1872/2200 1729/1874/2200
f 1728/1873/2201 1730/1875/2201 1729/1874/2201
f 1729/1874/2202 1133/1230/2202 1131/1228/2202
f 1127/1224/2203 1731/1876/2203 1724/1869/2203
f 1731/1876/2204 1732/1877/2204 1722/1867/2204
f 1732/1877/2205 1733/1878/2205 1719/1864/2205
f 1733/1878/2206 1734/1879/2207 1716/1861/2177
f 1734/1879/2208 1735/1880/2208 1713/1858/2208
f 1736/1881/2209 1106/1200/2209 1737/1882/2209
f 1737/1882/2210 1708/1851/2211 1736/1881/2212
f 1736/1881/2213 1735/1883/2213 1108/1202/2213
f 1737/1882/2214 1104/1198/2214 1738/1884/2214
f 1738/1884/2215 1706/1849/2215 1737/1882/2215
f 1738/1884/2216 1739/1885/2217 1740/1886/2218
f 1740/1886/2219 1741/1887/2220 1742/1888/2221
f 1740/1886/2222 1703/1846/2164 1706/1849/2163
f 1739/1885/2223 1743/1889/2223 1741/1887/2223
f 1741/1887/2224 1744/1890/2224 1745/1891/2224
f 1745/1891/2225 1742/1888/2221 1741/1887/2220
f 1743/1889/2226 1746/1892/2226 1744/1890/2226
f 1744/1890/2227 1747/1893/2228 1748/1894/2229
f 1748/1894/2230 1745/1891/2231 1744/1890/2232
f 1746/1892/2233 1749/1895/2233 1747/1893/2233
f 1747/1893/2234 1750/1896/2234 1693/1836/2234
f 1693/1836/2235 1748/1894/2235 1747/1893/2235
f 1750/1896/2236 1086/1180/2237 1751/1897/2238
f 1751/1897/2238 1689/1832/2239 1750/1896/2236
f 1750/1896/2240 1691/1834/2240 1693/1836/2240
f 1752/1898/2241 1081/1175/2242 1753/1899/2243
f 1753/1899/2244 1686/1829/2245 1752/1898/2246
f 1752/1898/2247 1687/1830/2247 1689/1832/2247
f 1754/1900/2248 1076/1170/2249 1755/1901/2250
f 1755/1901/2250 1682/1825/2251 1754/1900/2248
f 1754/1900/2252 1684/1827/2252 1686/1829/2252
f 1756/1902/2253 1071/1165/2253 1757/1903/2253
f 1757/1903/2254 1758/1904/2254 1756/1902/2254
f 1756/1902/2255 1683/1826/2255 1682/1825/2255
f 1759/1905/2256 1760/1906/2256 1758/1904/2256
f 1758/1904/2257 1675/1818/2258 1683/1826/2259
f 1761/1907/2260 1670/1813/2260 1760/1906/2260
f 1760/1906/2261 1673/1816/2261 1675/1818/2261
f 1762/1908/2262 1763/1909/2262 1764/1910/2262
f 1764/1910/2263 1765/1911/2264 1762/1908/2265
f 1762/1908/2266 1667/1810/2266 1670/1813/2266
f 1766/1912/2267 1767/1913/2268 1768/1914/2269
f 1766/1912/2270 1769/1915/2271 1770/1916/2272
f 1770/1916/2273 1765/1911/2273 1766/1912/2273
f 1768/1914/2274 1771/1917/2274 1769/1915/2274
f 1769/1915/2275 1772/1918/2275 1773/1919/2275
f 1773/1919/2276 1770/1916/2272 1769/1915/2271
f 1771/1917/2277 1774/1920/2277 1772/1918/2277
f 1772/1918/2278 1775/1921/2279 1776/1922/2280
f 1776/1922/2281 1773/1919/2281 1772/1918/2281
f 1774/1920/2282 1777/1923/2282 1775/1921/2282
f 1775/1921/2283 1778/1924/2283 1779/1925/2283
f 1779/1925/2284 1776/1922/2284 1775/1921/2284
f 1777/1926/2285 1780/1927/2285 1778/1928/2285
f 1778/1928/2286 1781/1929/2286 1782/1930/2287
f 1782/1931/2288 1779/1925/2288 1778/1924/2288
f 1780/1927/2289 1783/1932/2289 1781/1929/2289
f 1781/1929/2290 1784/1933/2290 1785/1934/2290
f 1785/1934/2291 1782/1930/2292 1781/1929/2293
f 1785/1934/2294 1786/1935/2294 1787/1936/2294
f 1787/1936/2295 1651/1937/2295 1785/1934/2295
f 1787/1936/2296 1788/1938/2296 1789/1939/2296
f 1789/1939/2297 1653/1940/2297 1787/1936/2297
f 1786/1935/2298 1790/1941/2298 1788/1938/2298
f 1788/1938/2299 1791/1942/2299 1792/1943/2299
f 1792/1943/2300 1789/1939/2301 1788/1938/2302
f 1792/1943/2303 1793/1944/2304 1794/1945/2305
f 1794/1945/2306 1643/1784/2306 1792/1943/2306
f 1791/1942/2307 1795/1946/2307 1793/1944/2307
f 1793/1944/2304 1796/1947/2308 1797/1948/2309
f 1797/1948/2309 1794/1945/2305 1793/1944/2304
f 1797/1948/2310 1798/1949/2310 1799/1950/2310
f 1799/1950/2311 107/111/2311 1797/1948/2311
f 1800/1951/2312 1801/1952/2312 1802/1953/2312
f 1800/1951/2313 112/1954/2313 111/1955/2313
f 111/1955/2314 107/111/2314 1800/1951/2314
f 1802/1956/2315 1803/1957/2315 1268/1374/2315
f 1268/1374/2316 112/1958/2316 1802/1956/2316
f 1799/1950/2317 1804/1959/2317 1801/1952/2317
f 1801/1960/2318 1805/1961/2318 1803/1957/2318
f 1805/1961/2319 1806/1962/2320 1807/1963/2321
f 1807/1963/2322 1808/1964/2322 1805/1961/2322
f 1808/1964/2323 1803/1957/2323 1805/1961/2323
f 1809/1965/2324 1810/1966/2324 1811/1967/2324
f 1809/1965/2325 1812/1968/2325 1813/1969/2325
f 1813/1969/2326 1808/1964/2326 1809/1965/2326
f 1812/1968/2327 1814/1970/2327 1815/1971/2327
f 1812/1968/2328 1816/1972/2328 1817/1973/2328
f 1817/1973/2329 1813/1969/2329 1812/1968/2329
f 1815/1971/2330 1818/1974/2331 1816/1972/2332
f 1816/1972/2333 1819/1975/2334 1820/1976/2335
f 1820/1976/2336 1817/1973/2336 1816/1972/2336
f 1819/1975/2337 127/133/2337 124/130/2337
f 124/130/2338 1820/1976/2338 1819/1975/2338
f 1818/1974/2339 1821/1977/2340 1819/1975/2341
f 1822/1978/2342 997/1979/2342 1821/1980/2342
f 1822/1981/2343 1823/1982/2343 1824/1983/2343
f 1824/1984/2344 998/1090/2345 1822/1978/2346
f 1823/1982/2347 1825/1985/2347 1824/1983/2347
f 1825/1986/2348 1000/1987/2348 1824/1988/2348
f 1826/1989/2349 1001/1990/2349 1000/1987/2349
f 1826/1989/2350 121/127/2350 120/126/2350
f 120/126/2351 1004/1097/2351 1826/1989/2351
f 1827/1991/2352 1005/1098/2352 1004/1097/2352
f 1827/1991/2353 119/125/2353 1828/1992/2353
f 1828/1992/2354 1009/1102/2354 1827/1991/2354
f 1829/1993/2355 1010/1103/2355 1009/1102/2355
f 1829/1993/2356 1830/1994/2356 1831/1995/2356
f 1831/1995/2357 1014/1107/2357 1829/1993/2357
f 1832/1996/2358 1015/1108/2358 1014/1107/2358
f 1832/1996/2359 1833/1997/2359 1834/1998/2359
f 1832/1996/2360 1835/1999/2360 1019/1112/2360
f 1024/1117/2361 1019/1112/2361 1835/1999/2361
f 1834/1998/2362 1836/2000/2363 1835/1999/2364
f 1835/1999/2365 1837/2001/2366 1024/1117/2367
f 1838/2002/2368 1024/1117/2368 1837/2001/2368
f 1836/2000/2369 1839/2003/2369 1837/2001/2369
f 1837/2001/2370 1840/2004/2370 1838/2002/2370
f 1841/2005/2371 1838/2002/2371 1840/2004/2371
f 1839/2003/2372 1842/2006/2372 1840/2004/2372
f 1840/2004/2373 1843/2007/2373 1841/2005/2373
f 1844/2008/2374 1841/2005/2375 1843/2007/2376
f 1842/2006/2377 1845/2009/2378 1843/2007/2379
f 1843/2007/2380 1846/2010/2380 1844/2008/2380
f 1847/2011/2381 1844/2008/2382 1846/2010/2383
f 1845/2009/2384 1848/2012/2385 1846/2010/2386
f 1846/2010/2387 1849/2013/2387 1847/2011/2387
f 1850/2014/2388 1847/2011/2388 1849/2013/2388
f 1848/2012/2389 1851/2015/2389 1849/2013/2389
f 1849/2013/2390 1852/2016/2390 1850/2014/2390
f 1853/2017/2391 1850/2014/2391 1852/2016/2391
f 1851/2015/2392 1854/2018/2393 1852/2016/2394
f 1852/2016/2395 1855/2019/2395 1853/2017/2395
f 1049/1142/2396 1853/2017/2396 1855/2019/2396
f 1854/2020/2397 1856/2021/2397 1855/2022/2397
f 1855/2022/2398 1857/2023/2398 1049/2024/2398
f 1857/2023/2399 1050/2025/2399 1049/2024/2399
f 1856/2021/2400 1858/2026/2400 1857/2023/2400
f 1858/2026/2401 1054/1148/2402 1857/2023/2403
f 1859/2027/2404 1055/1149/2404 1054/1148/2404
f 1859/2027/2405 1768/1914/2406 1767/1913/2407
f 1767/1913/2408 1059/1153/2408 1859/2027/2408
f 1860/2028/2409 1060/1154/2409 1059/1153/2409
f 1860/2028/2410 1764/1910/2410 1763/1909/2410
f 1763/1909/2411 1861/2029/2411 1860/2028/2411
f 1862/2030/2412 1861/2029/2412 1863/2031/2412
f 1863/2031/2413 1761/1907/2413 1759/1905/2413
f 1863/2031/2414 1757/1903/2414 1862/2030/2414
f 1864/2032/2415 1783/1932/2415 1845/2009/2415
f 1864/2032/2416 1865/2033/2416 1866/2034/2416
f 1866/2034/2417 1784/1933/2417 1864/2032/2417
f 1865/2033/2418 1867/2035/2418 1868/2036/2418
f 1868/2036/2419 1866/2034/2420 1865/2033/2421
f 1868/2036/2422 1869/2037/2422 1870/2038/2422
f 1870/2038/2423 1790/1941/2423 1868/2036/2423
f 1867/2035/2424 1871/2039/2424 1869/2037/2424
f 1869/2037/2425 1872/2040/2425 1873/2041/2425
f 1873/2041/2426 1870/2038/2426 1869/2037/2426
f 1873/2041/2427 1874/2042/2428 1875/2043/2429
f 1875/2043/2430 1795/1946/2430 1873/2041/2430
f 1875/2043/2431 1876/2044/2431 1877/2045/2431
f 1877/2045/2432 1796/1947/2432 1875/2043/2432
f 1876/2044/2433 1806/2046/2433 1877/2045/2433
f 1806/2046/2434 1798/1949/2435 1877/2045/2436
f 1878/2047/2437 1879/2048/2437 1880/2049/2437
f 1880/2050/2438 1810/1966/2438 1878/2051/2438
f 1878/2051/2439 1807/1963/2440 1806/1962/2441
f 1881/2052/2442 117/122/2442 116/121/2442
f 116/121/2443 1814/1970/2443 1881/2052/2443
f 1881/2052/2444 1811/1967/2445 1810/1966/2446
f 1880/2049/2447 118/124/2448 117/2053/2449
f 1882/2054/2450 118/124/2450 1879/2048/2450
f 1879/2048/2451 1874/2042/2452 1882/2054/2453
f 1882/2054/2454 1831/1995/2455 1830/1994/2456
f 1882/2054/2457 1872/2040/2457 1833/1997/2457
f 1871/2039/2458 1833/1997/2459 1872/2040/2460
f 1828/1992/2461 118/124/2461 1830/1994/2461
f 1883/2055/2462 121/2056/2463 1825/1985/2464
f 1883/2055/2465 1815/1971/2466 1814/1970/2467
f 1821/2057/2468 1247/1351/2469 127/1350/2470
f 1071/1165/2471 1862/2030/2471 1757/1903/2471
f 1755/1901/2472 1072/1166/2472 1071/1165/2472
f 1753/1899/2473 1077/1171/2473 1076/1170/2473
f 1751/1897/2474 1082/1176/2474 1081/1175/2474
f 1884/2058/2475 1086/1180/2475 1749/1895/2475
f 1885/2059/2476 1884/2058/2477 1746/1892/2478
f 1886/2060/2479 1885/2059/2479 1743/1889/2479
f 1887/2061/2480 1886/2060/2480 1739/1885/2480
f 1738/1884/2481 1102/1196/2482 1887/2061/2483
f 1677/1820/2484 1888/2062/2484 1616/1756/2484
f 1672/1815/2485 1889/2063/2485 1676/1819/2485
f 1676/1819/2486 1618/1758/2486 1888/2062/2486
f 1671/1814/2487 1890/2064/2487 1889/2063/2487
f 1889/2063/2488 1620/1760/2488 1618/1758/2488
f 1891/2065/2489 1892/2066/2489 1890/2064/2489
f 1890/2064/2490 1622/1762/2491 1620/1760/2492
f 1893/2067/2493 1894/2068/2493 1892/2066/2493
f 1892/2066/2494 1624/1764/2494 1622/1762/2494
f 1895/2069/2495 1629/1769/2495 1894/2068/2495
f 1894/2068/2496 1627/1767/2496 1624/1764/2496
f 1896/2070/2497 1897/2071/2498 1898/2072/2499
f 1898/2072/2499 1632/1772/2500 1896/2070/2497
f 1896/2070/2501 1630/1770/2501 1629/1769/2501
f 1899/2073/2502 1900/2074/2503 1901/2075/2504
f 1901/2075/2504 1635/1775/2505 1899/2073/2502
f 1899/2073/2506 1633/1773/2507 1632/1772/2508
f 1902/2076/2509 89/92/2510 94/97/2510
f 94/97/72 1638/1778/2511 1902/2076/2512
f 1902/2076/2513 1636/1776/2513 1635/1775/2513
f 1901/2075/2514 1903/2077/2514 89/92/2514
f 1904/2078/2515 1905/2079/2516 1903/2077/2517
f 1903/2077/2518 90/93/2518 89/92/2518
f 1903/2077/2517 1906/2080/2519 1904/2078/2515
f 1907/2081/2520 1904/2078/2521 1906/2080/2522
f 1900/2074/2523 1897/2071/2523 1906/2080/2523
f 1906/2080/2524 1908/2082/2524 1907/2081/2524
f 1909/2083/2525 1907/2081/2525 1908/2082/2525
f 1897/2071/2526 1893/2067/2526 1908/2082/2526
f 1908/2082/2527 1891/2065/2528 1909/2083/2529
f 1891/2065/2528 1668/1811/2530 1909/2083/2529
f 1905/2079/2531 91/94/2531 90/93/2531
f 1639/1779/2532 93/96/2532 1647/1790/2532
f 1730/1875/2533 1135/2084/2534 1133/1230/2535
f 1910/2085/2536 1563/1697/2536 1539/1673/2536
f 1911/2086/2537 1910/2085/2538 1536/1670/2539
f 1912/2087/2540 1911/2086/2540 1533/1665/2540
f 1913/2088/2541 1912/2087/2541 1530/1664/2541
f 1914/2089/2542 1913/2090/2543 1527/1658/2544
f 1915/2091/2545 1914/2089/2545 1524/1655/2545
f 1916/2092/2546 1915/2091/2546 1521/1652/2546
f 1917/2093/2547 1916/2092/2547 1518/1649/2547
f 1918/2094/2548 1917/2093/2548 1515/1646/2548
f 1919/2095/2549 1918/2094/2550 1512/1643/2551
f 1920/2096/2552 1919/2095/2553 1509/1640/2554
f 1921/2097/2555 1920/2096/2555 1506/1635/2555
f 1922/2098/2556 1921/2097/2557 1503/1634/2558
f 1493/1621/2559 1922/2099/2559 1500/1628/2559
f 1438/1565/2560 1434/1558/2560 1472/1600/2560
f 1468/1596/2561 1439/1566/2561 1438/1565/2561
f 1464/1592/2562 1442/1570/2563 1441/1569/2564
f 1460/1588/2565 1445/1573/2565 1444/1572/2565
f 1923/2100/2566 1556/1690/2566 1371/1484/2566
f 1924/2101/2567 1232/1334/2568 1303/1413/2569
f 1924/2101/2570 1925/2102/2570 1926/2103/2570
f 1926/2103/2571 1234/1336/2571 1924/2101/2571
f 1927/2104/2572 1928/2105/2572 1929/2106/2572
f 1929/2106/2573 1237/1339/2573 1927/2104/2573
f 1927/2104/2574 1235/1337/2574 1234/1336/2574
f 1929/2106/2575 1930/2107/2575 1931/2108/2575
f 1931/2108/2576 1239/1341/2576 1929/2106/2576
f 1931/2108/2577 1932/2109/2577 1933/2110/2577
f 1933/2110/2578 1241/1343/2578 1931/2108/2578
f 1930/2107/2579 1934/2111/2579 1932/2109/2579
f 1932/2109/2580 1935/2112/2580 1936/2113/2580
f 1936/2113/2581 1933/2110/2581 1932/2109/2581
f 1935/2114/2582 1937/2115/2582 1936/2116/2582
f 1937/2115/2583 1248/2117/2583 1936/2116/2583
f 1938/2118/2584 1257/1363/2584 1937/2115/2584
f 1937/2115/2585 1252/1358/2585 1250/1356/2585
f 1939/2119/2586 1258/1364/2586 1257/1363/2586
f 1939/2119/2587 97/100/2587 96/99/2587
f 96/99/2588 1261/1367/2588 1939/2119/2588
f 1940/2120/2589 1262/1368/2590 1261/1367/2591
f 1940/2120/2592 99/102/2592 1941/2121/2592
f 1941/2121/2593 1265/1371/2593 1940/2120/2593
f 1941/2121/2594 1275/1383/2594 1274/1382/2594
f 1941/2121/2595 98/101/2595 1279/2122/2595
f 1938/2118/2596 100/103/2596 97/100/2596
f 1934/2111/2597 100/2123/2597 1935/2112/2597
f 1942/2124/2598 1289/2125/2598 1943/2126/2598
f 1943/2126/2599 100/2123/2599 1942/2124/2599
f 1934/2111/2600 1944/2127/2601 1942/2124/2602
f 1943/2128/2603 1285/1394/2604 1284/1393/2605
f 1284/1393/2606 101/2129/2606 1943/2128/2606
f 1944/2127/2607 1290/2130/2607 1289/2125/2607
f 1945/2131/2608 1294/1404/2608 1944/2127/2608
f 1946/2132/2609 1295/1405/2609 1294/1404/2609
f 1945/2131/2610 1928/2105/2610 1946/2132/2610
f 1946/2132/2611 1926/2103/2611 1925/2102/2611
f 1280/1389/2612 98/2133/2612 1284/1393/2612
f 1270/1376/2613 1265/1371/2613 1274/1382/2613
f 109/113/2614 1271/1380/2615 1273/1379/2616
f 1175/1274/2617 1923/2100/2617 1177/1276/2617
f 1947/2134/2618 838/904/2619 1948/2135/2620
f 1948/2135/2621 1098/1192/2621 1947/2134/2621
f 1101/1195/2622 840/906/2623 1947/2134/2624
f 1948/2135/2625 836/902/2626 1949/2136/2627
f 1949/2136/2627 1950/2137/2628 1948/2135/2625
f 1951/2138/2629 833/899/2629 1952/2139/2629
f 1952/2139/2630 1094/1188/2630 1951/2138/2630
f 1951/2138/2631 1097/1191/2632 1950/2137/2633
f 1953/2140/2634 830/896/2634 1954/2141/2634
f 1954/2141/2635 1090/1184/2635 1953/2140/2635
f 1953/2140/2636 1092/1186/2636 1094/1188/2636
f 1955/2142/2637 1956/2143/2638 1957/2144/2639
f 1957/2144/2639 1085/1179/2640 1955/2142/2637
f 1955/2142/2641 1088/1182/2642 1090/1184/2643
f 1957/2144/2644 1958/2145/2644 1959/2146/2644
f 1959/2146/2645 1960/2147/2645 1080/1174/2645
f 1959/2146/2646 1083/1177/2646 1085/1179/2646
f 1958/2145/2647 1961/2148/2647 1960/2147/2647
f 1961/2148/2648 1075/1169/2648 1960/2147/2648
f 1960/2147/2649 1078/1172/2649 1080/1174/2649
f 1962/2149/2650 820/886/2650 1963/2150/2650
f 1963/2150/2651 1070/1164/2651 1962/2149/2651
f 1962/2149/2652 1073/1167/2652 1075/1169/2652
f 1964/2151/2653 816/881/2653 1965/2152/2653
f 1965/2152/2654 1066/1160/2655 1964/2151/2656
f 1964/2151/2657 1068/1162/2657 1070/1164/2657
f 1966/2153/2658 813/2154/2658 1967/2155/2658
f 1967/2155/2659 1968/2156/2659 1966/2153/2659
f 1966/2153/2660 1063/1157/1282 1066/1160/1281
f 1969/2157/2661 810/874/2661 1970/2158/2661
f 1970/2158/2662 1058/2159/2663 1969/2157/2664
f 1969/2160/2665 1062/1156/2665 1968/2156/2665
f 1971/2161/2666 807/871/2667 1972/2162/2666
f 1972/2162/2666 1053/1146/2668 1971/2161/2666
f 1971/2161/2669 1056/2163/2670 1058/2159/2671
f 1973/2164/2672 804/868/2672 1974/2165/2672
f 1974/2165/2673 1048/1141/2673 1973/2164/2673
f 1973/2164/2674 1051/1144/2674 1053/1146/2674
f 1975/2166/2675 801/865/2675 1976/2167/2675
f 1976/2167/2676 1044/1137/2676 1975/2166/2676
f 1975/2166/2677 1046/1139/2677 1048/1141/2677
f 1977/2168/2678 798/862/2679 1978/2169/2680
f 1978/2169/2680 1040/1133/2681 1977/2168/2678
f 1977/2168/2682 1043/1136/2683 1044/1137/2684
f 1979/2170/2685 795/859/2685 1980/2171/2685
f 1979/2170/2686 1981/2172/2686 1982/2173/2686
f 1979/2170/2687 1037/1130/2688 1040/1133/2689
f 1981/2172/2690 792/856/2691 1983/2174/2690
f 1981/2172/2692 1984/2175/2692 1985/2176/2692
f 1985/2176/2693 1982/2173/2693 1981/2172/2693
f 1984/2175/2694 789/853/2695 1986/2177/2696
f 1984/2175/2697 1987/2178/2698 1988/2179/2699
f 1988/2179/2700 1985/2176/2700 1984/2175/2700
f 1986/2177/2701 1989/2180/2701 1987/2178/2701
f 1987/2178/2702 1990/2181/2702 1991/2182/2702
f 1991/2182/2703 1988/2179/2699 1987/2178/2698
f 1990/2181/2704 783/847/2704 1992/2183/2704
f 1992/2183/2705 1023/1116/2705 1990/2181/2705
f 1023/1116/2706 1991/2182/2706 1990/2181/2706
f 1993/2184/2707 780/842/2707 1994/2185/2707
f 1994/2185/2708 1018/1111/2708 1993/2184/2708
f 1993/2184/2709 1021/1114/2709 1023/1116/2709
f 1995/2186/2710 777/2187/2710 1996/2188/2710
f 1996/2188/2711 1013/1106/2711 1995/2186/2711
f 1995/2186/2712 1016/1109/2712 1018/1111/2712
f 1997/2189/2713 774/835/2713 1998/2190/2714
f 1998/2190/2715 1008/2191/2715 1997/2189/2715
f 1997/2192/2716 1011/1104/2717 1013/1106/2718
f 1999/2193/2719 771/832/2720 2000/2194/2721
f 2000/2194/2721 1003/1095/2722 1999/2193/2719
f 1999/2193/2723 1006/2195/2723 1008/2191/2723
f 2000/2194/2724 769/830/2724 768/829/2724
f 768/829/2725 133/139/2725 2000/2194/2725
f 1998/2190/2726 772/833/886 771/832/885
f 1996/2196/2727 775/836/2727 774/835/2727
f 1994/2185/2728 778/2197/2728 777/2187/2728
f 1992/2183/2729 781/843/2729 780/842/2729
f 1989/2180/2730 784/848/2731 783/847/2732
f 1986/2177/2733 787/851/2733 786/850/2733
f 1983/2174/2734 790/854/2734 789/853/2734
f 1980/2171/2735 793/857/2735 792/856/2735
f 1978/2169/2736 796/860/2736 795/859/2736
f 1976/2167/2737 799/863/2738 798/862/2739
f 1974/2165/2740 802/866/2740 801/865/2740
f 1972/2162/2741 805/869/2742 804/868/2743
f 1970/2158/2744 808/872/2744 807/871/2744
f 1967/2198/2745 811/875/2745 810/874/2745
f 1965/2152/2746 814/2199/947 813/2154/946
f 1963/2150/2747 817/882/2747 816/881/2747
f 2001/2200/2748 820/886/2748 1961/2148/2748
f 2002/2201/2749 2001/2200/2749 1958/2145/2749
f 1956/2143/2750 2002/2201/2750 1957/2144/2750
f 1954/2141/2751 828/894/2751 1956/2143/2751
f 1952/2139/2752 831/897/2752 830/896/2752
f 1949/2136/2753 834/900/2754 833/899/2755
f 924/2202/2756 1174/1273/2756 926/1007/2756
f 596/622/2757 26/26/2757 853/919/2757
f 766/827/2758 130/136/2758 768/829/2758
f 698/749/2759 13/13/2759 15/15/2759
f 50/52/2760 32/2203/2761 602/631/2762
f 593/619/2763 24/24/2763 23/23/2763
f 580/606/2764 255/263/2764 254/262/2764
f 254/262/2765 578/604/2765 580/606/2765
f 583/609/2766 259/267/2766 580/606/2766
f 2003/2204/2767 260/268/2767 259/267/2767
f 2003/2204/2768 586/612/2768 31/31/2768
f 31/31/2769 264/274/2769 2003/2204/2769
f 575/601/2770 252/260/2770 251/259/2770
f 251/259/2771 573/599/2772 575/601/2773
f 570/596/2774 248/256/207 247/255/206
f 247/255/2775 568/594/2775 570/596/2775
f 565/591/2776 243/251/2776 242/250/2776
f 242/250/2777 563/589/2777 565/591/2777
f 560/586/2778 238/2205/2778 237/2206/2778
f 237/2206/2779 558/584/2779 560/586/2779
f 556/2207/2780 233/240/2780 232/239/2780
f 232/239/2781 552/575/2781 556/2207/2781
f 2004/2208/2782 228/235/2783 227/234/2784
f 227/234/2785 551/574/2785 2004/2208/2785
f 548/571/2786 223/230/2786 222/229/2786
f 222/229/2787 546/569/2787 548/571/2787
f 543/566/2788 218/225/2788 217/224/2788
f 217/224/2789 541/564/2789 543/566/2789
f 538/561/2790 213/220/2791 212/219/2792
f 212/219/2792 536/559/2793 538/561/2790
f 533/556/2794 208/215/171 207/214/170
f 207/214/2795 531/554/2795 533/556/2795
f 528/551/2796 203/210/2797 202/209/2798
f 202/209/2799 526/549/2799 528/551/2799
f 523/546/2800 198/205/2801 197/204/2802
f 197/204/2803 521/544/2803 523/546/2803
f 518/541/2804 193/200/2804 192/199/2804
f 192/199/2805 516/539/2805 518/541/2805
f 513/536/2806 188/195/2807 187/194/2806
f 187/194/2806 511/534/2808 513/536/2806
f 508/531/2809 183/190/2810 182/189/2811
f 182/189/2812 506/529/2812 508/531/2812
f 503/526/2813 178/2209/2813 177/2210/2813
f 177/2210/2814 501/524/2814 503/526/2814
f 498/2211/2815 173/179/2815 172/178/2815
f 172/178/2816 496/2212/2817 498/2211/2818
f 493/515/2819 168/174/2819 167/173/2819
f 167/173/2820 491/513/2820 493/515/2820
f 488/510/2821 163/169/2822 162/168/2823
f 162/168/2823 486/508/2824 488/510/2821
f 483/505/2825 158/164/2826 157/163/2827
f 157/163/2828 481/503/2828 483/505/2828
f 478/500/2829 154/160/2829 2005/2213/2830
f 2005/2213/2831 476/498/2831 478/500/2831
f 473/495/2832 151/157/115 150/156/114
f 150/156/2833 471/493/504 473/495/503
f 468/490/2834 147/153/2834 138/144/2834
f 138/144/2835 466/488/2835 468/490/2835
f 347/358/2836 83/86/2836 323/334/2836
f 355/366/2837 57/60/2837 290/301/2837
f 279/290/2838 53/2214/2838 281/292/2838
f 274/285/2839 2006/2215/2839 277/288/2839
f 277/288/2840 55/58/2841 54/57/2842
f 2007/2216/2843 2008/2217/2843 2006/2218/2843
f 2006/2219/2844 50/52/2844 55/2220/2844
f 2007/2221/2845 270/281/2845 269/280/2845
f 269/2222/2846 33/33/2846 2007/2216/2846
f 265/275/2847 30/30/2847 269/2222/2847
f 249/257/2848 392/2223/385 246/254/384
f 111/115/2849 105/108/2849 102/110/2849
f 2/1/2850 6/5/2850 3/2/2850
f 5/4/2851 392/2223/2851 6/5/2851
f 2/1/2852 4/3/2852 7/6/2852
f 8/7/2853 11/11/2853 9/8/2853
f 8/7/2854 12/12/2854 5/10/2854
f 10/9/2855 385/402/2855 12/12/2855
f 13/13/7 690/741/2856 14/14/8
f 16/16/2857 20/20/2857 17/17/2857
f 19/19/742 680/729/741 20/20/2858
f 16/16/2859 383/400/2859 21/21/2859
f 22/22/2860 26/26/2860 23/23/2860
f 22/22/19 28/28/21 25/25/2861
f 22/22/15 24/24/17 27/27/2862
f 29/29/2863 33/33/2863 30/30/2863
f 32/32/2864 2008/2217/2864 33/33/2864
f 29/29/27 36/36/26 34/34/2865
f 31/31/2866 586/612/2867 36/36/2868
f 35/35/28 599/625/2869 32/32/29
f 37/37/2870 41/708/2870 38/38/2870
f 37/40/2871 43/723/2871 40/41/2871
f 37/43/2872 39/714/2872 42/44/2872
f 44/46/2873 651/690/2873 45/47/2873
f 46/48/2874 638/677/2874 47/49/2874
f 45/47/2875 316/327/2875 48/50/2875
f 49/51/2876 55/2220/2876 50/52/2876
f 49/51/38 51/53/2877 52/54/39
f 49/56/2878 53/2214/2878 54/57/2878
f 56/59/42 286/297/2879 57/60/43
f 58/61/44 57/60/43 59/62/2880
f 58/61/2881 60/63/2881 61/64/2881
f 58/61/2882 64/67/2883 63/66/2884
f 62/65/2885 276/287/2885 64/67/2885
f 65/68/2886 68/71/2886 66/69/2886
f 60/63/52 59/62/2887 68/71/53
f 67/70/2888 61/64/2888 60/63/2888
f 69/72/2889 343/354/2889 70/73/2889
f 71/74/2890 70/73/2890 72/75/2890
f 71/74/2891 73/76/2891 74/77/2891
f 75/78/2892 80/83/2892 76/79/2892
f 75/78/2893 77/80/2893 78/81/2893
f 79/82/2894 350/361/2894 80/83/2894
f 81/84/2895 87/90/2895 82/85/2895
f 81/84/2896 83/86/2896 84/87/2896
f 81/84/2897 85/88/2897 86/89/2897
f 88/91/2898 94/97/2510 89/92/2510
f 88/91/2899 90/93/2899 91/94/2899
f 88/91/2900 92/95/2900 93/96/2900
f 95/98/2901 99/102/2901 96/99/2901
f 95/98/2902 101/104/2902 98/101/2902
f 95/98/2903 97/100/2903 100/103/2903
f 102/105/2904 106/2224/2904 103/106/2904
f 105/108/2905 1452/1580/2905 106/109/2905
f 104/107/2906 1794/1945/2906 107/111/2906
f 108/112/2907 114/2225/2907 109/113/2907
f 108/112/80 110/114/2908 111/115/81
f 108/117/2909 112/1958/2909 113/118/2909
f 115/120/2910 121/2056/2910 116/121/2910
f 115/123/2911 117/2053/2449 118/124/2448
f 115/123/2912 119/125/2912 120/126/2912
f 122/128/87 126/132/2913 123/129/88
f 122/128/2914 128/134/2914 125/131/2914
f 122/128/2915 124/130/2915 127/133/2915
f 129/135/95 133/139/94 130/136/2916
f 132/138/2917 1003/1095/2917 133/139/2917
f 129/135/2918 131/137/2919 134/140/2919
f 135/141/2920 141/147/2920 136/142/2920
f 135/141/2921 137/143/2921 138/144/2921
f 135/141/2922 139/145/2922 140/146/2922
f 142/148/2923 452/474/2923 143/149/2923
f 140/146/102 143/149/101 144/150/2924
f 140/146/104 139/145/2925 145/151/105
f 146/152/107 449/471/2926 142/148/108
f 145/151/2927 139/145/2927 138/144/2927
f 145/151/2928 147/153/2928 148/154/2928
f 149/155/2929 446/468/2929 146/152/2929
f 148/154/113 147/153/2930 150/156/114
f 148/154/2931 151/157/2931 152/158/2931
f 153/159/2932 443/465/2932 149/155/2932
f 151/157/115 2005/2213/2933 154/160/2934
f 154/160/2935 155/161/2935 153/159/2935
f 155/161/2936 159/165/2936 156/162/2936
f 155/161/2937 154/160/2937 157/163/2937
f 158/164/2938 160/166/2938 159/165/2938
f 160/166/2939 164/170/2939 161/167/2939
f 160/166/2940 158/164/2940 162/168/2940
f 163/169/2941 165/171/126 164/170/128
f 165/171/2942 169/175/2943 166/172/2944
f 165/171/2945 163/169/2945 167/173/2945
f 168/174/2946 170/176/2946 169/175/2946
f 170/176/2947 174/180/2947 171/177/2947
f 170/176/2948 168/174/2948 172/178/2948
f 173/179/2949 175/181/2949 174/180/2949
f 175/181/136 179/185/2950 176/182/137
f 175/181/2951 173/179/2951 177/183/2951
f 178/184/2952 180/186/141 179/185/143
f 180/186/141 184/447/2953 181/187/142
f 180/188/2954 178/2209/2954 182/189/2954
f 183/190/145 185/192/2955 184/191/146
f 185/192/2956 189/196/2956 186/193/2956
f 185/192/2957 183/190/2957 187/194/2957
f 188/195/150 190/197/2958 189/196/151
f 190/197/2959 194/201/2959 191/198/2959
f 190/197/2960 188/195/2960 192/199/2960
f 193/200/2961 195/202/156 194/201/158
f 195/202/2962 199/206/2962 196/203/2962
f 195/202/2963 193/200/2963 197/204/2963
f 198/205/161 200/207/2964 199/206/162
f 200/207/2965 204/211/2965 201/208/2965
f 200/207/2966 198/205/2801 202/209/2967
f 203/210/2968 205/212/2968 204/211/2968
f 205/212/2969 209/216/2969 206/213/2969
f 205/212/2970 203/210/2970 207/214/2970
f 208/215/2971 210/217/2971 209/216/2971
f 210/217/173 214/221/2972 211/218/174
f 210/217/2973 208/215/2973 212/219/2973
f 213/220/177 215/222/2974 214/221/178
f 215/222/2975 219/226/2975 216/223/2975
f 215/222/2976 213/220/2976 217/224/2976
f 218/225/2977 220/227/2977 219/226/2977
f 220/227/2978 224/231/2978 221/228/2978
f 220/227/186 218/225/2979 222/229/187
f 223/230/2980 225/232/2981 224/231/2982
f 225/232/2983 229/236/2983 226/233/2983
f 225/232/2981 223/230/2980 227/234/2984
f 228/235/2985 230/237/2985 229/236/2985
f 230/237/2986 234/241/2986 231/238/2986
f 230/237/2987 228/235/2987 232/239/2987
f 233/240/2988 235/242/2988 234/241/2988
f 235/242/2989 239/246/2989 236/243/2989
f 235/242/197 233/240/2990 237/244/198
f 238/245/2991 240/247/2991 239/246/2991
f 240/247/2992 244/411/2992 241/248/2992
f 240/249/2993 238/2205/2993 242/250/2993
f 243/251/2994 245/253/2994 244/252/2994
f 245/253/2995 249/257/2995 246/254/2995
f 245/253/205 243/251/2996 247/255/206
f 248/256/2997 250/258/2997 249/257/2997
f 250/258/2998 3/2/2998 6/5/2998
f 250/258/2999 248/256/2999 251/259/2999
f 252/260/3000 253/261/3000 3/2/3000
f 253/261/3001 256/264/3001 4/3/3001
f 253/261/3002 252/260/3002 254/262/3002
f 255/263/3003 257/265/3003 256/264/3003
f 257/265/3004 261/269/3004 258/266/3004
f 257/265/3005 255/263/3005 259/267/3005
f 260/268/3006 262/273/3006 261/269/3006
f 262/270/3007 266/277/3007 263/271/3007
f 262/273/3008 260/268/3008 264/274/3008
f 265/276/3009 267/278/3009 266/277/3009
f 267/278/221 271/282/3010 268/279/222
f 267/278/3011 265/276/3011 269/280/3011
f 270/281/3012 272/283/3012 271/282/3012
f 272/283/3013 276/287/3013 273/284/3013
f 272/283/3014 270/281/3014 274/285/3014
f 275/286/3015 64/67/3015 276/287/3015
f 275/286/3016 274/285/3016 277/288/3016
f 278/289/3017 63/66/2884 64/67/2883
f 278/289/3018 277/288/3018 54/57/3018
f 279/290/3019 280/291/3019 63/66/3019
f 280/291/3020 279/290/3020 281/292/3020
f 282/293/3021 284/295/3021 283/294/3021
f 280/291/3022 283/294/3022 56/59/3022
f 284/295/3023 287/298/3023 285/296/3023
f 283/294/3024 285/296/3024 286/297/3024
f 287/298/3025 616/654/3025 288/299/3025
f 285/296/3026 288/299/3026 289/300/3026
f 290/301/3027 57/60/43 286/297/2879
f 288/299/3028 619/653/3028 291/302/3028
f 289/300/3029 291/302/3029 292/303/3029
f 293/304/3030 355/366/3030 290/301/3030
f 291/302/3031 622/660/3031 294/305/3031
f 292/303/250 294/305/249 295/306/251
f 296/307/3032 354/365/3032 293/304/3032
f 294/305/3033 625/664/3033 297/308/3033
f 295/306/255 297/308/3034 298/309/256
f 299/310/3035 352/363/3035 296/307/3035
f 297/308/3036 304/315/3036 300/311/3036
f 298/309/260 300/311/3037 301/312/261
f 302/313/3038 351/362/3038 299/310/3038
f 300/311/3039 303/314/3039 76/79/3039
f 301/312/3040 76/79/3040 80/83/3040
f 303/314/3041 300/311/3041 304/315/3041
f 305/316/3042 631/670/3042 306/317/3042
f 303/314/3043 306/317/3043 77/80/3043
f 306/317/3044 631/670/3044 307/318/3044
f 308/319/3045 78/81/3045 77/80/3045
f 308/319/3046 307/318/3046 309/320/3046
f 310/321/3047 311/322/3047 78/81/3047
f 311/322/3048 313/324/3048 79/82/3048
f 311/322/3049 310/321/3049 312/323/3049
f 86/89/3050 85/88/3050 313/324/3050
f 310/321/3051 309/320/3051 314/325/3051
f 312/323/277 314/325/277 48/50/3052
f 315/326/3053 87/90/3053 86/89/3053
f 315/326/3054 48/50/3054 316/327/3054
f 317/328/3055 82/85/3055 87/90/3055
f 317/328/3056 316/327/3056 318/329/3056
f 319/330/3057 320/331/3057 82/85/3057
f 320/331/3058 323/334/3058 83/86/3058
f 320/331/287 319/330/3059 321/332/288
f 322/333/3060 325/336/3060 323/334/3060
f 324/335/3061 347/358/3061 323/334/3061
f 325/336/3062 322/333/294 326/337/296
f 325/336/3063 72/75/3063 70/73/3063
f 322/333/3064 321/332/3064 327/338/3064
f 326/337/3065 327/338/3065 328/339/3065
f 329/340/3066 73/76/3066 72/75/3066
f 329/340/3067 328/339/3067 330/341/3067
f 331/342/3068 74/77/3068 73/76/3068
f 331/342/3069 330/341/3069 332/343/3069
f 333/344/3070 334/345/3070 74/77/3070
f 334/345/3071 337/348/3071 69/72/3071
f 334/345/3072 333/344/3072 335/346/3072
f 336/347/3073 338/349/3073 337/348/3073
f 338/349/3074 336/347/3074 339/350/3074
f 340/351/3075 352/363/329 341/352/331
f 338/349/312 341/352/3076 342/353/313
f 343/354/3077 69/72/3077 337/348/3077
f 341/352/3078 351/362/3078 344/355/3078
f 342/353/3079 344/355/3079 345/356/3079
f 324/335/3080 70/73/3080 343/354/3080
f 344/355/3081 348/359/3081 346/357/3081
f 345/356/3082 346/357/3082 347/358/3082
f 348/359/3083 350/361/3083 349/360/3083
f 346/357/322 349/360/3084 84/87/323
f 350/361/3085 79/82/3085 313/324/3085
f 349/360/3086 313/324/3086 85/88/3086
f 348/359/3087 344/355/3087 351/362/3087
f 348/359/3088 302/313/3088 80/83/3088
f 352/363/3089 299/310/3089 351/362/3089
f 340/351/3090 339/350/3090 353/364/3090
f 354/365/3091 296/307/3091 352/363/3091
f 339/350/3092 66/69/3092 68/71/3092
f 353/364/3093 68/71/3093 59/62/3093
f 355/366/3094 293/304/3094 354/365/3094
f 336/347/308 335/346/307 66/69/3095
f 333/344/303 332/343/302 356/367/3096
f 335/346/340 356/367/339 67/70/3097
f 332/343/3098 358/369/3098 357/368/3098
f 356/367/3099 357/368/3099 61/64/3099
f 358/369/3100 360/371/3100 359/370/3100
f 357/368/3101 359/370/3101 62/65/3101
f 360/371/3102 361/372/3102 273/284/3102
f 359/370/3103 273/284/3103 276/287/3103
f 361/372/3104 360/371/3104 362/373/3104
f 363/374/3105 364/375/3105 268/279/3105
f 361/372/3106 268/279/3106 271/282/3106
f 364/375/3107 363/374/3107 365/376/3107
f 366/377/3108 367/378/3108 263/271/3108
f 364/375/3109 263/271/3109 266/277/3109
f 367/378/3110 366/377/3110 368/379/3110
f 369/380/3111 370/382/3111 258/381/3111
f 367/378/3112 258/381/3112 261/272/3112
f 370/382/3113 369/380/3113 371/383/3113
f 372/385/3114 7/6/3114 4/3/3114
f 370/386/359 4/3/3115 256/264/360
f 372/384/362 371/383/3116 373/387/363
f 372/389/3117 374/392/3117 375/390/3117
f 374/392/3118 377/394/3118 376/393/3118
f 375/390/3119 376/393/3119 9/8/3119
f 11/11/3120 5/10/3120 7/391/3120
f 377/394/713 666/710/712 378/395/719
f 378/395/3121 379/396/3121 9/8/3121
f 379/396/3122 378/395/3122 380/397/3122
f 381/398/3123 383/400/3123 382/399/3123
f 379/396/3124 382/399/3124 10/9/3124
f 383/400/3125 16/16/3125 384/401/3125
f 382/399/3126 384/401/3126 385/402/3126
f 384/401/3127 16/16/3127 18/18/3127
f 386/403/3128 387/404/3128 385/402/3128
f 387/404/378 386/403/3129 388/405/379
f 387/404/3130 389/406/3130 390/407/3130
f 391/408/3131 12/12/3131 385/402/3131
f 391/408/3132 390/407/3132 246/409/3132
f 392/410/3133 5/10/3133 12/12/3133
f 389/406/3134 394/413/3134 241/248/3134
f 390/407/3135 241/248/3135 244/411/3135
f 389/406/3136 388/405/3136 393/412/3136
f 394/413/3137 393/412/3137 395/414/3137
f 394/413/390 236/243/392 239/246/3138
f 393/412/3139 693/744/3140 396/415/3141
f 395/414/3142 396/415/3142 397/416/3142
f 231/238/3143 234/241/3143 236/243/3143
f 396/415/3144 695/746/3144 398/417/3144
f 397/416/3145 398/417/3145 399/418/3145
f 397/416/3146 226/233/3146 229/236/3146
f 399/418/3147 398/417/3147 400/419/3147
f 401/420/403 402/421/3148 221/228/404
f 399/418/3149 221/228/3149 224/231/3149
f 402/421/3150 401/420/3150 403/422/3150
f 404/423/408 405/424/418 216/223/409
f 402/421/411 216/223/3151 219/226/412
f 405/424/3152 404/423/3152 406/425/3152
f 407/426/415 408/427/3153 211/218/416
f 405/424/3154 211/218/3154 214/221/3154
f 408/427/3155 407/426/3155 409/428/3155
f 410/429/3156 411/430/3156 206/213/3156
f 408/427/3157 206/213/3157 209/216/3157
f 411/430/3158 410/429/3158 412/431/3158
f 413/432/3159 414/433/3159 201/208/3159
f 411/430/3160 201/208/3160 204/211/3160
f 414/433/3161 413/432/3161 415/434/3161
f 416/435/3162 417/436/3162 196/203/3162
f 414/433/428 196/203/3163 199/206/429
f 417/436/3164 416/435/3164 418/437/3164
f 419/438/3165 420/443/437 191/198/439
f 417/436/433 191/198/432 194/201/3166
f 420/439/3167 419/771/3167 421/440/3167
f 422/441/3168 423/444/444 186/442/446
f 420/443/3169 186/193/3169 189/196/3169
f 423/444/3170 422/441/3170 424/445/3170
f 425/446/441 426/448/3171 181/187/442
f 423/444/3172 181/187/3172 184/447/3172
f 426/448/447 425/446/3173 427/449/448
f 428/450/450 429/451/3174 176/182/451
f 426/448/3175 176/182/3175 179/185/3175
f 429/451/3176 428/450/3177 430/452/3178
f 431/453/3179 432/454/3179 171/177/3179
f 429/451/3180 171/177/3180 174/180/3180
f 432/454/3181 431/453/3182 433/455/3183
f 434/456/3184 435/457/3185 166/172/3186
f 432/454/3187 166/172/2944 169/175/2943
f 435/457/3185 434/456/3184 436/458/3188
f 437/459/3189 439/461/3189 161/167/3189
f 435/457/3190 161/167/3190 164/170/3190
f 437/459/3191 734/788/3191 438/460/3191
f 439/461/3192 438/460/3192 440/462/3192
f 439/461/3193 156/162/3193 159/165/3193
f 438/460/3194 737/791/3194 441/463/3194
f 440/462/3195 441/463/3195 442/464/3195
f 440/462/3196 443/465/3196 153/159/3196
f 441/463/3197 740/794/3197 444/466/3197
f 442/464/3198 444/466/3198 445/467/3198
f 446/468/471 149/155/3199 443/465/472
f 444/466/3200 743/797/3200 447/469/3200
f 445/467/476 447/469/475 448/470/3201
f 449/471/3202 146/152/3202 446/468/3202
f 447/469/479 746/800/3203 450/472/480
f 448/470/3204 450/472/3204 451/473/3204
f 452/474/3205 142/148/3205 449/471/3205
f 450/472/3206 749/803/3206 453/475/3206
f 451/473/3207 453/475/3207 454/476/3207
f 455/477/3208 143/149/3208 452/474/3208
f 455/477/3209 454/476/3209 456/478/3209
f 457/479/3210 144/150/3210 143/149/3210
f 457/479/3211 456/478/3211 458/480/3211
f 459/481/3212 460/482/3212 144/150/3212
f 460/482/491 459/481/3213 461/483/492
f 462/484/3214 463/485/3214 136/142/3214
f 460/482/3215 136/142/3215 141/147/3215
f 463/485/3216 466/488/3216 137/143/3216
f 463/485/3217 462/484/3217 464/486/3217
f 465/487/3218 467/489/3218 466/488/3218
f 467/489/3219 471/493/3219 468/490/3219
f 467/489/3220 465/487/3220 469/491/3220
f 470/492/3221 472/494/3221 471/493/3221
f 472/494/3222 476/498/3222 473/495/3222
f 472/494/3223 470/492/3223 474/496/3223
f 475/497/3224 477/499/3224 476/498/3224
f 477/499/507 481/503/3225 478/500/508
f 477/499/3226 475/497/3226 479/501/3226
f 480/502/3227 482/504/3227 481/503/3227
f 482/504/3228 486/508/3228 483/505/3228
f 482/504/3229 480/502/3229 484/506/3229
f 485/507/3230 487/509/3230 486/508/3230
f 487/509/3231 491/513/3231 488/510/3231
f 487/509/3232 485/507/3232 489/511/3232
f 490/512/3233 492/514/3233 491/513/3233
f 492/514/3234 496/2212/3234 493/515/3234
f 492/516/3235 490/846/3235 494/517/3235
f 495/518/3236 497/520/3236 496/519/3236
f 497/520/3237 501/524/3238 498/521/3239
f 497/520/3240 495/518/3240 499/522/3240
f 500/523/3241 502/525/3241 501/524/3241
f 502/525/3242 506/529/3243 503/526/3244
f 502/525/3245 500/523/3245 504/527/3245
f 505/528/3246 507/530/3246 506/529/3246
f 507/530/3247 511/534/3247 508/531/3247
f 507/530/3248 505/528/3248 509/532/3248
f 510/533/3249 512/535/3249 511/534/3249
f 512/535/532 516/539/3250 513/536/533
f 512/535/3251 510/533/3251 514/537/3251
f 515/538/3252 517/540/539 516/539/541
f 517/540/539 521/544/3253 518/541/540
f 517/540/3254 515/538/3254 519/542/3254
f 520/543/3255 522/545/3255 521/544/3255
f 522/545/3256 526/549/3256 523/546/3256
f 522/545/3257 520/543/3257 524/547/3257
f 525/548/546 527/550/3258 526/549/547
f 527/550/3259 531/554/3259 528/551/3259
f 527/550/3260 525/548/3260 529/552/3260
f 530/553/3261 532/555/3261 531/554/3261
f 532/555/552 536/559/3262 533/556/553
f 532/555/3263 530/553/3263 534/557/3263
f 535/558/3264 537/560/3264 536/559/3264
f 537/560/557 541/564/3265 538/561/558
f 537/560/3266 535/558/3267 539/562/3268
f 540/563/3269 542/565/3269 541/564/3269
f 542/565/3270 546/569/3270 543/566/3270
f 542/565/3271 540/563/3271 544/567/3271
f 545/568/3272 547/570/3272 546/569/3272
f 547/570/565 551/574/3273 548/571/566
f 547/570/3274 545/568/3274 549/572/3274
f 550/573/3275 553/576/3275 551/574/3275
f 552/575/3276 2004/2208/3276 551/574/3277
f 550/577/3278 818/884/3278 554/578/3278
f 554/578/3279 555/581/3279 552/580/3279
f 555/581/3280 558/584/3280 556/582/3280
f 554/578/3281 823/889/3281 557/583/3281
f 557/583/3282 559/585/3282 558/584/3282
f 559/585/3283 563/589/3283 560/586/3283
f 559/585/3284 557/583/3284 561/587/3284
f 562/588/3285 564/590/3285 563/589/3285
f 564/590/3286 568/594/3286 565/591/3286
f 564/590/3287 562/588/3287 566/592/3287
f 567/593/3288 569/595/3288 568/594/3288
f 569/595/586 573/599/585 570/596/3289
f 569/595/3290 567/593/3290 571/597/3290
f 572/598/3291 574/600/3291 573/599/3291
f 574/600/3292 578/604/3292 575/601/3292
f 574/600/3293 572/598/3293 576/602/3293
f 577/603/3294 579/605/590 578/604/592
f 579/605/3295 583/609/3295 580/606/3295
f 579/605/3296 577/603/3296 581/607/3296
f 582/608/3297 586/612/3297 583/609/3297
f 582/608/3298 581/607/3298 584/610/3298
f 585/611/3299 36/36/2868 586/612/2867
f 585/611/3300 584/610/3300 587/613/3300
f 588/614/3301 34/34/3301 36/36/3301
f 588/614/3302 587/613/3302 589/615/3302
f 590/616/3303 591/617/3303 34/34/3303
f 591/617/3304 594/620/3304 35/35/3304
f 591/617/3305 590/616/3305 592/618/3305
f 593/619/3306 595/621/3306 594/620/3306
f 595/621/3307 593/619/3307 23/23/3307
f 596/622/3308 856/922/3308 597/623/3308
f 595/621/606 597/623/3309 598/624/607
f 599/625/3310 35/35/3310 594/620/3310
f 597/626/3311 859/928/3311 600/627/3311
f 598/628/3312 600/627/3312 601/629/3312
f 602/631/3313 32/2203/3313 599/630/3313
f 600/627/3314 862/931/3314 603/632/3314
f 601/629/3315 603/632/3315 604/633/3315
f 51/53/3316 50/52/2760 602/631/2762
f 603/632/3317 606/635/3317 605/634/3317
f 604/633/3318 605/634/3318 52/54/3318
f 606/635/3319 866/935/3319 607/636/3319
f 605/634/3320 607/636/3320 608/637/3320
f 281/638/3321 53/55/40 52/54/39
f 607/636/3322 610/641/3322 609/639/3322
f 608/637/3323 609/639/3323 282/640/3323
f 610/641/625 612/644/3324 611/642/626
f 609/639/3325 611/642/3325 284/643/3325
f 612/644/3326 614/647/3326 613/645/3326
f 611/642/631 613/645/630 287/646/3327
f 614/647/3328 877/946/3328 615/648/3328
f 613/645/3329 615/648/3329 616/649/3329
f 615/648/3330 877/946/3330 1/650/3330
f 615/648/3331 617/651/3331 618/652/3331
f 619/653/637 288/299/3332 616/654/638
f 617/656/3333 881/952/3333 620/657/3333
f 618/655/3334 620/661/3334 621/659/3334
f 622/660/3335 291/302/3335 619/653/3335
f 620/661/3336 884/959/3336 623/662/3336
f 621/659/3337 623/662/3337 624/663/3337
f 625/664/3338 294/305/3338 622/660/3338
f 623/662/3339 887/958/3339 626/665/3339
f 624/663/3340 626/665/3340 627/666/3340
f 304/315/3341 297/308/3341 625/664/3341
f 626/665/3342 629/668/3342 628/667/3342
f 627/666/653 628/667/652 305/316/3343
f 629/668/3344 891/965/3344 630/669/3344
f 628/667/656 630/669/3345 631/670/657
f 630/669/3346 891/965/3346 632/671/3346
f 633/672/3347 307/318/3347 631/670/3347
f 633/672/3348 632/671/3348 634/673/3348
f 635/674/3349 309/320/3349 307/318/3349
f 635/674/3350 634/673/3350 636/675/3350
f 637/676/664 314/325/3351 309/320/665
f 637/676/3352 636/675/3352 638/677/3352
f 46/48/3353 48/50/3353 314/325/3353
f 634/673/3354 895/969/3354 639/678/3354
f 636/675/671 639/678/670 640/679/3355
f 639/678/3356 898/975/3356 641/680/3356
f 640/679/3357 641/680/3357 642/681/3357
f 643/682/3358 47/49/3358 638/677/3358
f 643/682/3359 642/681/3359 644/683/3359
f 645/684/3360 646/685/3360 47/49/3360
f 646/685/3361 645/684/3361 38/38/3361
f 647/686/3362 649/688/3362 648/687/3362
f 646/685/3363 648/687/3363 44/46/3363
f 649/688/3364 652/691/3364 650/689/3364
f 648/687/3365 650/689/3365 651/690/3365
f 652/691/3366 373/387/3366 653/692/3366
f 653/692/3367 654/693/3367 651/690/3367
f 654/693/3368 657/696/3368 45/47/3368
f 654/693/3369 653/692/3369 655/694/3369
f 656/695/3370 658/697/3370 657/696/3370
f 658/697/3371 661/700/3371 318/329/3371
f 658/697/3372 656/695/3372 659/698/3372
f 660/699/3373 662/701/3373 661/700/3373
f 662/701/3374 327/338/3374 321/332/3374
f 662/701/3375 660/699/3375 663/702/3375
f 664/703/3376 328/339/3376 327/338/3376
f 663/702/3377 362/373/3377 665/704/3377
f 664/703/3378 665/704/3378 330/341/3378
f 665/704/3379 362/373/3379 360/371/3379
f 358/369/3380 332/343/3380 330/341/3380
f 660/699/693 659/698/692 365/376/706
f 663/702/3381 365/376/3381 363/374/3381
f 656/695/3382 655/694/3382 368/379/3382
f 659/698/3383 368/379/3383 366/377/3383
f 661/700/3384 321/332/3384 319/330/3384
f 653/692/3385 373/387/3385 371/383/3385
f 655/694/3386 371/383/3386 369/380/3386
f 657/696/3387 318/329/3387 316/327/3387
f 652/691/3388 649/688/3388 666/705/3388
f 377/706/3389 374/388/3389 373/387/3389
f 649/688/3390 647/686/3390 667/707/3390
f 647/686/3391 38/38/3391 41/708/3391
f 41/42/3392 40/41/3392 380/397/3392
f 667/709/3393 380/397/3393 378/395/3393
f 645/684/678 644/683/677 39/39/3394
f 644/711/3395 642/2226/3396 668/712/3397
f 644/711/721 669/713/721 42/44/3398
f 669/713/3399 668/712/3399 670/715/3399
f 669/713/724 671/716/726 672/717/3400
f 671/716/3401 906/984/3401 673/718/3401
f 672/717/3402 673/718/3402 674/719/3402
f 675/720/3403 43/45/3403 42/44/3403
f 675/721/3404 674/725/3404 21/21/3404
f 676/722/736 40/41/735 43/723/3405
f 676/722/3406 21/21/3406 383/400/3406
f 381/398/3407 380/397/3407 40/41/3407
f 673/718/3408 678/726/3408 677/724/3408
f 674/725/3409 677/728/3409 19/19/3409
f 678/726/3410 681/730/3410 679/727/3410
f 677/728/3411 679/732/3411 680/729/3411
f 681/730/3412 910/988/3412 682/731/3412
f 679/732/3413 682/734/3413 683/733/3413
f 682/734/3414 916/999/3415 684/735/3416
f 683/733/3417 684/735/3417 685/736/3417
f 686/737/3418 20/20/3418 680/729/3418
f 686/737/3419 685/736/3419 687/738/3419
f 688/739/3420 17/17/3420 20/20/3420
f 688/739/3421 687/738/3421 15/15/3421
f 14/14/751 689/740/3422 17/17/752
f 689/740/3423 14/14/3423 690/741/3423
f 691/742/3424 693/744/3424 692/743/3424
f 689/740/3425 692/743/3425 18/18/3425
f 693/744/3140 393/412/3139 388/405/3426
f 692/743/758 388/405/3427 386/403/759
f 691/742/761 690/741/3428 694/745/762
f 695/746/3429 396/415/3429 693/744/3429
f 694/745/3430 690/741/3430 13/13/3430
f 696/747/3431 697/748/3431 400/419/3431
f 400/419/3432 398/417/3432 695/746/3432
f 697/748/3433 696/747/3433 698/749/3433
f 699/750/769 700/751/3434 403/422/770
f 697/748/3435 403/422/3435 401/420/3435
f 700/751/3436 699/750/3436 701/752/3436
f 702/753/3437 703/754/3437 406/425/3437
f 700/751/3438 406/425/3438 404/423/3438
f 703/754/3439 702/753/3439 704/755/3439
f 705/756/3440 706/757/3440 409/428/3440
f 703/754/778 409/428/3441 407/426/779
f 706/757/781 705/756/3442 707/758/782
f 708/759/3443 709/760/3443 412/431/3443
f 706/757/3444 412/431/3444 410/429/3444
f 709/760/3445 708/759/3445 710/761/3445
f 711/762/3446 712/767/3446 415/434/3446
f 709/760/3447 415/434/3447 413/432/3447
f 712/763/3448 711/1014/3448 713/764/3448
f 714/765/3449 716/769/3449 418/766/3449
f 712/767/791 418/437/3450 416/435/792
f 714/765/3451 934/1018/3451 715/768/3451
f 716/769/794 715/768/795 717/770/795
f 716/769/3452 421/440/3452 419/771/3452
f 715/768/3453 937/1021/3454 718/772/3455
f 718/772/3456 719/773/3456 424/445/3456
f 717/770/3457 424/445/3457 422/441/3457
f 719/773/803 718/772/3458 720/774/804
f 721/775/806 722/776/3459 427/449/807
f 719/773/809 427/449/3460 425/446/810
f 722/776/3461 721/775/3462 723/777/3463
f 724/778/3464 725/779/3464 430/452/3464
f 722/776/3465 430/452/3178 428/450/3177
f 725/779/815 724/778/3466 726/780/816
f 727/781/3467 728/782/3467 433/455/3467
f 725/779/3468 433/455/3183 431/453/3182
f 728/782/3469 727/781/3469 729/783/3469
f 728/782/821 730/784/3470 731/785/822
f 728/782/3471 436/458/3471 434/456/3471
f 730/784/825 952/1036/3472 732/786/826
f 731/785/3473 732/786/3473 733/787/3473
f 734/788/3474 437/459/3474 436/458/3474
f 732/786/3475 955/1039/3475 735/789/3475
f 733/787/3476 735/789/3476 736/790/3476
f 737/791/3477 438/460/3477 734/788/3477
f 735/789/833 958/1042/3478 738/792/834
f 736/790/3479 738/792/3479 739/793/3479
f 740/794/3480 441/463/3480 737/791/3480
f 738/792/3481 962/1046/3481 741/795/3481
f 739/793/841 741/795/3482 742/796/842
f 743/797/3483 444/466/3483 740/794/3483
f 741/795/3484 965/1049/3484 744/798/3484
f 742/796/846 744/798/3485 745/799/847
f 746/800/3486 447/469/3486 743/797/3486
f 744/798/850 968/1055/3487 747/801/851
f 745/799/852 747/801/851 748/802/3488
f 749/803/3489 450/472/3489 746/800/3489
f 747/804/3490 971/1058/3490 750/805/3490
f 748/806/3491 750/805/3491 751/807/3491
f 752/809/3492 453/475/3492 749/803/3492
f 752/808/3493 751/807/3493 753/810/3493
f 754/812/3494 454/476/3494 453/475/3494
f 754/811/3495 753/810/3495 755/813/3495
f 756/815/3496 456/478/3496 454/476/3496
f 756/814/3497 755/813/3497 757/816/3497
f 758/818/3498 458/480/3498 456/478/3498
f 758/817/3499 757/816/3499 759/819/3499
f 760/821/3500 761/822/3500 458/480/3500
f 761/822/3501 760/821/3501 762/823/3501
f 763/824/867 764/825/3502 461/483/868
f 761/822/3503 461/483/3503 459/481/3503
f 764/825/3504 763/824/3504 765/826/3504
f 766/827/3505 767/828/876 464/486/878
f 764/825/874 464/486/873 462/484/3506
f 767/828/3507 469/491/3507 465/487/3507
f 767/828/3508 766/827/3508 768/829/3508
f 769/830/3509 770/831/3509 469/491/3509
f 770/831/3510 474/496/3510 470/492/3510
f 770/831/3511 769/830/3511 771/832/3511
f 772/833/3512 773/834/3512 474/496/3512
f 773/834/3513 479/501/3513 475/497/3513
f 773/834/3514 772/833/3514 774/835/3514
f 775/836/3515 776/837/3515 479/501/3515
f 776/837/891 484/506/3516 480/502/892
f 776/837/3517 775/836/3517 777/838/3517
f 778/839/3518 779/840/3518 484/506/3518
f 779/840/3519 489/511/3519 485/507/3519
f 779/841/3520 778/2197/3520 780/842/3520
f 781/843/3521 782/845/3521 489/844/3521
f 782/845/3522 494/517/3522 490/846/3522
f 782/845/3523 781/843/3523 783/847/3523
f 784/848/3524 785/849/3524 494/517/3524
f 785/849/3525 499/522/3525 495/518/3525
f 785/849/3526 784/848/3526 786/850/3526
f 787/851/3527 788/852/3527 499/522/3527
f 788/852/909 504/527/908 500/523/3528
f 788/852/3529 787/851/3529 789/853/3529
f 790/854/3530 791/855/3530 504/527/3530
f 791/855/3531 509/532/3531 505/528/3531
f 791/855/3532 790/854/3532 792/856/3532
f 793/857/3533 794/858/3533 509/532/3533
f 794/858/3534 514/537/3534 510/533/3534
f 794/858/3535 793/857/3535 795/859/3535
f 796/860/3536 797/861/3536 514/537/3536
f 797/861/918 519/542/3537 515/538/919
f 797/861/3538 796/860/3538 798/862/3538
f 799/863/3539 800/864/3539 519/542/3539
f 800/864/923 524/547/3540 520/543/924
f 800/864/3541 799/863/3541 801/865/3541
f 802/866/3542 803/867/3542 524/547/3542
f 803/867/3543 529/552/3543 525/548/3543
f 803/867/3544 802/866/3544 804/868/3544
f 805/869/932 806/870/3545 529/552/933
f 806/870/935 534/557/938 530/553/935
f 806/870/3546 805/869/3546 807/871/3546
f 808/872/3547 809/873/3547 534/557/3547
f 809/873/3548 539/562/3268 535/558/3267
f 809/873/3549 808/872/3549 810/874/3549
f 811/875/941 812/876/3550 539/562/942
f 812/876/3551 544/567/3551 540/563/3551
f 812/876/3552 811/875/3552 813/877/3552
f 814/878/3553 815/879/3553 544/567/3553
f 815/879/3554 549/572/3554 545/568/3554
f 815/880/3555 814/2199/3556 816/881/3557
f 817/882/3558 819/885/3558 549/883/3558
f 818/884/3559 550/577/3559 549/883/3559
f 819/885/953 817/882/3560 820/886/954
f 819/885/953 821/887/955 822/888/3561
f 823/889/3562 554/578/3562 818/884/3562
f 821/887/3563 2001/2200/3563 824/890/3563
f 822/888/3564 824/890/3564 825/891/3564
f 561/587/3565 557/583/3565 823/889/3565
f 824/890/3566 2002/2201/3566 826/892/3566
f 825/891/3567 826/892/3567 827/893/3567
f 827/893/3568 566/592/3568 562/588/3568
f 826/892/3569 1956/2143/3569 828/894/3569
f 828/894/3570 829/895/3570 566/592/3570
f 829/895/3571 571/597/3571 567/593/3571
f 829/895/969 828/894/3572 830/896/970
f 831/897/3573 832/898/3573 571/597/3573
f 832/898/973 576/602/3574 572/598/974
f 832/898/3575 831/897/3575 833/899/3575
f 834/900/3576 835/901/3576 576/602/3576
f 835/901/982 581/607/981 577/603/3577
f 835/901/3578 834/900/3578 836/902/3578
f 837/903/3579 584/610/3579 581/607/3579
f 837/903/3580 836/902/3580 838/904/3580
f 839/905/3581 587/613/3581 584/610/3581
f 839/905/3582 838/904/3582 840/906/3582
f 841/907/3583 589/615/3583 587/613/3583
f 840/906/3584 845/911/3584 842/908/3584
f 841/907/3585 842/908/3585 843/909/3585
f 592/618/3586 590/616/3586 589/615/3586
f 842/908/3587 844/910/3587 27/27/3587
f 843/909/3588 27/27/3588 24/24/3588
f 844/910/992 842/908/3589 845/911/993
f 846/912/995 848/914/3590 847/913/996
f 844/910/3591 847/913/3591 28/28/3591
f 848/914/999 1110/1204/3592 849/915/1000
f 847/913/1002 849/915/3593 25/25/1003
f 849/915/3594 1110/1204/3594 850/916/3594
f 849/915/3595 851/917/3595 852/918/3595
f 853/919/3596 26/26/3596 25/25/3596
f 851/917/3597 1113/1207/3597 854/920/3597
f 852/918/3598 854/920/3598 855/921/3598
f 856/922/3599 596/622/3599 853/919/3599
f 854/923/3600 1116/1213/3600 857/924/3600
f 855/925/3601 857/924/3601 858/926/3601
f 859/928/3602 597/626/3602 856/927/3602
f 857/924/1016 1119/1216/3603 860/929/1017
f 858/926/3604 860/929/3604 861/930/3604
f 862/931/3605 600/627/3605 859/928/3605
f 860/929/3606 1122/1219/3606 863/932/3606
f 861/930/3607 863/932/3607 864/933/3607
f 606/635/3608 603/632/3608 862/931/3608
f 863/932/3609 867/936/3609 865/934/3609
f 864/933/3610 865/934/3610 866/935/3610
f 867/936/3611 1126/1223/3611 868/937/3611
f 865/934/3612 868/937/3612 869/938/3612
f 610/641/3613 607/636/3613 866/935/3613
f 868/937/3614 871/940/3615 870/939/3616
f 869/938/3617 870/939/3617 612/644/3617
f 871/940/3618 873/942/3618 872/941/3618
f 870/939/3619 872/941/3619 614/647/3619
f 873/942/3620 875/944/3620 874/943/3620
f 874/943/3621 877/946/3621 614/647/3621
f 875/944/3622 878/1232/1037 876/945/1039
f 876/945/3623 1/650/3623 877/946/3623
f 878/947/3624 1137/1236/3624 879/948/3624
f 876/949/3625 879/948/3625 880/950/3625
f 881/952/3626 617/656/3626 1/951/3626
f 879/948/3627 1141/1240/3627 882/953/3627
f 880/950/3628 882/953/3628 883/954/3628
f 884/955/1046 620/657/3629 881/952/1047
f 882/953/3630 1144/1243/3630 885/956/3630
f 883/954/1050 885/956/3631 886/957/1051
f 887/958/3632 623/662/3632 884/959/3632
f 885/956/3633 1147/1246/3633 888/961/3633
f 886/960/3634 888/963/3634 889/962/3634
f 629/668/3635 626/665/3635 887/958/3635
f 888/963/3636 1153/2227/3636 890/964/3636
f 889/962/3637 890/964/3637 891/965/3637
f 890/964/3638 1153/2227/3638 892/966/3638
f 893/967/1060 632/671/3639 891/965/1060
f 893/967/3640 892/966/3640 894/968/3640
f 895/969/3641 634/673/3641 632/671/3641
f 892/970/3642 1152/1251/3642 896/971/3642
f 894/972/3643 896/971/3643 897/973/3643
f 898/975/3644 639/678/3644 895/969/3644
f 896/971/3645 1156/1255/3646 899/976/3647
f 897/973/3648 899/976/3648 900/977/3648
f 901/978/3649 641/979/3649 898/974/3649
f 900/977/3650 670/715/3650 668/712/3650
f 668/712/3397 642/2226/3396 641/979/3651
f 899/976/3652 1159/1258/3652 902/980/3652
f 902/980/3653 904/982/3653 670/715/3653
f 902/980/3654 1162/1261/3654 903/981/3654
f 904/982/3655 903/981/3655 905/983/3655
f 906/984/3656 671/716/3656 670/715/3656
f 903/981/3657 908/986/3657 907/985/3657
f 905/983/3658 907/985/3658 681/730/3658
f 678/726/3659 673/718/3659 906/984/3659
f 908/986/3660 911/989/3660 909/987/3660
f 907/985/3661 909/987/3661 910/988/3661
f 911/989/3662 1168/1267/3662 912/990/3662
f 909/987/3663 912/990/1086 913/991/1088
f 912/990/3664 1172/1271/3664 914/992/3664
f 913/991/3665 914/992/3665 915/993/3665
f 916/994/3415 682/731/3414 910/988/3666
f 914/992/3667 1174/1273/3667 917/995/3667
f 915/996/3668 917/1004/3668 918/997/3668
f 919/998/3669 684/735/3416 916/999/3415
f 919/998/1094 918/997/3670 920/1000/1094
f 921/1001/3671 685/736/3671 684/735/3671
f 921/1001/3672 920/1000/3672 701/752/3672
f 922/1002/3673 687/738/3673 685/736/3673
f 922/1002/3674 701/752/3674 699/750/3674
f 698/749/1100 15/15/3675 687/738/1101
f 918/997/3676 923/1003/3676 704/755/3676
f 920/1000/3677 704/755/3677 702/753/3677
f 923/1003/1105 918/997/3678 917/1004/1106
f 924/1005/3679 925/1010/3679 707/758/3679
f 923/1003/1109 707/758/3680 705/756/1110
f 925/1006/3681 924/2202/3681 926/1007/3681
f 927/1008/3682 928/1011/3682 710/1009/3682
f 925/1010/3683 710/761/3683 708/759/3683
f 928/1011/1115 927/1008/3684 929/1012/1116
f 930/1013/1118 932/1016/3685 713/764/1119
f 928/1011/3686 713/764/3686 711/1014/3686
f 930/1013/3687 1179/1278/3687 931/1015/3687
f 932/1016/3688 931/1015/3688 933/1017/3688
f 932/1016/3689 934/1018/3689 714/765/3689
f 931/1015/1127 1183/1282/3690 935/1019/1128
f 933/1017/3691 935/1019/3691 936/1020/3691
f 937/1021/3454 715/768/3453 934/1018/3692
f 936/1020/3693 935/1019/3693 938/1022/3693
f 939/1023/3694 940/1024/1138 720/774/1140
f 936/1020/3695 720/774/3695 718/772/3695
f 940/1024/3696 939/1023/3696 941/1025/3696
f 942/1026/3697 943/1027/3697 723/777/3697
f 940/1024/3698 723/777/3463 721/775/3462
f 943/1027/3699 942/1026/3699 944/1028/3699
f 945/1029/3700 947/1031/3700 726/780/3700
f 943/1027/3701 726/780/3701 724/778/3701
f 945/1029/3702 1194/1293/3702 946/1030/3702
f 946/1030/3703 948/1032/1154 729/783/1153
f 947/1031/3704 729/783/3704 727/781/3704
f 948/1032/1147 946/1030/3705 949/1033/1148
f 948/1032/1147 950/1034/1149 951/1035/1150
f 952/1036/3706 730/784/3706 729/783/3706
f 950/1034/3707 1199/1298/3707 953/1037/3707
f 951/1035/1156 953/1037/3708 954/1038/1157
f 955/1039/3709 732/786/3709 952/1036/3709
f 953/1037/3710 1202/1301/3710 956/1040/3710
f 954/1038/3711 956/1040/3711 957/1041/3711
f 958/1042/3712 735/789/3712 955/1039/3712
f 957/1041/3713 956/1040/3713 959/1043/3713
f 957/1041/3714 960/1044/3714 961/1045/3714
f 962/1046/3715 738/792/3715 958/1042/3715
f 960/1044/1168 1207/1309/3716 963/1047/1169
f 961/1045/3717 963/1047/3717 964/1048/3717
f 965/1049/3718 741/795/3718 962/1046/3718
f 963/1050/3719 1210/1312/3719 966/1051/3719
f 964/1052/3720 966/1051/1180 967/1053/1182
f 968/1055/1177 744/798/3721 965/1049/1178
f 966/1051/3722 1213/1315/3722 969/1056/3722
f 967/1053/1182 969/1056/1181 970/1057/3723
f 971/1058/3724 747/804/3724 968/1054/3724
f 969/1056/3725 1216/1318/3725 972/1059/3725
f 970/1057/3726 972/1059/3726 973/1060/3726
f 974/1061/3727 750/805/3727 971/1058/3727
f 974/1061/3728 973/1060/3728 975/1062/3728
f 976/1063/3729 751/807/3729 750/805/3729
f 976/1063/3730 975/1062/3730 977/1064/3730
f 978/1065/3731 753/810/3731 751/807/3731
f 978/1065/1192 977/1064/3732 979/1066/1193
f 980/1067/3733 755/813/3733 753/810/3733
f 980/1067/3734 979/1066/3734 981/1068/3734
f 982/1069/3735 757/816/3735 755/813/3735
f 982/1069/3736 981/1068/3736 983/1070/3736
f 984/1071/3737 759/819/3737 757/816/3737
f 984/1071/1200 983/1070/1200 985/1072/1200
f 986/1073/3738 987/1074/3738 759/819/3738
f 987/1074/3739 986/1073/3739 988/1075/3739
f 989/1076/3740 990/1078/3740 762/1077/3740
f 987/1074/3741 762/1077/3741 760/820/3741
f 990/1078/3742 989/1076/3742 991/1079/3742
f 131/137/3743 130/136/3744 765/826/3745
f 990/1081/3746 765/826/3746 763/824/3746
f 989/1076/3747 988/1075/3747 992/1082/3747
f 991/1079/1210 992/1082/3748 993/1083/1211
f 994/1084/3749 134/1087/2919 131/1080/2919
f 993/1083/3750 1246/1348/3750 995/1085/3750
f 994/1084/3751 995/1085/3751 996/1086/3751
f 995/1085/3752 1247/1351/3752 997/1088/3752
f 996/1089/3753 997/1979/3753 998/1090/3753
f 999/1091/3754 132/138/3754 134/140/3754
f 999/1091/3755 998/1090/3755 1000/1092/3755
f 1001/1093/1220 1002/1094/3756 132/138/1221
f 1002/1094/1223 1006/2195/3757 1003/1095/1224
f 1002/1096/1226 1001/1990/3758 1004/1097/1227
f 1005/1098/3759 1007/1100/3759 1006/1099/3759
f 1007/1100/3760 1011/1104/3760 1008/1101/3760
f 1007/1100/3761 1005/1098/3761 1009/1102/3761
f 1010/1103/3762 1012/1105/1233 1011/1104/1235
f 1012/1105/3763 1016/1109/3763 1013/1106/3763
f 1012/1105/3764 1010/1103/3765 1014/1107/3766
f 1015/1108/3767 1017/1110/3767 1016/1109/3767
f 1017/1110/3768 1021/1114/3768 1018/1111/3768
f 1017/1110/3769 1015/1108/3769 1019/1112/3769
f 1020/1113/3770 1022/1115/3770 1021/1114/3770
f 1022/1115/3771 1027/1120/3772 1023/1116/3772
f 1022/1115/3773 1020/1113/3773 1024/1117/3773
f 1022/1115/3774 1025/1118/3774 1026/1119/3774
f 1028/1121/3775 1991/2182/3775 1027/1120/3775
f 1025/1118/3776 1838/2002/3776 1029/1122/3776
f 1026/1119/3777 1029/1122/3777 1030/1123/3777
f 1031/1124/1247 1988/2179/3778 1028/1121/1248
f 1029/1122/3779 1841/2005/3779 1032/1125/3779
f 1030/1123/3780 1032/1125/3780 1033/1126/3780
f 1034/1127/3781 1985/2176/3781 1031/1124/3781
f 1032/1125/1253 1844/2008/3782 1035/1128/1254
f 1033/1126/3783 1035/1128/3783 1036/1129/3783
f 1037/1130/3784 1982/2173/3784 1034/1127/3784
f 1035/1128/3785 1847/2011/3785 1038/1131/3785
f 1036/1129/3786 1038/1131/3786 1039/1132/3786
f 1039/1132/3787 1043/1136/3787 1040/1133/3787
f 1038/1131/3788 1850/2014/3788 1041/1134/3788
f 1039/1132/3789 1041/1134/3789 1042/1135/3789
f 1042/1135/3790 1046/1139/3791 1044/1137/3790
f 1041/1134/3792 1853/2017/3793 1045/1138/3794
f 1045/1138/3795 1047/1140/3795 1046/1139/3795
f 1047/1140/3796 1051/1144/3796 1048/1141/3796
f 1047/1140/3797 1045/1138/3797 1049/1142/3797
f 1050/1143/3798 1052/1145/3798 1051/1144/3798
f 1052/1145/1273 1056/2163/1272 1053/1146/3799
f 1052/1147/3800 1050/2025/3800 1054/1148/3800
f 1055/1149/3801 1057/1151/3801 1056/1150/3801
f 1057/1151/3802 1062/1156/3802 1058/1152/3802
f 1057/1151/3803 1055/1149/3803 1059/1153/3803
f 1057/1151/3804 1060/1154/3804 1061/1155/3804
f 1063/1157/3805 1968/2156/3805 1062/1156/3805
f 1060/1154/3806 1861/2029/3806 1064/1158/3806
f 1061/1155/3807 1064/1158/3807 1065/1159/3807
f 1065/1159/3808 1068/1162/3808 1066/1160/3808
f 1064/1158/3809 1862/2030/3809 1067/1161/3809
f 1067/1161/3810 1069/1163/3810 1068/1162/3810
f 1069/1163/3811 1073/1167/3811 1070/1164/3811
f 1069/1163/3812 1067/1161/3812 1071/1165/3812
f 1072/1166/3813 1074/1168/3813 1073/1167/3813
f 1074/1168/3814 1078/1172/3814 1075/1169/3814
f 1074/1168/3815 1072/1166/3815 1076/1170/3815
f 1077/1171/1292 1079/1173/3816 1078/1172/1293
f 1079/1173/3817 1083/1177/3817 1080/1174/3817
f 1079/1173/3818 1077/1171/3818 1081/1175/3818
f 1082/1176/3819 1084/1178/3819 1083/1177/3819
f 1084/1178/3820 1088/1182/3820 1085/1179/3820
f 1084/1178/3821 1082/1176/3821 1086/1180/3821
f 1087/1181/3822 1089/1183/1301 1088/1182/1303
f 1089/1183/3823 1092/1186/3824 1090/1184/3825
f 1087/1181/3826 1884/2058/3827 1091/1185/3828
f 1091/1185/1307 1093/1187/1309 1092/1186/3829
f 1093/1187/1310 1097/1191/1312 1094/1188/3830
f 1091/1185/3831 1885/2059/3831 1095/1189/3831
f 1093/1187/3832 1095/1189/3832 1096/1190/3832
f 1098/1192/3833 1950/2137/3833 1097/1191/3833
f 1095/1189/3834 1886/2060/3834 1099/1193/3834
f 1096/1190/3835 1099/1193/3835 1100/1194/3835
f 1101/1195/3836 1947/2134/3836 1098/1192/3836
f 1099/1193/3837 1887/2061/3837 1102/1196/3837
f 1100/1194/3838 1102/1196/3838 1103/1197/3838
f 846/912/3839 845/911/3839 1101/1195/3839
f 1103/1197/3840 1102/1196/3840 1104/1198/3840
f 1103/1197/3841 1105/1199/3841 848/914/3841
f 1105/1199/3842 1104/1198/3842 1106/1200/3842
f 1107/1201/3843 1110/1204/3843 848/914/3843
f 1107/1201/3844 1106/1200/3844 1108/1202/3844
f 1109/1203/3845 850/916/3845 1110/1204/3845
f 1108/1202/3846 1735/1883/3846 1111/1205/3846
f 1109/1203/3847 1111/1205/3847 1112/1206/3847
f 1113/1207/1328 851/917/3848 850/916/1329
f 1111/1208/3849 1734/1879/3849 1114/1209/3849
f 1112/1210/1333 1114/1209/1332 1115/1211/1337
f 1116/1213/3850 854/923/3850 1113/1212/3850
f 1114/1209/3851 1733/1878/3851 1117/1214/3851
f 1115/1211/3852 1117/1214/3852 1118/1215/3852
f 1119/1216/3853 857/924/3853 1116/1213/3853
f 1117/1214/1340 1732/1877/3854 1120/1217/1341
f 1118/1215/3855 1120/1217/3855 1121/1218/3855
f 1122/1219/1344 860/929/3856 1119/1216/1345
f 1120/1217/3857 1731/1876/3857 1123/1220/3857
f 1121/1218/3858 1123/1220/3858 1124/1221/3858
f 867/936/3859 863/932/3859 1122/1219/3859
f 1123/1220/3860 1127/1224/3860 1125/1222/3860
f 1124/1221/1351 1125/1222/3861 1126/1223/1352
f 1127/1224/3862 1727/1872/3862 1128/1225/3862
f 1125/1222/3863 1128/1225/3863 1129/1226/3863
f 871/940/3615 868/937/3614 1126/1223/3864
f 1128/1225/3865 1131/1228/3865 1130/1227/3865
f 1129/1226/3866 1130/1227/3866 873/942/3866
f 1131/1228/3867 1133/1230/3867 1132/1229/3867
f 1130/1227/3868 1132/1229/3868 875/944/3868
f 1133/1230/2535 1135/2084/2534 1134/1231/3869
f 1132/1229/3870 1134/1231/3870 878/1232/3870
f 1135/1233/3871 1138/1237/3871 1136/1234/3871
f 1134/1235/3872 1136/1234/3872 1137/1236/3872
f 1138/1237/3873 1561/1695/3873 1139/1238/3873
f 1136/1234/3874 1139/1238/3874 1140/1239/3874
f 1141/1240/3875 879/948/3875 1137/1236/3875
f 1139/1238/1368 1558/1692/3876 1142/1241/1369
f 1140/1239/3877 1142/1241/3877 1143/1242/3877
f 1144/1243/3878 882/953/3878 1141/1240/3878
f 1142/1241/1373 1557/1691/1955 1145/1244/1374
f 1143/1242/1376 1145/1244/3879 1146/1245/1377
f 1147/1246/3880 885/956/3880 1144/1243/3880
f 1146/1245/3881 1145/1244/3881 1148/1247/3881
f 1149/1248/3882 1150/1249/3882 1147/1246/3882
f 1150/1249/3883 1153/1252/3883 888/961/3883
f 1150/1249/1383 1149/1248/3884 1151/1250/1384
f 1152/1251/3885 892/970/3885 1153/1252/3885
f 1149/1248/3886 1148/1247/3886 1154/1253/3886
f 1151/1250/3887 1154/1253/3887 1155/1254/3887
f 1156/1255/3888 896/971/3888 1152/1251/3888
f 1154/1253/3889 1554/1688/3889 1157/1256/3889
f 1155/1254/3890 1157/1256/3890 1158/1257/3890
f 1159/1258/3891 899/976/3647 1156/1255/3646
f 1157/1256/3892 1553/1687/3892 1160/1259/3892
f 1158/1257/3893 1160/1259/3893 1161/1260/3893
f 1162/1261/3894 902/980/3894 1159/1258/3894
f 1160/1259/3895 1164/1263/3895 1163/1262/3895
f 1161/1260/1397 1163/1262/3896 911/989/1398
f 908/986/3897 903/981/3897 1162/1261/3897
f 1164/1263/3898 1166/1265/3898 1165/1264/3898
f 1165/1264/3899 1168/1267/3899 911/989/3899
f 1166/1265/3900 1556/1690/3900 1167/1266/3900
f 1167/1266/3901 1170/1269/3901 1168/1267/3901
f 1167/1266/3902 1923/2100/3903 1169/1268/3904
f 1170/1269/3905 1169/1268/3905 1171/1270/3905
f 1172/1271/3906 912/990/3906 1168/1267/3906
f 1169/1268/1408 1175/1274/3907 1173/1272/1409
f 1171/1270/3908 1173/1272/3908 926/1007/3908
f 1174/1273/3909 914/992/3909 1172/1271/3909
f 1175/1274/3910 1176/1275/3910 929/1012/3910
f 1173/1272/3911 929/1012/3911 927/1008/3911
f 1176/1275/3912 1175/1274/3912 1177/1276/3912
f 1178/1277/3913 1180/1279/3913 1179/1278/3913
f 1176/1275/1417 1179/1278/3914 930/1013/1418
f 1180/1279/3915 1178/1277/3915 1181/1280/3915
f 1182/1281/3916 1184/1283/3916 1183/1282/3916
f 1183/1282/1422 931/1015/3917 1179/1278/1423
f 1184/1283/3918 1182/1281/1688 1185/1284/3919
f 1186/1285/3920 1188/1287/1432 938/1022/1434
f 1184/1283/1427 938/1022/3921 935/1019/1428
f 1186/1285/3922 1363/1476/3922 1187/1286/3922
f 1188/1287/3923 1187/1286/1435 1189/1288/1437
f 1188/1287/3924 941/1025/3924 939/1023/3924
f 1187/1286/3925 1360/1473/3925 1190/1289/3925
f 1189/1288/3926 1190/1289/3926 1191/1290/3926
f 944/1028/3927 942/1026/3927 941/1025/3927
f 1190/1289/3928 1357/1470/3928 1192/1291/3928
f 1191/1290/3929 1192/1291/3929 1193/1292/3929
f 1194/1293/3930 945/1029/3930 944/1028/3930
f 1192/1291/3931 1354/1467/3931 1195/1294/3931
f 1193/1292/3932 1195/1294/3932 1196/1295/3932
f 949/1033/3933 946/1030/3933 1194/1293/3933
f 1195/1294/3934 1351/1464/3934 1197/1296/3934
f 1196/1295/3935 1197/1296/3935 1198/1297/3935
f 1199/1298/3936 950/1034/3936 949/1033/3936
f 1197/1296/3937 1348/1459/3937 1200/1299/3937
f 1198/1297/3938 1200/1299/3938 1201/1300/3938
f 1202/1301/3939 953/1037/3939 1199/1298/3939
f 1200/1299/3940 1345/1458/3940 1203/1302/3940
f 1201/1300/1454 1203/1302/1453 1204/1303/3941
f 959/1043/3942 956/1040/3942 1202/1301/3942
f 1203/1304/3943 1342/1452/3943 1205/1305/3943
f 1204/1306/1459 1205/1305/1458 1206/1307/3944
f 1207/1309/1461 960/1044/3945 959/1043/1462
f 1205/1305/1464 1339/1449/3946 1208/1310/1465
f 1206/1307/3947 1208/1310/3947 1209/1311/3947
f 1210/1312/3948 963/1050/3948 1207/1308/3948
f 1208/1310/1469 1336/1446/3949 1211/1313/1470
f 1209/1311/3950 1211/1313/3950 1212/1314/3950
f 1213/1315/1473 966/1051/3951 1210/1312/1474
f 1211/1313/3952 1333/1443/3952 1214/1316/3952
f 1212/1314/3953 1214/1316/3953 1215/1317/3953
f 1216/1318/3954 969/1056/3954 1213/1315/3954
f 1214/1316/1479 1330/1440/3955 1217/1319/1480
f 1215/1317/3956 1217/1319/3956 1218/1320/3956
f 1219/1321/3957 972/1059/3957 1216/1318/3957
f 1219/1321/1484 1218/1320/3958 1220/1322/1485
f 1221/1323/1493 973/1060/1492 972/1059/3959
f 1221/1323/1488 1220/1322/3960 1222/1324/1489
f 1223/1325/3961 975/1062/3961 973/1060/3961
f 1223/1325/3962 1222/1324/3962 1224/1326/3962
f 1225/1327/3963 977/1064/3963 975/1062/3963
f 1225/1327/3964 1224/1326/3964 1226/1328/3964
f 1227/1329/3965 979/1066/3965 977/1064/3965
f 1227/1329/3966 1226/1328/3966 1228/1330/3966
f 1229/1331/3967 981/1068/3967 979/1066/3967
f 1229/1331/3968 1228/1330/3968 1230/1332/3968
f 1231/1333/3969 983/1070/3969 981/1068/3969
f 1231/1333/1506 1230/1332/3970 1232/1334/1507
f 1233/1335/3971 985/1072/3971 983/1070/3971
f 1233/1335/3972 1232/1334/3972 1234/1336/3972
f 1235/1337/1511 1236/1338/3973 985/1072/1512
f 1236/1338/3974 1235/1337/3974 1237/1339/3974
f 1238/1340/3975 992/1082/3975 988/1075/3975
f 1236/1338/3976 988/1075/3976 986/1073/3976
f 1238/1340/3977 1237/1339/3977 1239/1341/3977
f 1240/1342/3978 993/1083/3978 992/1082/3978
f 1240/1342/3979 1239/1341/3979 1241/1343/3979
f 1242/1344/3980 1246/1348/3980 993/1083/3980
f 1242/1344/3981 1241/1343/3981 1243/1345/3981
f 1242/1344/3982 1244/1346/3982 1245/1347/3982
f 1244/1346/3983 125/1352/3983 128/1349/3983
f 1245/1347/3984 128/1349/3984 127/1350/3984
f 1247/1351/3985 995/1085/3985 1246/1348/3985
f 1243/1345/3986 1249/1354/3986 125/1352/3986
f 1243/1345/3987 1933/2110/3987 1248/1353/3987
f 1249/1355/3988 1248/2117/3988 1250/1356/3988
f 1251/1357/3989 126/132/3989 125/131/3989
f 1251/1357/3990 1250/1356/3990 1252/1358/3990
f 1253/1359/3991 123/129/3991 126/132/3991
f 1254/1360/3992 1820/1976/3992 123/129/3992
f 1253/1359/3993 1252/1358/3993 1255/1361/3993
f 1256/1362/3994 1817/1973/3995 1254/1360/3996
f 1255/1361/3997 1252/1358/3997 1257/1363/3997
f 1255/1361/3998 1258/1364/3998 1259/1365/3998
f 1260/1366/3999 1813/1969/3999 1256/1362/3999
f 1259/1365/4000 1258/1364/4000 1261/1367/4000
f 1259/1365/4001 1262/1368/4001 1263/1369/4001
f 1264/1370/4002 1808/1964/4003 1260/1366/4004
f 1263/1369/4005 1262/1368/4005 1265/1371/4005
f 1263/1369/1545 1266/1372/1547 1267/1373/1551
f 1268/1374/4006 1803/1957/4006 1264/1370/4006
f 1266/1372/4007 1270/1376/4007 1269/1375/4007
f 1267/1373/4008 1269/1375/4008 113/118/4008
f 1269/1375/4009 1271/1377/4009 114/119/4009
f 1270/1376/4010 1272/1381/4010 1271/1377/4010
f 1272/1378/4011 1276/1385/4011 1273/1379/4011
f 1272/1381/4012 1270/1376/4012 1274/1382/4012
f 1275/1384/4013 1277/1386/4013 1276/1385/4013
f 1277/1386/1558 1281/1390/4014 1278/1387/1558
f 1277/1386/4015 1275/1384/4015 1279/1388/4015
f 1280/1389/4016 1282/1391/4016 1281/1390/4016
f 1282/1391/4017 1286/1395/4017 1283/1392/4017
f 1282/1391/4018 1280/1389/4018 1284/1393/4018
f 1285/1394/4019 1287/1396/1565 1286/1395/1567
f 1287/1396/4020 1291/1400/4020 1288/1397/4020
f 1287/1396/4021 1285/1394/4021 1289/1398/4021
f 1290/1399/4022 1292/1401/4022 1291/1400/4022
f 1292/1401/1574 1296/1567/1573 1293/1402/4023
f 1292/1403/4024 1290/2130/4024 1294/1404/4024
f 1295/1405/4025 1297/1407/4025 1296/1406/4025
f 1297/1407/4026 1301/1411/4027 1298/1408/4028
f 1295/1405/4029 1925/2102/4029 1299/1409/4029
f 1297/1407/4030 1299/1409/4030 1300/1410/4030
f 1302/1412/4031 1309/1419/4031 1301/1411/4031
f 1299/1409/4032 1924/2101/4032 1303/1413/4032
f 1300/1410/1583 1303/1413/1582 1304/1414/4033
f 1305/1415/4034 1308/1418/4034 1302/1412/4034
f 1303/1413/4035 1232/1334/4035 1230/1332/4035
f 1304/1414/4036 1230/1332/4036 1228/1330/4036
f 1306/1416/4037 1315/1425/4037 1307/1417/4037
f 1308/1418/1589 1307/1417/4038 1309/1419/1590
f 1308/1418/4039 1305/1415/4039 1310/1420/4039
f 1311/1421/4040 1314/1424/4040 1306/1416/4040
f 1305/1415/4041 1228/1330/4041 1226/1328/4041
f 1310/1420/4042 1226/1328/4042 1224/1326/4042
f 1312/1422/1596 1321/1431/4043 1313/1423/1597
f 1314/1424/4044 1313/1423/4044 1315/1425/4044
f 1314/1424/4045 1311/1421/4045 1316/1426/4045
f 1317/1427/4046 1320/1430/4046 1312/1422/4046
f 1311/1421/1604 1224/1326/4047 1222/1324/1605
f 1316/1426/1607 1222/1324/4048 1220/1322/1608
f 1318/1428/4049 1327/1437/4049 1319/1429/4049
f 1320/1430/4050 1319/1429/4050 1321/1431/4050
f 1320/1430/1612 1317/1427/4051 1322/1432/1613
f 1323/1433/1615 1326/1436/4052 1318/1428/1614
f 1317/1427/4053 1220/1322/4053 1218/1320/4053
f 1322/1432/4054 1218/1320/4054 1217/1319/4054
f 1324/1434/4055 1419/1535/4055 1325/1435/4055
f 1326/1436/1619 1325/1435/4056 1327/1437/1620
f 1326/1436/4057 1323/1433/4057 1328/1438/4057
f 1329/1439/4058 1416/1532/4059 1324/1434/4060
f 1323/1433/4061 1217/1319/4061 1330/1440/4061
f 1328/1438/1625 1330/1440/4062 1331/1441/1626
f 1332/1442/4063 1413/1529/4063 1329/1439/4063
f 1330/1440/4064 1214/1316/4064 1333/1443/4064
f 1331/1441/4065 1333/1443/1634 1334/1444/1636
f 1335/1445/1633 1410/1526/4066 1332/1442/1632
f 1333/1443/4067 1211/1313/4067 1336/1446/4067
f 1334/1444/4068 1336/1446/4068 1337/1447/4068
f 1338/1448/4069 1407/1523/4069 1335/1445/4069
f 1336/1446/1639 1208/1310/4070 1339/1449/1640
f 1337/1447/1641 1339/1449/1640 1340/1450/1642
f 1341/1451/4071 1404/1520/1737 1338/1448/4072
f 1339/1449/4073 1205/1305/4073 1342/1452/4073
f 1340/1450/4074 1342/1452/4074 1343/1453/4074
f 1344/1454/1647 1401/1517/4075 1341/1451/1648
f 1342/1452/4076 1203/1304/4076 1345/1455/4076
f 1343/1453/1652 1345/1455/1651 1346/1456/1653
f 1347/1457/4077 1398/1514/4078 1344/1454/4079
f 1345/1458/4080 1200/1299/4080 1348/1459/4080
f 1346/1460/1658 1348/1459/1657 1349/1461/4081
f 1350/1463/4082 1395/1511/4082 1347/1462/4082
f 1348/1459/4083 1197/1296/4083 1351/1464/4083
f 1349/1461/4084 1351/1464/4084 1352/1465/4084
f 1353/1466/1665 1392/1505/4085 1350/1463/1666
f 1351/1464/4086 1195/1294/4086 1354/1467/4086
f 1352/1465/4087 1354/1467/4087 1355/1468/4087
f 1356/1469/4088 1389/1502/4088 1353/1466/4088
f 1354/1467/4089 1192/1291/4089 1357/1470/4089
f 1355/1468/4090 1357/1470/4090 1358/1471/4090
f 1359/1472/4091 1386/1499/4092 1356/1469/4093
f 1357/1470/4094 1190/1289/4094 1360/1473/4094
f 1358/1471/4095 1360/1473/4095 1361/1474/4095
f 1362/1475/4096 1383/1496/4096 1359/1472/4096
f 1360/1473/4097 1187/1286/4097 1363/1476/4097
f 1361/1474/1678 1363/1476/4098 1364/1477/1679
f 1365/1478/1681 1380/1493/4099 1362/1475/1682
f 1364/1477/4100 1363/1476/4100 1186/1285/4100
f 1185/1284/4101 1366/1479/4101 1365/1478/4101
f 1366/1479/4102 1368/1481/4102 1367/1480/4102
f 1366/1479/1687 1185/1284/3919 1182/1281/1688
f 1181/1280/4103 1369/1482/4103 1368/1481/4103
f 1369/1482/4104 1371/1484/4104 1370/1483/4104
f 1369/1482/4105 1181/1280/4105 1178/1277/4105
f 1177/1276/4106 1923/2100/4106 1371/1484/4106
f 1370/1483/4107 1374/1487/4107 1372/1485/4107
f 1373/1486/4108 1367/1480/4108 1368/1481/4108
f 1371/1484/4109 1556/1690/4109 1374/1487/4109
f 1373/1486/4110 1372/1485/4110 1375/1488/4110
f 1376/1489/4111 1378/1491/4111 1367/1480/4111
f 1376/1489/4112 1563/1697/4112 1377/1490/4112
f 1378/1491/4113 1377/1490/4113 1379/1492/4113
f 1378/1491/1703 1380/1493/4114 1365/1478/1704
f 1377/1490/1706 1910/2085/4115 1381/1494/1707
f 1379/1492/4116 1381/1494/4116 1382/1495/4116
f 1383/1496/4117 1362/1475/4117 1380/1493/4117
f 1381/1494/1711 1911/2086/4118 1384/1497/1712
f 1382/1495/4119 1384/1497/4119 1385/1498/4119
f 1386/1499/4092 1359/1472/4091 1383/1496/4120
f 1384/1497/4121 1912/2087/4122 1387/1500/4123
f 1385/1498/4124 1387/1500/4124 1388/1501/4124
f 1389/1502/4125 1356/1469/4125 1386/1499/4125
f 1387/1500/4126 1913/2088/4126 1390/1503/4126
f 1388/1501/4127 1390/1503/4127 1391/1504/4127
f 1392/1505/4128 1353/1466/4128 1389/1502/4128
f 1390/1506/4129 1914/2089/4129 1393/1507/4129
f 1391/1508/1724 1393/1507/1723 1394/1509/4130
f 1395/1511/4131 1350/1463/4131 1392/1505/4131
f 1393/1507/4132 1915/2091/4132 1396/1512/4132
f 1394/1509/4133 1396/1512/4133 1397/1513/4133
f 1398/1514/4078 1347/1457/4077 1395/1510/4134
f 1396/1512/4135 1916/2092/4135 1399/1515/4135
f 1397/1513/4136 1399/1515/4136 1400/1516/4136
f 1401/1517/4137 1344/1454/4137 1398/1514/4137
f 1399/1515/4138 1917/2093/4138 1402/1518/4138
f 1400/1516/1735 1402/1518/1734 1403/1519/4139
f 1404/1520/1737 1341/1451/4071 1401/1517/1738
f 1402/1518/4140 1918/2094/4140 1405/1521/4140
f 1403/1519/4141 1405/1521/4141 1406/1522/4141
f 1407/1523/4142 1338/1448/4142 1404/1520/4142
f 1405/1521/4143 1919/2095/4143 1408/1524/4143
f 1406/1522/4144 1408/1524/4144 1409/1525/4144
f 1410/1526/4145 1335/1445/4145 1407/1523/4145
f 1408/1524/4146 1920/2096/4146 1411/1527/4146
f 1409/1525/1747 1411/1527/4147 1412/1528/1748
f 1413/1529/4148 1332/1442/4148 1410/1526/4148
f 1411/1527/4149 1921/2097/4149 1414/1530/4149
f 1412/1528/1753 1414/1530/1752 1415/1531/4150
f 1416/1532/4059 1329/1439/4058 1413/1529/4151
f 1414/1530/4152 1922/2098/4152 1417/1533/4152
f 1415/1531/4153 1417/1533/4153 1418/1534/4153
f 1419/1535/4154 1324/1434/4154 1416/1532/4154
f 1417/1536/4155 1493/1621/4155 1420/1537/4155
f 1418/1538/1763 1420/1537/1762 1421/1539/1764
f 1422/1541/4156 1325/1435/4156 1419/1535/4156
f 1422/1540/4157 1421/1539/4157 1423/1542/4157
f 1424/1544/4158 1327/1437/4158 1325/1435/4158
f 1424/1543/1769 1423/1542/1768 1425/1545/4159
f 1426/1547/4160 1319/1429/4160 1327/1437/4160
f 1426/1546/1773 1425/1545/1772 1427/1548/1775
f 1426/1547/4161 1428/1552/4161 1321/1431/4161
f 1428/1549/1778 1427/1548/4162 1429/1550/1779
f 1428/1552/4163 1430/1554/4163 1313/1423/4163
f 1429/1550/4164 1432/1555/4164 1431/1553/4164
f 1430/1554/1783 1431/1557/4165 1315/1425/1784
f 1432/1555/4166 1434/1558/4166 1433/1556/4166
f 1431/1557/4167 1433/1560/4167 1307/1417/4167
f 1434/1558/4168 1436/1561/4168 1435/1559/4168
f 1433/1560/4169 1435/1563/1791 1309/1419/1793
f 1436/1561/4170 1437/1564/4170 1298/1562/4170
f 1435/1563/4171 1298/1408/4028 1301/1411/4027
f 1437/1564/4172 1436/1561/4172 1438/1565/4172
f 1439/1566/4173 1440/1568/4173 1293/1402/4173
f 1437/1564/4174 1293/1402/4023 1296/1567/1573
f 1440/1568/4175 1439/1566/4175 1441/1569/4175
f 1442/1570/4176 1443/1571/4176 1288/1397/4176
f 1440/1568/1800 1288/1397/1799 1291/1400/4177
f 1443/1571/1802 1442/1570/4178 1444/1572/1803
f 1445/1573/4179 1446/1574/4179 1283/1392/4179
f 1443/1571/4180 1283/1392/4180 1286/1395/4180
f 1446/1574/4181 1445/1573/4181 1447/1575/4181
f 1448/1576/4182 1449/1577/4182 1278/1387/4182
f 1446/1574/4183 1278/1387/4183 1281/1390/4183
f 1449/1577/4184 1448/1576/4184 1450/1578/4184
f 1451/1579/4185 109/113/2614 1273/1379/2616
f 1449/1577/4186 1273/1379/4186 1276/1385/4186
f 1451/1579/4187 1450/1578/4187 1452/1580/4187
f 1451/1579/4188 105/108/4188 110/114/4188
f 1450/1578/4189 1454/1582/4189 1453/1581/4189
f 1448/1576/4190 1447/1575/4190 1454/1582/4190
f 1453/1581/4191 1457/1585/4191 1455/1583/4191
f 1456/1584/4192 106/109/4192 1452/1580/4192
f 1454/1582/4193 1458/1586/4194 1457/1585/4195
f 1458/1586/4196 1461/1589/4196 1459/1587/4196
f 1458/1586/4194 1454/1582/4193 1447/1575/4197
f 1460/1588/4198 1462/1590/4198 1461/1589/4198
f 1462/1590/4199 1465/1593/4199 1463/1591/4199
f 1462/1590/4200 1460/1588/4200 1444/1572/4200
f 1464/1592/4201 1466/1594/1826 1465/1593/1828
f 1466/1594/4202 1469/1597/4202 1467/1595/4202
f 1466/1594/1829 1464/1592/4203 1441/1569/1830
f 1468/1596/4204 1471/1599/4204 1469/1597/4204
f 1470/1598/4205 1478/1606/4205 1469/1597/4205
f 1468/1596/4206 1438/1565/4206 1472/1600/4206
f 1471/1599/4207 1472/1600/4207 1473/1601/4207
f 1474/1602/4208 1477/1605/4208 1470/1598/4208
f 1472/1600/4209 1434/1558/4209 1432/1555/4209
f 1473/1601/4210 1432/1555/4210 1429/1550/4210
f 1475/1603/1839 1484/1612/4211 1476/1604/1840
f 1477/1605/4212 1476/1604/4212 1478/1606/4212
f 1477/1605/4213 1474/1602/4213 1479/1607/4213
f 1480/1608/4214 1483/1611/4215 1475/1603/4216
f 1474/1602/1845 1429/1550/4217 1427/1548/1846
f 1479/1607/4218 1427/1548/4218 1425/1545/4218
f 1481/1609/1866 1490/1618/1865 1482/1610/4219
f 1483/1611/4220 1482/1610/4220 1484/1612/4220
f 1483/1611/4215 1480/1608/4214 1485/1613/4221
f 1486/1614/1854 1489/1617/4222 1481/1609/1855
f 1480/1608/1850 1425/1545/1849 1423/1542/4223
f 1485/1613/1859 1423/1542/1858 1421/1539/4224
f 1487/1615/1861 1497/1625/4225 1488/1616/1862
f 1489/1617/4226 1488/1616/4226 1490/1618/4226
f 1489/1617/4227 1486/1614/4227 1491/1619/4227
f 1492/1620/4228 1496/1624/1876 1487/1615/1878
f 1486/1614/4229 1421/1539/4229 1420/1537/4229
f 1491/1619/1871 1420/1537/1870 1493/1621/4230
f 1494/1622/4231 1610/1750/4231 1495/1623/4231
f 1496/1624/4232 1495/1623/4232 1497/1625/4232
f 1496/1624/4233 1492/1620/4233 1498/1626/4233
f 1499/1627/4234 1607/1747/4234 1494/1622/4234
f 1492/1620/4235 1493/1621/4235 1500/1628/4235
f 1498/1626/4236 1500/1628/4236 1501/1629/4236
f 1502/1630/4237 1604/1744/4237 1499/1627/4237
f 1500/1628/4238 1922/2099/2556 1503/1631/2558
f 1501/1629/4239 1503/1631/4239 1504/1632/4239
f 1505/1633/4240 1601/1741/4240 1502/1630/4240
f 1503/1634/2558 1921/2097/2557 1506/1635/4241
f 1504/1636/4242 1506/1635/4242 1507/1637/4242
f 1508/1639/4243 1598/1738/4243 1505/1638/4243
f 1506/1635/4244 1920/2096/4244 1509/1640/4244
f 1507/1637/4245 1509/1640/4245 1510/1641/4245
f 1511/1642/4246 1595/1732/4246 1508/1639/4246
f 1509/1640/2554 1919/2095/2553 1512/1643/4247
f 1510/1641/4248 1512/1643/4248 1513/1644/4248
f 1514/1645/4249 1592/1729/4249 1511/1642/4249
f 1512/1643/4250 1918/2094/4250 1515/1646/4250
f 1513/1644/4251 1515/1646/4251 1516/1647/4251
f 1517/1648/4252 1589/1726/4252 1514/1645/4252
f 1515/1646/4253 1917/2093/4253 1518/1649/4253
f 1516/1647/1903 1518/1649/1902 1519/1650/4254
f 1520/1651/4255 1586/1723/4255 1517/1648/4255
f 1518/1649/4256 1916/2092/4256 1521/1652/4256
f 1519/1650/4257 1521/1652/4257 1522/1653/4257
f 1523/1654/4258 1583/1720/4258 1520/1651/4258
f 1521/1652/1912 1915/2091/4259 1524/1655/1913
f 1522/1653/4260 1524/1655/4260 1525/1656/4260
f 1526/1657/4261 1579/1716/4261 1523/1654/4261
f 1524/1655/4262 1914/2089/2542 1527/1658/2544
f 1525/1656/1919 1527/1658/1918 1528/1659/4263
f 1529/1660/1921 1576/1713/4264 1526/1657/1922
f 1527/1658/4265 1913/2090/4265 1530/1661/4265
f 1528/1659/4266 1530/1661/4266 1531/1662/4266
f 1532/1663/4267 1573/1710/4267 1529/1660/4267
f 1530/1664/4268 1912/2087/4268 1533/1665/4268
f 1531/1666/4269 1533/1665/4269 1534/1667/4269
f 1535/1669/4270 1570/1707/4270 1532/1668/4270
f 1533/1665/4271 1911/2086/4271 1536/1670/4271
f 1534/1667/4272 1536/1670/4272 1537/1671/4272
f 1538/1672/4273 1565/1699/4273 1535/1669/4273
f 1536/1670/2539 1910/2085/2538 1539/1673/4274
f 1537/1671/4275 1539/1673/4275 1540/1674/4275
f 1541/1675/4276 1562/1696/4276 1538/1672/4276
f 1539/1673/4277 1563/1697/4277 1542/1676/4277
f 1540/1674/4278 1542/1676/4278 1543/1677/4278
f 1544/1678/4279 1560/1694/4279 1541/1675/4279
f 1542/1676/4280 1375/1488/4280 1545/1679/4280
f 1543/1677/4281 1545/1679/4281 1546/1680/4281
f 1547/1681/4282 1559/1693/4282 1544/1678/4282
f 1546/1680/4283 1545/1679/4283 1548/1682/4283
f 1549/1683/4284 1550/1684/4284 1547/1681/4284
f 1550/1684/4285 1554/1688/4285 1551/1685/4285
f 1550/1684/4286 1549/1683/4286 1552/1686/4286
f 1553/1687/4287 1157/1256/4287 1554/1688/4287
f 1549/1683/4288 1548/1682/4288 1555/1689/4288
f 1552/1686/4289 1555/1689/4289 1166/1265/4289
f 1164/1263/4290 1160/1259/4290 1553/1687/4290
f 1548/1682/4291 1372/1485/4291 1374/1487/4291
f 1555/1689/4292 1374/1487/4292 1556/1690/4292
f 1551/1685/4293 1148/1247/4293 1145/1244/4293
f 1557/1691/4294 1559/1693/4294 1547/1681/4294
f 1554/1688/4295 1154/1253/4295 1148/1247/4295
f 1545/1679/4296 1375/1488/4296 1372/1485/4296
f 1557/1691/4297 1142/1241/4297 1558/1692/4297
f 1559/1693/4298 1558/1692/1961 1560/1694/1963
f 1558/1692/4299 1139/1238/4299 1561/1695/4299
f 1560/1694/4300 1561/1695/4300 1562/1696/4300
f 1563/1697/4301 1376/1489/4301 1375/1488/4301
f 1561/1695/1966 1138/1237/1970 1564/1698/1967
f 1562/1696/4302 1564/1698/4302 1565/1699/4302
f 1138/1237/4303 1135/1233/4303 1566/1700/4303
f 1564/1698/1967 1566/1700/1971 1567/1701/4304
f 1566/1702/4305 1730/1875/4306 1568/1703/4307
f 1567/1704/4308 1568/1703/4308 1569/1705/4308
f 1570/1707/4309 1535/1669/4309 1565/1699/4309
f 1568/1703/4310 1728/1873/4310 1571/1708/4310
f 1569/1705/1977 1571/1708/4311 1572/1709/1978
f 1573/1710/1980 1532/1663/4312 1570/1706/1981
f 1571/1708/4313 1725/1870/4313 1574/1711/4313
f 1572/1709/4314 1574/1711/4314 1575/1712/4314
f 1576/1713/4264 1529/1660/1921 1573/1710/4315
f 1575/1712/4316 1574/1711/4316 1577/1714/4316
f 1578/1715/1988 1581/1718/4317 1579/1716/1989
f 1579/1716/4318 1526/1657/4318 1576/1713/4318
f 1578/1715/4319 1720/1865/4319 1580/1717/4319
f 1581/1718/4320 1580/1717/4320 1582/1719/4320
f 1583/1720/1993 1523/1654/4321 1579/1716/1994
f 1580/1717/4322 1717/1862/4322 1584/1721/4322
f 1582/1719/4323 1584/1721/4323 1585/1722/4323
f 1586/1723/4324 1520/1651/4324 1583/1720/4324
f 1584/1721/2001 1714/1859/2001 1587/1724/2002
f 1585/1722/2004 1587/1724/4325 1588/1725/2005
f 1589/1726/4326 1517/1648/4326 1586/1723/4326
f 1587/1724/4327 1711/1855/4327 1590/1727/4327
f 1588/1725/4328 1590/1727/4328 1591/1728/4328
f 1592/1729/4329 1514/1645/4329 1589/1726/4329
f 1590/1727/4330 1707/2228/4330 1593/1730/4330
f 1591/1728/4331 1593/1730/4331 1594/1731/4331
f 1595/1732/4332 1511/1642/4332 1592/1729/4332
f 1593/1733/4333 1704/1847/4333 1596/1734/4333
f 1594/1735/4334 1596/1734/4334 1597/1736/4334
f 1598/1738/4335 1508/1639/4335 1595/1732/4335
f 1596/1734/4336 1701/1844/4336 1599/1739/4336
f 1597/1736/2021 1599/1739/2020 1600/1740/4337
f 1601/1741/4338 1505/1633/4338 1598/1737/4338
f 1599/1739/2024 1698/1841/4339 1602/1742/2025
f 1600/1740/2027 1602/1742/4340 1603/1743/2028
f 1604/1744/4341 1502/1630/4341 1601/1741/4341
f 1602/1742/4342 1694/1837/4342 1605/1745/4342
f 1603/1743/4343 1605/1745/4343 1606/1746/4343
f 1607/1747/2033 1499/1627/4344 1604/1744/2034
f 1605/1745/4345 1690/1833/4345 1608/1748/4345
f 1606/1746/2038 1608/1748/2037 1609/1749/4346
f 1610/1750/4347 1494/1622/4347 1607/1747/4347
f 1609/1749/4348 1608/1748/4348 1611/1751/4348
f 1612/1752/4349 1614/1754/4349 1613/1753/4349
f 1613/1753/4350 1495/1623/4350 1610/1750/4350
f 1614/1754/4351 1616/1756/4351 1615/1755/4351
f 1615/1755/4352 1497/1625/4352 1495/1623/4352
f 1616/1756/4353 1888/2062/4353 1617/1757/4353
f 1617/1757/2051 1488/1616/2050 1497/1625/4354
f 1617/1757/4355 1888/2062/4355 1618/1758/4355
f 1619/1759/2055 1490/1618/2054 1488/1616/4356
f 1619/1759/4357 1618/1758/4357 1620/1760/4357
f 1621/1761/4358 1482/1610/4358 1490/1618/4358
f 1621/1761/4359 1620/1760/4359 1622/1762/4359
f 1623/1763/4360 1484/1612/4360 1482/1610/4360
f 1623/1763/4361 1622/1762/4361 1624/1764/4361
f 1625/1765/4362 1476/1604/4362 1484/1612/4362
f 1624/1764/4363 1627/1767/4363 1626/1766/4363
f 1626/1766/2061 1478/1606/4364 1476/1604/2062
f 1627/1767/4365 1628/1768/4365 1467/1595/4365
f 1626/1766/2065 1467/1595/4366 1469/1597/2066
f 1628/1768/2068 1627/1767/4367 1629/1769/2069
f 1630/1770/4368 1631/1771/4368 1463/1591/4368
f 1628/1768/4369 1463/1591/4369 1465/1593/4369
f 1631/1771/4370 1630/1770/4370 1632/1772/4370
f 1633/1773/4371 1634/1774/2076 1459/1587/4372
f 1631/1771/4373 1459/1587/4373 1461/1589/4373
f 1634/1774/2076 1633/1773/4371 1635/1775/2077
f 1636/1776/4374 1637/1777/4374 1455/1583/4374
f 1634/1774/4375 1455/1583/4375 1457/1585/4375
f 1637/1777/4376 1636/1776/4376 1638/1778/4376
f 1639/1779/4377 1641/1781/4377 1640/1780/4377
f 1637/1777/4378 1640/1780/4378 1456/1584/4378
f 1641/1781/4379 1644/1786/4379 103/1782/4379
f 1640/1780/4380 103/1782/4380 106/109/4380
f 1642/1783/4381 1789/1939/4381 1643/1784/4381
f 1644/1785/4382 1643/1784/4382 104/107/4382
f 1644/1786/4383 1641/1781/4383 1645/1787/4383
f 1646/1789/4384 1653/1796/4384 1642/1788/4384
f 1641/1781/4385 1639/1779/4385 1647/1790/4385
f 1645/1787/4386 1647/1790/4386 1648/1791/4386
f 1649/1792/4387 1652/1795/4387 1646/1789/4387
f 1647/1790/4388 93/96/4388 92/95/4388
f 1648/1791/4389 92/95/69 91/94/69
f 1650/1793/4390 1782/1931/4390 1651/1794/4390
f 1652/1795/4391 1651/1794/4391 1653/1796/4391
f 1652/1795/4392 1649/1792/4392 1654/1797/4392
f 1655/1798/4393 1779/1925/4393 1650/1793/4393
f 1649/1792/4394 91/94/4394 1656/1799/4394
f 1654/1797/2104 1656/1799/4395 1657/1800/2105
f 1658/1801/4396 1776/1922/4396 1655/1798/4396
f 1656/1799/4397 1905/2079/4397 1659/1802/4397
f 1657/1800/4398 1659/1802/4398 1660/1803/4398
f 1661/1804/4399 1773/1919/4399 1658/1801/4399
f 1659/1802/4400 1904/2078/4400 1662/1805/4400
f 1660/1803/4401 1662/1805/4401 1663/1806/4401
f 1664/1807/2113 1770/1916/4402 1661/1804/2114
f 1662/1805/2116 1907/2081/4403 1665/1808/2117
f 1663/1806/2119 1665/1808/4404 1666/1809/2120
f 1667/1810/4405 1765/1911/4405 1664/1807/4405
f 1665/1808/4406 1909/2083/4406 1668/1811/4406
f 1666/1809/4407 1668/1811/4407 1669/1812/4407
f 1669/1812/4408 1673/1816/4408 1670/1813/4408
f 1669/1812/4409 1668/1811/4409 1671/1814/4409
f 1672/1815/4410 1674/1817/4410 1673/1816/4410
f 1674/1817/4411 1678/1821/4411 1675/1818/4411
f 1674/1817/4412 1672/1815/4412 1676/1819/4412
f 1677/1820/4413 1679/1822/4413 1678/1821/4413
f 1679/1822/2131 1681/1824/2138 1680/1823/2132
f 1679/1822/4414 1677/1820/4414 1616/1756/4414
f 1614/1754/4415 1612/1752/4416 1681/1824/4417
f 1680/1823/4418 1684/1827/4418 1682/1825/4418
f 1683/1826/4419 1675/1818/4419 1678/1821/4419
f 1681/1824/4420 1685/1828/2140 1684/1827/2142
f 1685/1828/4421 1687/1830/4421 1686/1829/4421
f 1685/1828/4422 1681/1824/4417 1612/1752/4416
f 1611/1751/4423 1688/1831/4423 1687/1830/4423
f 1688/1831/4424 1691/1834/4424 1689/1832/4424
f 1688/1831/4425 1611/1751/4425 1608/1748/4425
f 1690/1833/4426 1692/1835/4426 1691/1834/4426
f 1692/1835/4427 1696/1839/4427 1693/1836/4427
f 1690/1833/4428 1605/1745/4428 1694/1837/4428
f 1692/1835/4429 1694/1837/4429 1695/1838/4429
f 1697/1840/4430 1748/1894/4430 1696/1839/4430
f 1694/1837/4431 1602/1742/4431 1698/1841/4431
f 1695/1838/4432 1698/1841/4432 1699/1842/4432
f 1700/1843/4433 1745/1891/4433 1697/1840/4433
f 1698/1841/4434 1599/1739/4434 1701/1844/4434
f 1699/1842/2156 1701/1844/4435 1702/1845/2157
f 1703/1846/4436 1742/1888/4436 1700/1843/4436
f 1701/1844/4437 1596/1734/4437 1704/1847/4437
f 1702/1845/4438 1704/1847/4438 1705/1848/4438
f 1705/1848/4439 1708/1851/4439 1706/1849/4439
f 1704/1847/4440 1593/1733/4440 1707/1850/4440
f 1707/1850/4441 1710/1853/4441 1708/1851/4441
f 1709/1852/4442 1736/1881/4442 1708/1851/4442
f 1710/1854/4443 1707/2228/4443 1590/1727/4443
f 1710/1854/2169 1711/1855/4444 1712/1856/2170
f 1713/1858/2172 1735/1880/4445 1709/1857/2173
f 1711/1855/4446 1587/1724/4446 1714/1859/4446
f 1712/1856/4447 1714/1859/4447 1715/1860/4447
f 1716/1861/2177 1734/1879/2207 1713/1858/2178
f 1714/1859/4448 1584/1721/4448 1717/1862/4448
f 1715/1860/4449 1717/1862/4449 1718/1863/4449
f 1719/1864/2182 1733/1878/4450 1716/1861/2183
f 1717/1862/4451 1580/1717/4451 1720/1865/4451
f 1718/1863/2186 1720/1865/4452 1721/1866/2187
f 1722/1867/4453 1732/1877/4453 1719/1864/4453
f 1720/1865/4454 1578/1715/4454 1577/1714/4454
f 1721/1866/4455 1577/1714/4455 1723/1868/4455
f 1724/1869/4456 1731/1876/4456 1722/1867/4456
f 1577/1714/4457 1574/1711/4457 1725/1870/4457
f 1723/1868/4458 1725/1870/4458 1726/1871/4458
f 1727/1872/4459 1127/1224/4459 1724/1869/4459
f 1725/1870/4460 1571/1708/4460 1728/1873/4460
f 1726/1871/4461 1728/1873/4461 1729/1874/4461
f 1131/1228/4462 1128/1225/4462 1727/1872/4462
f 1728/1873/4463 1568/1703/4463 1730/1875/4463
f 1729/1874/4464 1730/1875/4464 1133/1230/4464
f 1127/1224/4465 1123/1220/4465 1731/1876/4465
f 1731/1876/4466 1120/1217/4466 1732/1877/4466
f 1732/1877/4467 1117/1214/4467 1733/1878/4467
f 1733/1878/4468 1114/1209/4468 1734/1879/4468
f 1734/1879/4469 1111/1208/4469 1735/1880/4469
f 1736/1881/4470 1108/1202/4470 1106/1200/4470
f 1737/1882/2210 1706/1849/4471 1708/1851/2211
f 1736/1881/4472 1709/1852/4472 1735/1883/4472
f 1737/1882/4473 1106/1200/4473 1104/1198/4473
f 1738/1884/4474 1740/1886/4474 1706/1849/4474
f 1738/1884/4475 1887/2061/4475 1739/1885/4475
f 1740/1886/2218 1739/1885/2217 1741/1887/4476
f 1740/1886/4477 1742/1888/4477 1703/1846/4477
f 1739/1885/4478 1886/2060/4478 1743/1889/4478
f 1741/1887/4479 1743/1889/4479 1744/1890/4479
f 1745/1891/4480 1700/1843/4480 1742/1888/4480
f 1743/1889/4481 1885/2059/4481 1746/1892/4481
f 1744/1890/2227 1746/1892/4482 1747/1893/2228
f 1748/1894/2230 1697/1840/4483 1745/1891/2231
f 1746/1892/2478 1884/2058/2477 1749/1895/4484
f 1747/1893/4485 1749/1895/4485 1750/1896/4485
f 1693/1836/4486 1696/1839/4486 1748/1894/4486
f 1750/1896/4487 1749/1895/4487 1086/1180/4487
f 1751/1897/2238 1752/1898/4488 1689/1832/2239
f 1750/1896/4489 1689/1832/4489 1691/1834/4489
f 1752/1898/2241 1751/1897/4490 1081/1175/2242
f 1753/1899/2244 1754/1900/4491 1686/1829/2245
f 1752/1898/4492 1686/1829/4492 1687/1830/4492
f 1754/1900/4493 1753/1899/4493 1076/1170/4493
f 1755/1901/4494 1756/1902/4494 1682/1825/4494
f 1754/1900/4495 1682/1825/4495 1684/1827/4495
f 1756/1902/4496 1755/1901/4496 1071/1165/4496
f 1757/1903/4497 1759/1905/4498 1758/1904/4499
f 1756/1902/4500 1758/1904/4500 1683/1826/4500
f 1759/1905/4501 1761/1907/4501 1760/1906/4501
f 1758/1904/2257 1760/1906/4502 1675/1818/2258
f 1761/1907/4503 1762/1908/4503 1670/1813/4503
f 1760/1906/4504 1670/1813/4504 1673/1816/4504
f 1762/1908/4505 1761/1907/4505 1763/1909/4505
f 1764/1910/2263 1766/1912/4506 1765/1911/2264
f 1762/1908/4507 1765/1911/4507 1667/1810/4507
f 1766/1912/2267 1764/1910/4508 1767/1913/2268
f 1766/1912/4509 1768/1914/4509 1769/1915/4509
f 1770/1916/4510 1664/1807/4510 1765/1911/4510
f 1768/1914/4511 1858/2026/4511 1771/1917/4511
f 1769/1915/4512 1771/1917/4512 1772/1918/4512
f 1773/1919/4513 1661/1804/4513 1770/1916/4513
f 1771/1917/4514 1856/2021/4514 1774/1920/4514
f 1772/1918/2278 1774/1920/4515 1775/1921/2279
f 1776/1922/4516 1658/1801/4516 1773/1919/4516
f 1774/1920/4517 1854/2020/4517 1777/1923/4517
f 1775/1921/4518 1777/1923/4518 1778/1924/4518
f 1779/1925/4519 1655/1798/4519 1776/1922/4519
f 1777/1926/4520 1851/2015/4520 1780/1927/4520
f 1778/1928/2286 1780/1927/4521 1781/1929/2286
f 1782/1931/4522 1650/1793/4522 1779/1925/4522
f 1780/1927/4523 1848/2012/4523 1783/1932/4523
f 1781/1929/4524 1783/1932/4524 1784/1933/4524
f 1785/1934/2291 1651/1937/4525 1782/1930/2292
f 1785/1934/4526 1784/1933/4526 1786/1935/4526
f 1787/1936/4527 1653/1940/4527 1651/1937/4527
f 1787/1936/4528 1786/1935/4528 1788/1938/4528
f 1789/1939/4529 1642/1783/4529 1653/1940/4529
f 1786/1935/4530 1866/2034/4530 1790/1941/4530
f 1788/1938/4531 1790/1941/4531 1791/1942/4531
f 1792/1943/2300 1643/1784/4532 1789/1939/2301
f 1792/1943/2303 1791/1942/4533 1793/1944/2304
f 1794/1945/4534 104/107/4534 1643/1784/4534
f 1791/1942/4535 1870/2038/4535 1795/1946/4535
f 1793/1944/4536 1795/1946/4536 1796/1947/4536
f 1797/1948/4537 107/111/4537 1794/1945/4537
f 1797/1948/4538 1796/1947/4538 1798/1949/4538
f 1799/1950/4539 1800/1951/4539 107/111/4539
f 1800/1951/4540 1799/1950/4540 1801/1952/4540
f 1800/1951/4541 1802/1953/4541 112/1954/4541
f 111/1955/4542 102/105/4542 107/111/4542
f 1802/1956/4543 1801/1960/4543 1803/1957/4543
f 1268/1374/4544 113/118/4544 112/1958/4544
f 1799/1950/4545 1798/1949/4545 1804/1959/4545
f 1801/1960/4546 1804/2229/4546 1805/1961/4546
f 1805/1961/2319 1804/2229/4547 1806/1962/2320
f 1807/1963/4548 1809/1965/4548 1808/1964/4548
f 1808/1964/4003 1264/1370/4002 1803/1957/4549
f 1809/1965/4550 1807/1963/4550 1810/1966/4550
f 1809/1965/4551 1811/1967/4551 1812/1968/4551
f 1813/1969/4552 1260/1366/4552 1808/1964/4552
f 1812/1968/4553 1811/1967/4553 1814/1970/4553
f 1812/1968/4554 1815/1971/4554 1816/1972/4554
f 1817/1973/3995 1256/1362/3994 1813/1969/4555
f 1815/1971/2330 1823/1982/4556 1818/1974/2331
f 1816/1972/2333 1818/1974/4557 1819/1975/2334
f 1820/1976/4558 1254/1360/4558 1817/1973/4558
f 1819/1975/4559 1821/1977/4559 127/133/4559
f 124/130/4560 123/129/4560 1820/1976/4560
f 1818/1974/2339 1822/1981/4561 1821/1977/2340
f 1822/1978/4562 998/1090/4562 997/1979/4562
f 1822/1981/4563 1818/1974/4563 1823/1982/4563
f 1824/1984/2344 1000/1092/4564 998/1090/2345
f 1823/1982/4565 1883/2055/4565 1825/1985/4565
f 1825/1986/4566 1826/1989/4566 1000/1987/4566
f 1826/1989/4567 1004/1097/4567 1001/1990/4567
f 1826/1989/4568 1825/1986/2464 121/127/2463
f 120/126/4569 1827/1991/4569 1004/1097/4569
f 1827/1991/4570 1009/1102/4570 1005/1098/4570
f 1827/1991/4571 120/126/4571 119/125/4571
f 1828/1992/4572 1829/1993/4572 1009/1102/4572
f 1829/1993/4573 1014/1107/3766 1010/1103/3765
f 1829/1993/4574 1828/1992/4574 1830/1994/4574
f 1831/1995/4575 1832/1996/4575 1014/1107/4575
f 1832/1996/4576 1019/1112/4576 1015/1108/4576
f 1832/1996/4577 1831/1995/4577 1833/1997/4577
f 1832/1996/4578 1834/1998/4578 1835/1999/4578
f 1024/1117/4579 1020/1113/4579 1019/1112/4579
f 1834/1998/2362 1871/2039/4580 1836/2000/2363
f 1835/1999/2365 1836/2000/4581 1837/2001/2366
f 1838/2002/4582 1025/1118/4582 1024/1117/4582
f 1836/2000/4583 1867/2035/4583 1839/2003/4583
f 1837/2001/4584 1839/2003/4584 1840/2004/4584
f 1841/2005/4585 1029/1122/4585 1838/2002/4585
f 1839/2003/4586 1865/2033/4586 1842/2006/4586
f 1840/2004/4587 1842/2006/4587 1843/2007/4587
f 1844/2008/2374 1032/1125/4588 1841/2005/2375
f 1842/2006/2377 1864/2032/4589 1845/2009/2378
f 1843/2007/4590 1845/2009/4590 1846/2010/4590
f 1847/2011/2381 1035/1128/4591 1844/2008/2382
f 1845/2009/2384 1783/1932/4592 1848/2012/2385
f 1846/2010/4593 1848/2012/4593 1849/2013/4593
f 1850/2014/4594 1038/1131/4594 1847/2011/4594
f 1848/2012/4595 1780/1927/4595 1851/2015/4595
f 1849/2013/4596 1851/2015/4596 1852/2016/4596
f 1853/2017/3793 1041/1134/3792 1850/2014/4597
f 1851/2015/2392 1777/1926/4598 1854/2018/2393
f 1852/2016/4599 1854/2018/4599 1855/2019/4599
f 1049/1142/4600 1045/1138/4600 1853/2017/4600
f 1854/2020/4601 1774/1920/4601 1856/2021/4601
f 1855/2022/4602 1856/2021/4602 1857/2023/4602
f 1857/2023/2403 1054/1148/2402 1050/2025/4603
f 1856/2021/4604 1771/1917/4604 1858/2026/4604
f 1858/2026/4605 1859/2027/4605 1054/1148/4605
f 1859/2027/4606 1059/1153/4606 1055/1149/4606
f 1859/2027/2405 1858/2026/4607 1768/1914/2406
f 1767/1913/4608 1860/2028/4608 1059/1153/4608
f 1860/2028/4609 1861/2029/4609 1060/1154/4609
f 1860/2028/4610 1767/1913/4610 1764/1910/4610
f 1763/1909/4611 1863/2031/4611 1861/2029/4611
f 1862/2030/4612 1064/1158/4612 1861/2029/4612
f 1863/2031/4613 1763/1909/4613 1761/1907/4613
f 1863/2031/4614 1759/1905/4498 1757/1903/4497
f 1864/2032/4615 1784/1933/4615 1783/1932/4615
f 1864/2032/4616 1842/2006/4616 1865/2033/4616
f 1866/2034/4617 1786/1935/4617 1784/1933/4617
f 1865/2033/4618 1839/2003/4618 1867/2035/4618
f 1868/2036/2419 1790/1941/4619 1866/2034/2420
f 1868/2036/4620 1867/2035/4620 1869/2037/4620
f 1870/2038/4621 1791/1942/4621 1790/1941/4621
f 1867/2035/4622 1836/2000/4622 1871/2039/4622
f 1869/2037/4623 1871/2039/2458 1872/2040/2460
f 1873/2041/4624 1795/1946/4624 1870/2038/4624
f 1873/2041/4625 1872/2040/4625 1874/2042/4625
f 1875/2043/4626 1796/1947/4626 1795/1946/4626
f 1875/2043/2429 1874/2042/2428 1876/2044/4627
f 1877/2045/4628 1798/1949/4628 1796/1947/4628
f 1876/2044/4629 1878/2047/4629 1806/2046/4629
f 1806/2046/2434 1804/1959/4630 1798/1949/2435
f 1878/2047/4631 1876/2044/4631 1879/2048/4631
f 1880/2050/4632 1881/2052/2444 1810/1966/2446
f 1878/2051/2439 1810/1966/4633 1807/1963/2440
f 1881/2052/4634 1880/2050/4634 117/122/4634
f 116/121/4635 1883/2055/4635 1814/1970/4635
f 1881/2052/4636 1814/1970/4636 1811/1967/4636
f 1880/2049/4637 1879/2048/4637 118/124/4637
f 1882/2054/4638 1830/1994/4638 118/124/4638
f 1879/2048/2451 1876/2044/4639 1874/2042/2452
f 1882/2054/2454 1833/1997/4640 1831/1995/2455
f 1882/2054/4641 1874/2042/4641 1872/2040/4641
f 1871/2039/4642 1834/1998/4642 1833/1997/4642
f 1828/1992/4643 119/125/4643 118/124/4643
f 1883/2055/4644 116/121/4644 121/2056/4644
f 1883/2055/2465 1823/1982/4645 1815/1971/2466
f 1821/2057/2468 997/1088/4646 1247/1351/2469
f 1071/1165/4647 1067/1161/4647 1862/2030/4647
f 1755/1901/4648 1076/1170/4648 1072/1166/4648
f 1753/1899/4649 1081/1175/4649 1077/1171/4649
f 1751/1897/4650 1086/1180/4650 1082/1176/4650
f 1884/2058/3827 1087/1181/3826 1086/1180/4651
f 1885/2059/4652 1091/1185/4652 1884/2058/4652
f 1886/2060/4653 1095/1189/4653 1885/2059/4653
f 1887/2061/4654 1099/1193/4654 1886/2060/4654
f 1738/1884/2481 1104/1198/4655 1102/1196/2482
f 1677/1820/4656 1676/1819/4656 1888/2062/4656
f 1672/1815/4657 1671/1814/4657 1889/2063/4657
f 1676/1819/4658 1889/2063/4658 1618/1758/4658
f 1671/1814/4659 1891/2065/4659 1890/2064/4659
f 1889/2063/4660 1890/2064/4660 1620/1760/4660
f 1891/2065/4661 1893/2067/4661 1892/2066/4661
f 1890/2064/2490 1892/2066/4662 1622/1762/2491
f 1893/2067/4663 1895/2069/4663 1894/2068/4663
f 1892/2066/4664 1894/2068/4664 1624/1764/4664
f 1895/2069/4665 1896/2070/4665 1629/1769/4665
f 1894/2068/4666 1629/1769/4666 1627/1767/4666
f 1896/2070/4667 1895/2069/4667 1897/2071/4667
f 1898/2072/4668 1899/2073/4668 1632/1772/4668
f 1896/2070/4669 1632/1772/4669 1630/1770/4669
f 1899/2073/4670 1898/2072/4670 1900/2074/4670
f 1901/2075/4671 1902/2076/4671 1635/1775/4671
f 1899/2073/2506 1635/1775/4672 1633/1773/2507
f 1902/2076/4673 1901/2075/4673 89/92/4673
f 94/97/72 93/96/71 1638/1778/2511
f 1902/2076/4674 1638/1778/4674 1636/1776/4674
f 1901/2075/4675 1900/2074/4675 1903/2077/4675
f 1904/2078/4676 1659/1802/4676 1905/2079/4676
f 1903/2077/4677 1905/2079/4677 90/93/4677
f 1903/2077/4678 1900/2074/4678 1906/2080/4678
f 1907/2081/2520 1662/1805/4679 1904/2078/2521
f 1900/2074/4680 1898/2072/4680 1897/2071/4680
f 1906/2080/4681 1897/2071/4681 1908/2082/4681
f 1909/2083/4682 1665/1808/4682 1907/2081/4682
f 1897/2071/4683 1895/2069/4683 1893/2067/4683
f 1908/2082/4684 1893/2067/4684 1891/2065/4684
f 1891/2065/4685 1671/1814/4685 1668/1811/4685
f 1905/2079/4686 1656/1799/4686 91/94/4686
f 1639/1779/4687 1638/1778/4687 93/96/4687
f 1730/1875/4306 1566/1702/4305 1135/2084/4688
f 1910/2085/4689 1377/1490/4689 1563/1697/4689
f 1911/2086/2537 1381/1494/4690 1910/2085/2538
f 1912/2087/4122 1384/1497/4121 1911/2086/4691
f 1913/2088/4692 1387/1500/4692 1912/2087/4692
f 1914/2089/4693 1390/1506/4693 1913/2090/4693
f 1915/2091/4694 1393/1507/4694 1914/2089/4694
f 1916/2092/4695 1396/1512/4695 1915/2091/4695
f 1917/2093/4696 1399/1515/4696 1916/2092/4696
f 1918/2094/4697 1402/1518/4697 1917/2093/4697
f 1919/2095/2549 1405/1521/4698 1918/2094/2550
f 1920/2096/4699 1408/1524/4699 1919/2095/4699
f 1921/2097/4700 1411/1527/4700 1920/2096/4700
f 1922/2098/4701 1414/1530/4701 1921/2097/4701
f 1493/1621/4702 1417/1536/4702 1922/2099/4702
f 1438/1565/4703 1436/1561/4703 1434/1558/4703
f 1468/1596/4704 1441/1569/4704 1439/1566/4704
f 1464/1592/2562 1444/1572/4705 1442/1570/2563
f 1460/1588/4706 1447/1575/4706 1445/1573/4706
f 1923/2100/3903 1167/1266/3902 1556/1690/4707
f 1924/2101/2567 1234/1336/4708 1232/1334/2568
f 1924/2101/4709 1299/1409/4709 1925/2102/4709
f 1926/2103/4710 1927/2104/4711 1234/1336/4712
f 1927/2104/4711 1926/2103/4710 1928/2105/4713
f 1929/2106/4714 1239/1341/4714 1237/1339/4714
f 1927/2104/4715 1237/1339/4715 1235/1337/4715
f 1929/2106/4716 1928/2105/4716 1930/2107/4716
f 1931/2108/4717 1241/1343/4717 1239/1341/4717
f 1931/2108/4718 1930/2107/4718 1932/2109/4718
f 1933/2110/4719 1243/1345/4719 1241/1343/4719
f 1930/2107/4720 1945/2131/4720 1934/2111/4720
f 1932/2109/4721 1934/2111/4721 1935/2112/4721
f 1936/2113/4722 1248/1353/4722 1933/2110/4722
f 1935/2114/4723 1938/2118/4723 1937/2115/4723
f 1937/2115/4724 1250/1356/4724 1248/2117/4724
f 1938/2118/4725 1939/2119/4725 1257/1363/4725
f 1937/2115/4726 1257/1363/4726 1252/1358/4726
f 1939/2119/4727 1261/1367/4727 1258/1364/4727
f 1939/2119/4728 1938/2118/4728 97/100/4728
f 96/99/4729 1940/2120/2589 1261/1367/2591
f 1940/2120/4730 1265/1371/4730 1262/1368/4730
f 1940/2120/4731 96/99/4731 99/102/4731
f 1941/2121/4732 1274/1382/4732 1265/1371/4732
f 1941/2121/4733 1279/2122/4733 1275/1383/4733
f 1941/2121/4734 99/102/4734 98/101/4734
f 1938/2118/4735 1935/2114/4735 100/103/4735
f 1934/2111/4736 1942/2124/4736 100/2123/4736
f 1942/2124/4737 1944/2127/4737 1289/2125/4737
f 1943/2126/4738 101/2230/4738 100/2123/4738
f 1934/2111/2600 1945/2131/4739 1944/2127/2601
f 1943/2128/2603 1289/1398/4740 1285/1394/2604
f 1284/1393/4741 98/2133/4741 101/2129/4741
f 1944/2127/4742 1294/1404/4742 1290/2130/4742
f 1945/2131/4743 1946/2132/4743 1294/1404/4743
f 1946/2132/4744 1925/2102/4744 1295/1405/4744
f 1945/2131/4745 1930/2107/4745 1928/2105/4745
f 1946/2132/4746 1928/2105/4746 1926/2103/4746
f 1280/1389/4747 1279/1388/4747 98/2133/4747
f 1270/1376/4748 1266/1372/4748 1265/1371/4748
f 109/113/4749 114/2225/4749 1271/1380/4749
f 1175/1274/4750 1169/1268/4750 1923/2100/4750
f 1947/2134/4751 840/906/4751 838/904/4751
f 1948/2135/4752 1950/2137/4752 1098/1192/4752
f 1101/1195/2622 845/911/4753 840/906/2623
f 1948/2135/2620 838/904/2619 836/902/4754
f 1949/2136/4755 1951/2138/4755 1950/2137/4755
f 1951/2138/4756 1949/2136/2753 833/899/2755
f 1952/2139/4757 1953/2140/4757 1094/1188/4757
f 1951/2138/2631 1094/1188/4758 1097/1191/2632
f 1953/2140/4759 1952/2139/4759 830/896/4759
f 1954/2141/4760 1955/2142/4760 1090/1184/4760
f 1953/2140/4761 1090/1184/3825 1092/1186/3824
f 1955/2142/4762 1954/2141/4762 1956/2143/4762
f 1957/2144/4763 1959/2146/4763 1085/1179/4763
f 1955/2142/2641 1085/1179/4764 1088/1182/2642
f 1957/2144/2644 2002/2201/4765 1958/2145/2644
f 1959/2146/4766 1958/2145/4766 1960/2147/4766
f 1959/2146/4767 1080/1174/4767 1083/1177/4767
f 1958/2145/4768 2001/2200/4768 1961/2148/4768
f 1961/2148/4769 1962/2149/4769 1075/1169/4769
f 1960/2147/4770 1075/1169/4770 1078/1172/4770
f 1962/2149/4771 1961/2148/4771 820/886/4771
f 1963/2150/4772 1964/2151/4772 1070/1164/4772
f 1962/2149/4773 1070/1164/4773 1073/1167/4773
f 1964/2151/4774 1963/2150/4774 816/881/4774
f 1965/2152/4775 1966/2153/4775 1066/1160/4775
f 1964/2151/2656 1066/1160/2655 1068/1162/4776
f 1966/2153/4777 1965/2152/4777 813/2154/4777
f 1967/2155/4778 1969/2160/4778 1968/2156/4778
f 1966/2153/4779 1968/2156/4779 1063/1157/4779
f 1969/2157/4780 1967/2198/4780 810/874/4780
f 1970/2158/4781 1971/2161/2669 1058/2159/2671
f 1969/2160/2664 1058/1152/2663 1062/1156/4782
f 1971/2161/4783 1970/2158/4783 807/871/4783
f 1972/2162/4784 1973/2164/4784 1053/1146/4784
f 1971/2161/4785 1053/1146/4785 1056/2163/4785
f 1973/2164/4786 1972/2162/2741 804/868/2743
f 1974/2165/4787 1975/2166/4787 1048/1141/4787
f 1973/2164/4788 1048/1141/4788 1051/1144/4788
f 1975/2166/4789 1974/2165/4789 801/865/4789
f 1976/2167/4790 1977/2168/4790 1044/1137/4790
f 1975/2166/4791 1044/1137/3790 1046/1139/3791
f 1977/2168/4792 1976/2167/4792 798/862/4792
f 1978/2169/4793 1979/2170/4793 1040/1133/4793
f 1977/2168/2682 1040/1133/4794 1043/1136/2683
f 1979/2170/4795 1978/2169/4795 795/859/4795
f 1979/2170/4796 1980/2171/4796 1981/2172/4796
f 1979/2170/2687 1982/2173/4797 1037/1130/2688
f 1981/2172/4798 1980/2171/4798 792/856/4798
f 1981/2172/2690 1983/2174/2690 1984/2175/4799
f 1985/2176/4800 1034/1127/4800 1982/2173/4800
f 1984/2175/2694 1983/2174/4801 789/853/2695
f 1984/2175/4802 1986/2177/4802 1987/2178/4802
f 1988/2179/4803 1031/1124/4803 1985/2176/4803
f 1986/2177/4804 786/850/4804 1989/2180/4804
f 1987/2178/4805 1989/2180/4805 1990/2181/4805
f 1991/2182/4806 1028/1121/4806 1988/2179/4806
f 1990/2181/4807 1989/2180/4807 783/847/4807
f 1992/2183/4808 1993/2184/4808 1023/1116/4808
f 1023/1116/3772 1027/1120/3772 1991/2182/4809
f 1993/2184/4810 1992/2183/4810 780/842/4810
f 1994/2185/4811 1995/2186/4811 1018/1111/4811
f 1993/2184/4812 1018/1111/4812 1021/1114/4812
f 1995/2186/4813 1994/2185/4813 777/2187/4813
f 1996/2188/4814 1997/2192/2716 1013/1106/2718
f 1995/2186/4815 1013/1106/4815 1016/1109/4815
f 1997/2189/2713 1996/2196/4816 774/835/2713
f 1998/2190/4817 1999/2193/4818 1008/2191/4819
f 1997/2192/4820 1008/1101/4820 1011/1104/4820
f 1999/2193/4818 1998/2190/4817 771/832/4821
f 2000/2194/4822 133/139/4822 1003/1095/4822
f 1999/2193/4823 1003/1095/4823 1006/2195/4823
f 2000/2194/4824 771/832/4824 769/830/4824
f 768/829/4825 130/136/4825 133/139/4825
f 1998/2190/4826 774/835/4826 772/833/4826
f 1996/2196/4827 777/838/4827 775/836/4827
f 1994/2185/4828 780/842/4828 778/2197/4828
f 1992/2183/4829 783/847/4829 781/843/4829
f 1989/2180/2730 786/850/4830 784/848/2731
f 1986/2177/4831 789/853/4831 787/851/4831
f 1983/2174/4832 792/856/4832 790/854/4832
f 1980/2171/4833 795/859/4833 793/857/4833
f 1978/2169/4834 798/862/4834 796/860/4834
f 1976/2167/2737 801/865/4835 799/863/2738
f 1974/2165/4836 804/868/4836 802/866/4836
f 1972/2162/4837 807/871/4837 805/869/4837
f 1970/2158/4838 810/874/4838 808/872/4838
f 1967/2198/4839 813/877/4839 811/875/4839
f 1965/2152/4840 816/881/3557 814/2199/3556
f 1963/2150/4841 820/886/4841 817/882/4841
f 2001/2200/4842 821/887/4842 820/886/4842
f 2002/2201/4843 824/890/4843 2001/2200/4843
f 1956/2143/4844 826/892/4844 2002/2201/4844
f 1954/2141/4845 830/896/4845 828/894/4845
f 1952/2139/4846 833/899/4846 831/897/4846
f 1949/2136/4847 836/902/4847 834/900/4847
f 924/2202/4848 917/995/4848 1174/1273/4848
f 596/622/4849 23/23/4849 26/26/4849
f 766/827/4850 765/826/3745 130/136/3744
f 698/749/4851 696/747/4851 13/13/4851
f 50/52/4852 2008/2231/4853 32/2203/4854
f 593/619/4855 592/618/4855 24/24/4855
f 580/606/4856 259/267/4856 255/263/4856
f 254/262/4857 575/601/4857 578/604/4857
f 583/609/4858 2003/2204/4858 259/267/4858
f 2003/2204/4859 264/274/4859 260/268/4859
f 2003/2204/4860 583/609/4860 586/612/4860
f 31/31/4861 30/30/4862 264/274/4863
f 575/601/4864 254/262/4864 252/260/4864
f 251/259/2771 570/596/4865 573/599/2772
f 570/596/4866 251/259/4866 248/256/4866
f 247/255/4867 565/591/4868 568/594/4869
f 565/591/4868 247/255/4867 243/251/4870
f 242/250/4871 560/586/4871 563/589/4871
f 560/586/4872 242/250/4872 238/2205/4872
f 237/2206/4873 556/582/4873 558/584/4873
f 556/2207/4874 237/244/4874 233/240/4874
f 232/239/4875 2004/2208/3276 552/575/3276
f 2004/2208/2782 232/239/4876 228/235/2783
f 227/234/4877 548/571/4877 551/574/4877
f 548/571/4878 227/234/4878 223/230/4878
f 222/229/4879 543/566/4879 546/569/4879
f 543/566/4880 222/229/4880 218/225/4880
f 217/224/4881 538/561/558 541/564/3265
f 538/561/2790 217/224/4882 213/220/2791
f 212/219/4883 533/556/4883 536/559/4883
f 533/556/4884 212/219/4884 208/215/4884
f 207/214/4885 528/551/4885 531/554/4885
f 528/551/2796 207/214/4886 203/210/2797
f 202/209/4887 523/546/4887 526/549/4887
f 523/546/2800 202/209/2967 198/205/2801
f 197/204/4888 518/541/4888 521/544/4888
f 518/541/4889 197/204/4889 193/200/4889
f 192/199/4890 513/536/4890 516/539/4890
f 513/536/4891 192/199/4891 188/195/4891
f 187/194/4892 508/531/4892 511/534/4892
f 508/531/2809 187/194/4893 183/190/2810
f 182/189/4894 503/526/3244 506/529/3243
f 503/526/4895 182/189/4895 178/2209/4895
f 177/2210/4896 498/521/3239 501/524/3238
f 498/2211/4897 177/183/4897 173/179/4897
f 172/178/2816 493/515/4898 496/2212/2817
f 493/515/4899 172/178/4899 168/174/4899
f 167/173/4900 488/510/4900 491/513/4900
f 488/510/2821 167/173/4901 163/169/2822
f 162/168/4902 483/505/4902 486/508/4902
f 483/505/2825 162/168/4903 158/164/2826
f 157/163/4904 478/500/4904 481/503/4904
f 478/500/2829 157/163/4905 154/160/2829
f 2005/2213/4906 473/495/4906 476/498/4906
f 473/495/2832 2005/2213/2933 151/157/115
f 150/156/2833 468/490/4907 471/493/504
f 468/490/4908 150/156/4908 147/153/4908
f 138/144/4909 137/143/4909 466/488/4909
f 347/358/4910 84/87/4910 83/86/4910
f 355/366/4911 59/62/4911 57/60/4911
f 279/290/4912 54/57/4912 53/2214/4912
f 274/285/4913 2007/2221/4913 2006/2215/4913
f 277/288/2840 2006/2215/4914 55/58/2841
f 2007/2216/4915 33/33/4915 2008/2217/4915
f 2006/2219/4916 2008/2231/4853 50/52/4852
f 2007/2221/4917 274/285/4917 270/281/4917
f 269/2222/4918 30/30/4918 33/33/4918
f 265/275/4919 264/274/4863 30/30/4862
f 249/257/4920 6/5/4920 392/2223/4920
f 111/115/4921 110/114/4921 105/108/4921
o Sphere_Sphere.002
v -0.480631 -1.052531 0.350517
v 0.513373 1.093344 -0.115642
v 0.494910 1.353131 -0.123469
v 0.483952 1.353131 0.148710
v 0.502415 1.093344 0.156537
v 0.156537 1.093344 -0.502415
v -0.502415 1.093344 -0.156537
v 0.243486 1.052430 -0.547836
v 0.319933 0.517794 -0.793197
v 0.253283 0.416750 -0.812925
v 0.579412 0.517794 -0.629126
v 0.484783 1.052430 -0.352697
v 0.565636 1.052430 -0.198658
v 0.816348 0.517794 -0.255134
v -0.942765 -0.448797 0.099371
v -1.107671 -0.423962 0.111140
v -0.761808 -1.063573 0.118517
v -0.984680 0.362552 0.086312
v -1.149585 0.387387 0.098081
v -0.973722 0.362552 -0.185868
v -0.931808 -0.448797 -0.172809
v -1.096713 -0.423962 -0.161040
v -0.596903 -1.088408 0.106748
v -0.750850 -1.063573 -0.153663
v -0.585945 -1.088408 -0.165432
v 0.480263 1.574546 0.148684
v 0.479715 1.607449 0.148662
v -0.504751 1.590824 0.109028
v -0.501906 1.538150 -0.172945
v 0.501370 1.555492 -0.132469
v 0.491544 1.555132 -0.123482
v 0.490673 1.607449 -0.123517
v -0.493793 1.590824 -0.163151
v 0.480586 1.555132 0.148697
v 0.489658 1.555492 0.158445
v -0.513625 1.538150 0.118138
v -0.493245 1.557921 -0.163129
v -0.502317 1.557561 -0.172877
v -0.514030 1.557561 0.118037
v 0.491221 1.574546 -0.123495
v -0.504203 1.557921 0.109050
v 0.489246 1.574903 0.158513
v 0.500965 1.574903 -0.132570
v -0.492922 1.538507 -0.163116
v -0.489556 1.336506 -0.163103
v -0.503880 1.538507 0.109063
v 0.390526 1.052430 -0.454861
v -0.119528 0.517794 -0.846895
v -0.063053 1.052430 -0.596183
v 0.110775 1.052430 -0.589185
v -0.352697 1.052430 -0.484783
v -0.198658 1.052430 -0.565636
v -0.255134 0.517794 -0.816348
v -0.793196 0.517794 -0.319933
v -0.547836 1.052430 -0.243486
v -0.454861 1.052430 -0.390526
v -0.846895 0.517794 0.119528
v -0.596183 1.052430 0.063053
v -0.589185 1.052430 -0.110775
v -0.484783 1.052430 0.352697
v -0.565636 1.052430 0.198658
v -0.816348 0.517794 0.255134
v -0.319933 0.517794 0.793196
v -0.243486 1.052430 0.547836
v -0.390526 1.052430 0.454861
v 0.119528 0.517794 0.846895
v 0.063053 1.052430 0.596183
v -0.110775 1.052430 0.589185
v 0.352697 1.052430 0.484783
v 0.198658 1.052430 0.565636
v 0.255134 0.517794 0.816348
v 0.547836 1.052430 0.243486
v 0.454861 1.052430 0.390526
v 0.629126 0.517794 0.579411
v 0.596183 1.052430 -0.063053
v 0.589185 1.052430 0.110775
v 0.834545 0.517794 0.187222
v 0.347741 0.330036 -0.855079
v 0.623301 0.330036 -0.680867
v 0.623300 -0.332853 -0.680867
v -0.126450 0.330036 -0.914381
v 0.199299 0.330036 -0.901312
v 0.199299 -0.332853 -0.901312
v -0.566750 0.330036 -0.728614
v -0.278118 0.330036 -0.880189
v -0.278118 -0.332853 -0.880189
v -0.855150 0.330036 -0.347564
v -0.680995 0.330036 -0.623160
v -0.680995 -0.332853 -0.623160
v -0.914355 -0.332853 0.126639
v -0.914355 0.330036 0.126639
v -0.901353 0.330036 -0.199113
v -0.728497 0.330036 0.566900
v -0.880132 0.330036 0.278300
v -0.880132 -0.332853 0.278300
v -0.347388 0.330036 0.855222
v -0.623020 0.330036 0.681124
v -0.623020 -0.332853 0.681124
v 0.126827 0.330036 0.914329
v -0.198927 0.330036 0.901394
v -0.198927 -0.332853 0.901394
v 0.567050 0.330036 0.728380
v 0.278482 0.330036 0.880075
v 0.278482 -0.332853 0.880075
v 0.855294 0.330036 0.347212
v 0.681252 0.330036 0.622879
v 0.681252 -0.332853 0.622879
v 0.914303 0.330036 -0.127016
v 0.901435 0.330036 0.198741
v 0.901435 -0.332853 0.198741
v 0.728263 0.330036 -0.567200
v 0.880017 0.330036 -0.278663
v 0.880017 -0.332853 -0.278663
v 0.591498 -1.052531 -0.063241
v 0.842210 -0.517895 -0.119717
v 0.829860 -0.517895 0.187033
v 0.789233 -0.517895 0.317427
v 0.625163 -0.517895 0.576906
v 0.450898 -1.052531 0.388020
v 0.350517 -1.052531 0.480631
v 0.524783 -0.517895 0.669517
v 0.252955 -0.517895 0.812197
v 0.063241 -1.052531 0.591498
v 0.119717 -0.517895 0.842210
v -0.187033 -0.517895 0.829860
v -0.317427 -0.517895 0.789233
v -0.576906 -0.517895 0.625163
v -0.388020 -1.052531 0.450898
v -0.669517 -0.517895 0.524782
v -0.812197 -0.517895 0.252955
v -0.561484 -1.052531 0.196479
v -0.591497 -1.052531 0.063241
v -0.842210 -0.517895 0.119717
v -0.829860 -0.517895 -0.187033
v -0.789233 -0.517895 -0.317427
v -0.625163 -0.517895 -0.576906
v -0.450898 -1.052531 -0.388020
v -0.524782 -0.517895 -0.669517
v -0.252954 -0.517895 -0.812197
v -0.196479 -1.052531 -0.561484
v -0.063241 -1.052531 -0.591497
v -0.119717 -0.517895 -0.842210
v 0.187033 -0.517895 -0.829860
v 0.317427 -0.517895 -0.789233
v 0.576906 -0.517895 -0.625163
v 0.388020 -1.052531 -0.450898
v 0.669517 -0.517895 -0.524782
v 0.812196 -0.517895 -0.252954
v 0.561484 -1.052531 -0.196479
v 0.386773 1.093344 -0.356836
v 0.625812 0.416750 -0.577372
v 0.673669 0.517794 -0.526962
v 0.830655 0.416750 -0.187113
v 0.846895 0.517794 -0.119528
v 0.812925 0.416750 0.253283
v 0.793196 0.517794 0.319933
v 0.356836 1.093344 0.386773
v 0.577372 0.416750 0.625812
v 0.526962 0.517794 0.673668
v 0.115642 1.093344 0.513373
v 0.187113 0.416750 0.830655
v -0.156537 1.093344 0.502415
v -0.253283 0.416750 0.812925
v -0.187222 0.517794 0.834545
v 0.914303 -0.332853 -0.127016
v 0.728263 -0.332853 -0.567200
v 0.347741 -0.332853 -0.855079
v 0.253283 -0.419567 -0.812925
v 0.830655 -0.419567 -0.187113
v 0.625812 -0.419567 -0.577372
v 0.855294 -0.332853 0.347212
v -0.513373 1.093344 0.115642
v -0.830655 0.416750 0.187113
v -0.386773 1.093344 0.356836
v -0.673669 0.517794 0.526962
v -0.625812 0.416750 0.577373
v -0.579412 0.517794 0.629126
v -0.812925 0.416750 -0.253283
v -0.834545 0.517794 -0.187222
v -0.356836 1.093344 -0.386773
v -0.577372 0.416750 -0.625812
v -0.629126 0.517794 -0.579412
v -0.526962 0.517794 -0.673669
v -0.115642 1.093344 -0.513373
v -0.187113 0.416750 -0.830655
v 0.187222 0.517794 -0.834545
v -0.566750 -0.332853 -0.728614
v -0.126450 -0.332853 -0.914381
v -0.187113 -0.419567 -0.830655
v -0.577372 -0.419567 -0.625812
v -0.855150 -0.332853 -0.347564
v -0.901353 -0.332853 -0.199113
v -0.728497 -0.332853 0.566900
v -0.347388 -0.332853 0.855222
v 0.126827 -0.332853 0.914329
v -0.812925 -0.419567 -0.253283
v -0.830655 -0.419567 0.187113
v -0.625812 -0.419567 0.577372
v -0.253283 -0.419567 0.812925
v 0.187113 -0.419567 0.830655
v 0.567050 -0.332853 0.728380
v 0.577372 -0.419567 0.625812
v 0.812925 -0.419567 0.253283
v 0.528062 -1.064837 -0.118951
v 0.397840 -1.064837 -0.367046
v 0.480631 -1.052531 -0.350517
v 0.161016 -1.064837 -0.516791
v 0.240980 -1.052531 -0.543872
v -0.118951 -1.064837 -0.528062
v -0.367046 -1.064837 -0.397839
v -0.350517 -1.052531 -0.480631
v 0.110586 -1.052531 -0.584499
v -0.516791 -1.064837 -0.161016
v -0.543872 -1.052531 -0.240980
v -0.528062 -1.064837 0.118951
v -0.584499 -1.052531 -0.110586
v -0.397840 -1.064837 0.367046
v -0.161016 -1.064837 0.516791
v -0.240980 -1.052531 0.543872
v 0.118951 -1.064837 0.528062
v -0.110586 -1.052531 0.584499
v 0.367046 -1.064837 0.397840
v 0.516791 -1.064837 0.161016
v 0.543872 -1.052531 0.240980
v 0.196479 -1.052531 0.561484
v 0.584499 -1.052531 0.110586
v -1.005016 1.143014 -0.178684
v -0.661279 1.106469 -0.172662
v -1.015974 1.143014 0.093496
v -0.672237 1.106469 0.099518
v -0.500514 1.336506 0.109076
v -0.667447 1.535840 -0.170143
v -0.672237 1.106469 0.099518
v -0.984680 0.362552 0.086312
v -0.973722 0.362552 -0.185868
v -0.879640 1.468514 0.095094
v -0.954809 1.384980 0.093446
v -0.779976 1.525033 -0.174224
v -0.661279 1.106469 -0.172662
v -0.868682 1.468514 -0.177086
v -1.138628 0.387387 -0.174099
v -0.678405 1.535840 0.102037
v -0.790934 1.525033 0.097956
v -0.991233 1.265939 0.091997
v -0.980275 1.265939 -0.180183
v -0.943852 1.384980 -0.178734
v 0.090979 -1.305031 0.035025
v -0.090979 -1.305031 -0.035025
v 0.035025 -1.305031 -0.090979
v -0.598098 0.696206 -0.520634
v -0.600565 0.815693 -0.541050
v -0.276299 1.005701 -0.658691
v -0.540166 0.771744 -0.445549
v -0.215899 0.961752 -0.563190
v -0.863396 1.011347 -0.207821
v -0.802553 1.055630 -0.302885
v -0.742153 1.011681 -0.207384
v -0.601456 1.455677 -0.169004
v -0.603122 1.393927 -0.273331
v -0.542722 1.349978 -0.177831
v -0.174271 1.415148 -0.457829
v -0.277879 1.363069 -0.493232
v -0.217479 1.319120 -0.397731
v -0.172196 0.945769 -0.675148
v -0.175000 1.393109 -0.000000
v -0.123744 1.393109 -0.123744
v -0.214330 1.265000 -0.214330
v -0.303109 1.265000 -0.000000
v -0.247487 1.090000 -0.247487
v 0.000000 1.265000 -0.303109
v 0.000000 1.393109 -0.175000
v 0.214330 1.265000 -0.214330
v 0.247487 1.090000 -0.247487
v 0.123743 1.393109 -0.123744
v 0.303109 1.265000 -0.000000
v 0.350000 1.090000 -0.000000
v 0.175000 1.393109 -0.000000
v 0.214330 1.265000 0.214330
v 0.123743 1.393109 0.123744
v 0.000000 1.393109 0.175000
v 0.000000 1.265000 0.303109
v 0.000000 1.090000 0.350000
v -0.123744 1.393109 0.123744
v -0.214330 1.265000 0.214330
v -0.247487 1.090000 0.247487
v 0.000000 1.440000 -0.000000
v 0.075822 -1.305031 -0.061279
v -0.015157 -1.305031 -0.096303
v -0.061279 -1.305031 -0.075822
v -0.096303 -1.305031 0.015157
v -0.075822 -1.305031 0.061279
v -0.035025 -1.305031 0.090980
v 0.015157 -1.305031 0.096303
v 0.061279 -1.305031 0.075822
v 0.096303 -1.305031 -0.015157
v -0.350000 1.090000 -0.000000
v 0.000000 1.090000 -0.350000
v 0.247487 1.090000 0.247487
vn 0.9966 0.0720 0.0401
vn -0.0000 1.0000 -0.0000
vn -0.2907 0.3645 -0.8847
vn 0.5253 -0.1843 -0.8307
vn 0.8031 0.4211 -0.4215
vn 0.0792 0.0543 0.9954
vn 0.0742 0.0199 0.9970
vn -0.0742 -0.0199 -0.9970
vn -0.1493 -0.9888 -0.0060
vn -0.0792 -0.0543 -0.9954
vn -0.0402 -0.0000 0.9992
vn 0.0181 -0.9996 -0.0203
vn -0.0169 0.9999 -0.0007
vn 0.0164 -0.9996 0.0216
vn -0.0380 0.9993 -0.0015
vn 0.0402 -0.0000 -0.9992
vn -0.9991 -0.0167 -0.0402
vn -0.9990 -0.0210 -0.0402
vn -0.0160 0.9996 -0.0217
vn 0.0402 0.0018 -0.9992
vn 0.0404 -0.0044 -0.9992
vn 0.0403 -0.0018 -0.9992
vn 0.0402 0.0006 -0.9992
vn -0.0164 0.9996 -0.0216
vn -0.0402 -0.0018 0.9992
vn -0.0401 -0.0044 0.9992
vn -0.0403 0.0018 0.9992
vn 0.0407 -0.0291 -0.9987
vn 0.9991 0.0167 0.0402
vn 0.9990 0.0211 0.0402
vn 0.0380 -0.9993 0.0015
vn -0.0402 -0.0006 0.9992
vn 0.4847 0.4211 -0.7666
vn 0.0365 0.4211 -0.9063
vn -0.4215 0.4211 -0.8031
vn -0.7666 0.4211 -0.4847
vn -0.9063 0.4211 -0.0365
vn -0.8031 0.4211 0.4215
vn -0.4847 0.4211 0.7666
vn -0.0365 0.4211 0.9063
vn 0.4215 0.4211 0.8031
vn 0.7666 0.4211 0.4847
vn 0.9063 0.4211 0.0365
vn 0.5344 -0.0000 -0.8452
vn 0.0401 -0.0000 -0.9992
vn -0.4649 -0.0000 -0.8853
vn -0.8454 -0.0000 -0.5342
vn -0.9992 -0.0000 -0.0399
vn -0.8852 -0.0000 0.4651
vn -0.5340 -0.0000 0.8455
vn -0.0397 -0.0000 0.9992
vn 0.4653 -0.0000 0.8851
vn 0.8456 -0.0000 0.5339
vn 0.9992 -0.0000 0.0395
vn 0.8851 -0.0000 -0.4655
vn 0.9063 -0.4211 0.0365
vn 0.7666 -0.4211 0.4847
vn 0.4215 -0.4211 0.8031
vn -0.0365 -0.4211 0.9063
vn -0.4847 -0.4211 0.7666
vn -0.8031 -0.4211 0.4215
vn -0.9063 -0.4211 -0.0365
vn -0.7666 -0.4211 -0.4847
vn -0.4215 -0.4211 -0.8031
vn 0.0365 -0.4211 -0.9063
vn 0.4847 -0.4211 -0.7666
vn 0.8031 -0.4211 -0.4215
vn 0.2321 0.9008 -0.3671
vn 0.9239 0.3645 -0.1167
vn 0.1906 0.3645 -0.9115
vn 0.8585 0.3645 0.3608
vn 0.6208 0.3645 -0.6941
vn 0.5630 0.3645 0.7417
vn 0.8847 0.3645 -0.2907
vn 0.8703 -0.1843 -0.4568
vn 0.9821 -0.1843 0.0395
vn 0.1167 0.3645 0.9239
vn 0.1168 0.3645 0.9239
vn 0.9115 0.3645 0.1906
vn -0.3608 0.3645 0.8585
vn 0.6941 0.3645 0.6208
vn -0.7417 0.3645 0.5630
vn 0.2907 0.3645 0.8847
vn -0.0175 0.9008 0.4339
vn 0.2018 0.9008 0.3845
vn 0.3671 0.9008 0.2321
vn 0.4339 0.9008 0.0175
vn 0.3845 0.9008 -0.2018
vn 0.6284 0.7043 -0.3303
vn 0.6286 0.7039 -0.3306
vn 0.6279 0.7050 -0.3297
vn 0.3792 0.7047 -0.5997
vn 0.3792 0.7046 -0.5998
vn 0.3792 0.7046 -0.5997
vn 0.7094 0.7043 0.0282
vn 0.7097 0.7040 0.0280
vn 0.7087 0.7049 0.0284
vn 0.5835 -0.0000 -0.8121
vn 0.8802 -0.0000 0.4746
vn 0.0988 -0.0000 -0.9951
vn 0.9997 -0.0000 -0.0243
vn -0.4075 -0.0000 -0.9132
vn 0.3792 -0.7046 -0.5997
vn 0.3792 -0.7046 -0.5998
vn 0.3792 -0.7047 -0.5997
vn 0.6284 -0.7043 -0.3303
vn 0.6278 -0.7052 -0.3295
vn 0.6279 -0.7050 -0.3297
vn 0.5246 -0.0000 0.8513
vn 0.9116 -0.0000 -0.4112
vn 0.6002 0.7043 0.3791
vn 0.6005 0.7041 0.3791
vn 0.5996 0.7049 0.3790
vn 0.8307 -0.1843 0.5253
vn 0.4568 -0.1843 0.8703
vn -0.0395 -0.1843 0.9821
vn -0.6208 0.3645 0.6941
vn -0.8585 0.3645 -0.3608
vn -0.1906 0.3645 0.9115
vn -0.9239 0.3645 0.1167
vn -0.5253 -0.1843 0.8307
vn -0.2321 0.9008 0.3671
vn -0.3845 0.9008 0.2018
vn -0.5630 0.3645 -0.7417
vn -0.8847 0.3645 0.2907
vn -0.1167 0.3645 -0.9239
vn -0.9115 0.3645 -0.1906
vn 0.3608 0.3645 -0.8585
vn -0.6941 0.3645 -0.6208
vn 0.7417 0.3645 -0.5630
vn 0.0175 0.9008 -0.4339
vn -0.2018 0.9008 -0.3845
vn -0.3671 0.9008 -0.2321
vn -0.4339 0.9008 -0.0175
vn -0.8703 -0.1843 0.4568
vn -0.9821 -0.1843 -0.0395
vn -0.8307 -0.1843 -0.5253
vn -0.4568 -0.1843 -0.8703
vn 0.0395 -0.1843 -0.9821
vn 0.0285 0.7047 -0.7089
vn 0.0284 0.7046 -0.7091
vn 0.0285 0.7046 -0.7090
vn 0.8534 -0.0000 -0.5212
vn -0.3300 0.7044 -0.6284
vn -0.3300 0.7045 -0.6283
vn -0.3299 0.7046 -0.6283
vn -0.6000 0.7045 -0.3792
vn -0.6000 0.7044 -0.3792
vn -0.5999 0.7045 -0.3791
vn -0.0256 -0.0000 -0.9997
vn -0.9947 -0.0000 -0.1028
vn 0.4781 -0.0000 -0.8783
vn -0.8098 -0.0000 -0.5867
vn 0.0285 -0.7046 -0.7090
vn 0.0284 -0.7046 -0.7091
vn 0.0285 -0.7047 -0.7089
vn -0.3299 -0.7046 -0.6283
vn -0.3300 -0.7045 -0.6283
vn -0.3300 -0.7044 -0.6284
vn -0.9126 -0.0000 0.4087
vn -0.5224 -0.0000 -0.8527
vn -0.5856 -0.0000 0.8106
vn -0.8790 -0.0000 -0.4769
vn -0.1015 -0.0000 0.9948
vn -0.9996 -0.0000 0.0269
vn 0.4100 -0.0000 0.9121
vn -0.8520 -0.0000 0.5235
vn 0.8113 -0.0000 0.5846
vn -0.4758 -0.0000 0.8796
vn -0.4757 -0.0000 0.8796
vn -0.0283 0.7045 0.7092
vn -0.0282 0.7042 0.7095
vn -0.0284 0.7047 0.7089
vn -0.3791 0.7044 0.6000
vn -0.3791 0.7042 0.6002
vn -0.3790 0.7048 0.5996
vn -0.6283 0.7045 0.3300
vn -0.6284 0.7043 0.3302
vn -0.6282 0.7047 0.3298
vn -0.7092 0.7044 -0.0283
vn -0.7093 0.7044 -0.0283
vn -0.7088 0.7048 -0.0285
vn -0.5996 -0.7048 -0.3791
vn -0.6000 -0.7044 -0.3792
vn -0.7091 -0.7045 -0.0284
vn -0.7093 -0.7044 -0.0283
vn -0.7092 -0.7044 -0.0283
vn -0.6283 -0.7045 0.3300
vn -0.6284 -0.7043 0.3302
vn -0.6283 -0.7045 0.3301
vn -0.3790 -0.7049 0.5995
vn -0.3791 -0.7042 0.6003
vn -0.3791 -0.7045 0.6000
vn -0.0285 -0.7049 0.7088
vn -0.0282 -0.7042 0.7095
vn -0.0283 -0.7046 0.7090
vn 0.9950 -0.0000 0.1001
vn 0.0282 -0.0000 0.9996
vn 0.3302 0.7044 0.6284
vn 0.3304 0.7041 0.6285
vn 0.3298 0.7048 0.6280
vn 0.3297 -0.7050 0.6280
vn 0.3304 -0.7041 0.6285
vn 0.3302 -0.7044 0.6284
vn 0.5995 -0.7050 0.3790
vn 0.6005 -0.7041 0.3791
vn 0.6003 -0.7043 0.3791
vn 0.7087 -0.7050 0.0284
vn 0.7097 -0.7040 0.0280
vn 0.7094 -0.7043 0.0282
vn 0.1632 -0.9829 -0.0857
vn 0.8763 0.1435 -0.4599
vn 0.8714 -0.3752 0.3161
vn 0.2348 -0.3752 -0.8967
vn 0.5289 0.1435 -0.8365
vn 0.0985 -0.9829 -0.1558
vn 0.0074 -0.9829 -0.1842
vn 0.0398 0.1435 -0.9889
vn -0.0857 -0.9829 -0.1632
vn -0.4599 0.1435 -0.8763
vn 0.3161 -0.3752 -0.8714
vn -0.6592 -0.3752 -0.6517
vn 0.7094 -0.3752 -0.5966
vn -0.2450 -0.3752 -0.8940
vn -0.1558 -0.9829 -0.0985
vn -0.1842 -0.9829 -0.0074
vn -0.9889 0.1435 -0.0398
vn -0.5966 -0.3752 -0.7094
vn -0.8365 0.1435 -0.5289
vn -0.1619 -0.3752 -0.9127
vn -0.8967 -0.3752 -0.2348
vn -0.8940 -0.3752 0.2450
vn -0.8763 0.1435 0.4599
vn -0.5289 0.1435 0.8365
vn -0.0398 0.1435 0.9889
vn -0.1632 -0.9829 0.0857
vn -0.0985 -0.9829 0.1558
vn -0.0074 -0.9829 0.1842
vn -0.7094 -0.3752 0.5966
vn 0.2450 -0.3752 0.8940
vn -0.9127 -0.3752 0.1620
vn -0.9127 -0.3752 0.1619
vn -0.2348 -0.3752 0.8967
vn -0.8714 -0.3752 -0.3161
vn -0.6517 -0.3752 0.6592
vn 0.4599 0.1435 0.8763
vn 0.8365 0.1435 0.5289
vn 0.1558 -0.9829 0.0985
vn 0.0857 -0.9829 0.1632
vn -0.3161 -0.3752 0.8714
vn 0.6592 -0.3752 0.6517
vn 0.8967 -0.3752 0.2348
vn 0.1620 -0.3752 0.9127
vn 0.1619 -0.3752 0.9127
vn 0.9889 0.1435 0.0398
vn 0.1842 -0.9829 0.0074
vn 0.5966 -0.3752 0.7094
vn 0.8940 -0.3752 -0.2450
vn 0.6517 -0.3752 -0.6592
vn 0.9127 -0.3752 -0.1620
vn 0.9127 -0.3752 -0.1619
vn 0.9991 0.0166 0.0402
vn 0.0186 0.0099 -0.9998
vn 0.0702 -0.0064 0.9975
vn -0.0983 0.0321 0.9946
vn 0.0469 0.0065 -0.9989
vn 0.0466 0.0063 -0.9989
vn 0.0399 0.0003 -0.9992
vn -0.0403 0.0277 0.9988
vn -0.0402 0.0272 0.9988
vn -0.0406 0.0286 0.9988
vn -0.0820 -0.9966 -0.0033
vn -0.0000 -0.0000 1.0000
vn 0.9211 -0.3875 0.0371
vn -0.0221 -0.0005 0.9998
vn -0.0254 -0.0039 0.9997
vn -0.0334 -0.0046 0.9994
vn 0.0293 0.0046 -0.9996
vn 0.0160 -0.9996 0.0217
vn 0.0177 -0.9996 -0.0203
vn -0.0181 0.9996 0.0203
vn 0.0401 0.0043 -0.9992
vn -0.0177 0.9996 0.0203
vn -0.0404 0.0044 0.9992
vn 0.0402 -0.0272 -0.9988
vn -0.0399 -0.0003 0.9992
vn 0.6278 0.7052 -0.3295
vn 0.7085 0.7052 0.0285
vn 0.6286 -0.7039 -0.3306
vn 0.5993 0.7051 0.3790
vn 0.0285 0.7048 -0.7089
vn -0.3297 0.7048 -0.6281
vn -0.5995 0.7049 -0.3791
vn 0.0285 -0.7048 -0.7089
vn -0.3297 -0.7048 -0.6281
vn -0.0285 0.7050 0.7086
vn -0.3790 0.7050 0.5994
vn -0.6280 0.7050 0.3296
vn -0.7087 0.7049 -0.0285
vn -0.5995 -0.7049 -0.3791
vn -0.7087 -0.7049 -0.0285
vn -0.6280 -0.7050 0.3296
vn -0.3790 -0.7050 0.5994
vn -0.0285 -0.7050 0.7086
vn 0.3296 0.7051 0.6279
vn 0.3296 -0.7051 0.6279
vn 0.5993 -0.7051 0.3790
vn 0.7085 -0.7052 0.0285
vn -0.0702 0.0064 -0.9975
vn -0.0186 -0.0099 0.9998
vn -0.0466 -0.0063 0.9989
vn -0.0468 -0.0065 0.9989
vn 0.0983 -0.0321 -0.9946
vn -0.0407 0.0291 0.9987
vn -0.0356 -0.0064 0.9993
vn -0.0294 -0.0046 0.9996
vn -0.0257 -0.0043 0.9997
vn -0.0159 0.0154 0.9998
vn 0.0159 -0.0154 -0.9998
vn 0.0254 0.0040 -0.9997
vn 0.0217 0.0002 -0.9998
vn 0.0218 0.0004 -0.9998
vn 0.0356 0.0064 -0.9993
vn 0.0257 0.0043 -0.9997
vn -0.0000 -1.0000 -0.0000
vn 0.9978 0.0522 0.0402
vn -0.9840 0.1738 -0.0396
vn -0.9978 -0.0522 -0.0402
vn -0.8789 -0.4757 -0.0354
vn 0.8789 0.4757 0.0354
vn -0.2476 -0.1681 -0.9542
vn -0.2718 0.7974 0.5388
vn 0.5634 -0.7582 0.3282
vn -0.8116 -0.1146 -0.5728
vn 0.6991 0.7053 -0.1176
vn -0.0006 -0.7047 0.7095
vn -0.8143 0.5051 -0.2859
vn -0.8144 0.5051 -0.2859
vn 0.7038 -0.3615 -0.6115
vn -0.0034 -0.0851 0.9964
vn -0.0033 -0.0851 0.9964
vn -0.2521 0.8345 -0.4899
vn -0.2641 -0.9287 -0.2603
vn 0.5589 0.2444 0.7924
vn 0.0982 0.4185 -0.9029
vn -0.8671 -0.2125 0.4506
vn 0.9092 -0.1716 0.3794
vn -0.7427 0.6689 -0.0299
vn -0.5367 0.8435 -0.0216
vn -0.0955 0.9954 -0.0038
vn -0.9797 0.1967 -0.0394
vn -0.9554 0.2928 -0.0385
vn -0.6786 0.6786 -0.2811
vn -0.8968 0.2403 -0.3715
vn -0.3715 0.2403 -0.8968
vn -0.2811 0.6786 -0.6786
vn 0.3715 0.2403 -0.8968
vn 0.2811 0.6786 -0.6786
vn 0.8968 0.2403 -0.3715
vn 0.6786 0.6786 -0.2811
vn 0.8968 0.2403 0.3715
vn 0.6786 0.6786 0.2811
vn 0.2811 0.6786 0.6786
vn 0.3715 0.2403 0.8968
vn -0.2811 0.6786 0.6786
vn -0.3715 0.2403 0.8968
vn -0.2573 0.9604 -0.1066
vn -0.1066 0.9604 -0.2573
vn 0.1066 0.9604 -0.2573
vn 0.2573 0.9604 -0.1066
vn 0.2573 0.9604 0.1066
vn 0.1066 0.9604 0.2573
vn -0.1066 0.9604 0.2573
vn -0.6786 0.6786 0.2811
vn -0.8968 0.2403 0.3715
vn -0.2573 0.9604 0.1066
vn 0.2836 -0.8762 -0.3896
vn 0.0197 -0.8717 -0.4897
vn -0.2278 -0.8717 -0.4339
vn -0.3896 -0.8762 -0.2836
vn -0.4897 -0.8717 -0.0197
vn -0.4404 -0.8762 0.1956
vn -0.2619 -0.8717 0.4142
vn -0.0508 -0.8762 0.4792
vn 0.2278 -0.8717 0.4339
vn 0.3896 -0.8762 0.2836
vn 0.4897 -0.8717 0.0197
vn 0.4339 -0.8717 -0.2278
vn -0.0153 0.9999 -0.0006
vn 0.2619 -0.8717 -0.4142
vn 0.0508 -0.8762 -0.4792
vn -0.1956 -0.8762 -0.4404
vn -0.4142 -0.8717 -0.2619
vn -0.4792 -0.8762 -0.0508
vn -0.4339 -0.8717 0.2278
vn -0.2836 -0.8762 0.3896
vn -0.0197 -0.8717 0.4897
vn 0.1956 -0.8762 0.4404
vn 0.4142 -0.8717 0.2619
vn 0.4792 -0.8762 0.0508
vn 0.4404 -0.8762 -0.1956
vt 0.023438 0.992188
vt 0.007812 0.992188
vt 0.007812 0.976562
vt 0.054688 0.992188
vt 0.039062 0.992188
vt 0.039062 0.976562
vt 0.085938 0.992188
vt 0.070312 0.992188
vt 0.070312 0.976562
vt 0.117188 0.992188
vt 0.101562 0.992188
vt 0.101562 0.976562
vt 0.148438 0.992188
vt 0.132812 0.992188
vt 0.132812 0.976562
vt 0.179688 0.992188
vt 0.164062 0.992188
vt 0.164062 0.976562
vt 0.210938 0.992188
vt 0.195312 0.992188
vt 0.195312 0.976562
vt 0.242188 0.992188
vt 0.226562 0.992188
vt 0.226562 0.976562
vt 0.273438 0.992188
vt 0.257812 0.992188
vt 0.257812 0.976562
vt 0.304688 0.992188
vt 0.289062 0.992188
vt 0.289062 0.976562
vt 0.335938 0.992188
vt 0.320312 0.992188
vt 0.320312 0.976562
vt 0.367188 0.992188
vt 0.351562 0.992188
vt 0.351562 0.976562
vt 0.398438 0.992188
vt 0.382812 0.992188
vt 0.382812 0.976562
vt 0.429688 0.992188
vt 0.414062 0.992188
vt 0.414062 0.976562
vt 0.460938 0.992188
vt 0.445312 0.992188
vt 0.445312 0.976562
vt 0.492188 0.992188
vt 0.476562 0.992188
vt 0.476562 0.976562
vt 0.523438 0.992188
vt 0.507812 0.992188
vt 0.507812 0.976562
vt 0.554688 0.992188
vt 0.539062 0.992188
vt 0.539062 0.976562
vt 0.585938 0.992188
vt 0.570312 0.992188
vt 0.570312 0.976562
vt 0.617188 0.992188
vt 0.601562 0.992188
vt 0.601562 0.976562
vt 0.648438 0.992188
vt 0.632812 0.992188
vt 0.632812 0.976562
vt 0.679688 0.992188
vt 0.664062 0.992188
vt 0.664062 0.976562
vt 0.710938 0.992188
vt 0.695312 0.992188
vt 0.695312 0.976562
vt 0.742188 0.992188
vt 0.726562 0.992188
vt 0.726562 0.976562
vt 0.773438 0.992188
vt 0.757812 0.992188
vt 0.757812 0.976562
vt 0.804688 0.992188
vt 0.789062 0.992188
vt 0.789062 0.976562
vt 0.835938 0.992188
vt 0.820312 0.992188
vt 0.820312 0.976562
vt 0.867188 0.992188
vt 0.851562 0.992188
vt 0.851562 0.976562
vt 0.898438 0.992188
vt 0.882812 0.992188
vt 0.882812 0.976562
vt 0.929688 0.992188
vt 0.914062 0.992188
vt 0.914062 0.976562
vt 0.960938 0.992188
vt 0.945312 0.992188
vt 0.945312 0.976562
vt 0.992188 0.992188
vt 0.976562 0.992188
vt 0.976562 0.976562
vt 0.023438 0.960938
vt 0.007812 0.960938
vt 0.007812 0.945312
vt 0.054688 0.960938
vt 0.039062 0.960938
vt 0.039062 0.945312
vt 0.085938 0.960938
vt 0.070312 0.960938
vt 0.070312 0.945312
vt 0.117188 0.960938
vt 0.101562 0.960938
vt 0.101562 0.945312
vt 0.148438 0.960938
vt 0.132812 0.960938
vt 0.132812 0.945312
vt 0.179688 0.960938
vt 0.164062 0.960938
vt 0.164062 0.945312
vt 0.210938 0.960938
vt 0.195312 0.960938
vt 0.195312 0.945312
vt 0.242188 0.960938
vt 0.226562 0.960938
vt 0.226562 0.945312
vt 0.273438 0.960938
vt 0.257812 0.960938
vt 0.257812 0.945312
vt 0.304688 0.960938
vt 0.289062 0.960938
vt 0.289062 0.945312
vt 0.335938 0.960938
vt 0.320312 0.960938
vt 0.320312 0.945312
vt 0.367188 0.960938
vt 0.351562 0.960938
vt 0.351562 0.945312
vt 0.398438 0.960938
vt 0.382812 0.960938
vt 0.382812 0.945312
vt 0.429688 0.960938
vt 0.414062 0.960938
vt 0.414062 0.945312
vt 0.460938 0.960938
vt 0.445312 0.960938
vt 0.445312 0.945312
vt 0.492188 0.960938
vt 0.476562 0.960938
vt 0.476562 0.945312
vt 0.523438 0.960938
vt 0.507812 0.960938
vt 0.507812 0.945312
vt 0.554688 0.960938
vt 0.539062 0.960938
vt 0.539062 0.945312
vt 0.585938 0.960938
vt 0.570312 0.960938
vt 0.570312 0.945312
vt 0.617188 0.960938
vt 0.601562 0.960938
vt 0.601562 0.945312
vt 0.648438 0.960938
vt 0.632812 0.960938
vt 0.632812 0.945312
vt 0.679688 0.960938
vt 0.664062 0.960938
vt 0.664062 0.945312
vt 0.710938 0.960938
vt 0.695312 0.960938
vt 0.695312 0.945312
vt 0.742188 0.960938
vt 0.726562 0.960938
vt 0.726562 0.945312
vt 0.773438 0.960938
vt 0.757812 0.960938
vt 0.757812 0.945312
vt 0.804688 0.960938
vt 0.789062 0.960938
vt 0.789062 0.945312
vt 0.835938 0.960938
vt 0.820312 0.960938
vt 0.820312 0.945312
vt 0.867188 0.960938
vt 0.851562 0.960938
vt 0.851562 0.945312
vt 0.898438 0.960938
vt 0.882812 0.960938
vt 0.882812 0.945312
vt 0.929688 0.960938
vt 0.914062 0.960938
vt 0.914062 0.945312
vt 0.960938 0.960938
vt 0.945312 0.960938
vt 0.945312 0.945312
vt 0.992188 0.960938
vt 0.976562 0.960938
vt 0.976562 0.945312
vt 0.023438 0.929688
vt 0.007812 0.929688
vt 0.007812 0.914062
vt 0.054688 0.929688
vt 0.039062 0.929688
vt 0.039062 0.914062
vt 0.085938 0.929688
vt 0.070312 0.929688
vt 0.070312 0.914062
vt 0.117188 0.929688
vt 0.101562 0.929688
vt 0.101562 0.914062
vt 0.148438 0.929688
vt 0.132812 0.929688
vt 0.132812 0.914062
vt 0.179688 0.929688
vt 0.164062 0.929688
vt 0.164062 0.914062
vt 0.210938 0.929688
vt 0.195312 0.929688
vt 0.195312 0.914062
vt 0.242188 0.929688
vt 0.226562 0.929688
vt 0.226562 0.914062
vt 0.273438 0.929688
vt 0.257812 0.929688
vt 0.257812 0.914062
vt 0.304688 0.929688
vt 0.289062 0.929688
vt 0.289062 0.914062
vt 0.335938 0.929688
vt 0.320312 0.929688
vt 0.320312 0.914062
vt 0.367188 0.929688
vt 0.351562 0.929688
vt 0.351562 0.914062
vt 0.398438 0.929688
vt 0.382812 0.929688
vt 0.382812 0.914062
vt 0.429688 0.929688
vt 0.414062 0.929688
vt 0.414062 0.914062
vt 0.460938 0.929688
vt 0.445312 0.929688
vt 0.445312 0.914062
vt 0.492188 0.929688
vt 0.476562 0.929688
vt 0.476562 0.914062
vt 0.523438 0.929688
vt 0.507812 0.929688
vt 0.507812 0.914062
vt 0.554688 0.929688
vt 0.539062 0.929688
vt 0.539062 0.914062
vt 0.585938 0.929688
vt 0.570312 0.929688
vt 0.570312 0.914062
vt 0.617188 0.929688
vt 0.601562 0.929688
vt 0.601562 0.914062
vt 0.648438 0.929688
vt 0.632812 0.929688
vt 0.632812 0.914062
vt 0.679688 0.929688
vt 0.664062 0.929688
vt 0.664062 0.914062
vt 0.710938 0.929688
vt 0.695312 0.929688
vt 0.695312 0.914062
vt 0.742188 0.929688
vt 0.726562 0.929688
vt 0.726562 0.914062
vt 0.773438 0.929688
vt 0.757812 0.929688
vt 0.757812 0.914062
vt 0.804688 0.929688
vt 0.789062 0.929688
vt 0.789062 0.914062
vt 0.835938 0.929688
vt 0.820312 0.929688
vt 0.820312 0.914062
vt 0.867188 0.929688
vt 0.851562 0.929688
vt 0.851562 0.914062
vt 0.898438 0.929688
vt 0.882812 0.929688
vt 0.882812 0.914062
vt 0.929688 0.929688
vt 0.914062 0.929688
vt 0.914062 0.914062
vt 0.960938 0.929688
vt 0.945312 0.929688
vt 0.945312 0.914062
vt 0.992188 0.929688
vt 0.976562 0.929688
vt 0.976562 0.914062
vt 0.023438 0.898438
vt 0.007812 0.898438
vt 0.007812 0.882812
vt 0.054688 0.898438
vt 0.039062 0.898438
vt 0.039062 0.882812
vt 0.085938 0.898438
vt 0.070312 0.898438
vt 0.070312 0.882812
vt 0.117188 0.898438
vt 0.101562 0.898438
vt 0.101562 0.882812
vt 0.148438 0.898438
vt 0.132812 0.898438
vt 0.132812 0.882812
vt 0.179688 0.898438
vt 0.164062 0.898438
vt 0.164062 0.882812
vt 0.210938 0.898438
vt 0.195312 0.898438
vt 0.195312 0.882812
vt 0.242188 0.898438
vt 0.226562 0.898438
vt 0.226562 0.882812
vt 0.273438 0.898438
vt 0.257812 0.898438
vt 0.257812 0.882812
vt 0.304688 0.898438
vt 0.289062 0.898438
vt 0.289062 0.882812
vt 0.335938 0.898438
vt 0.320312 0.898438
vt 0.320312 0.882812
vt 0.367188 0.898438
vt 0.351562 0.898438
vt 0.351562 0.882812
vt 0.398438 0.898438
vt 0.382812 0.898438
vt 0.382812 0.882812
vt 0.429688 0.898438
vt 0.414062 0.898438
vt 0.414062 0.882812
vt 0.460938 0.898438
vt 0.445312 0.898438
vt 0.445312 0.882812
vt 0.492188 0.898438
vt 0.476562 0.898438
vt 0.476562 0.882812
vt 0.523438 0.898438
vt 0.507812 0.898438
vt 0.507812 0.882812
vt 0.554688 0.898438
vt 0.539062 0.898438
vt 0.539062 0.882812
vt 0.585938 0.898438
vt 0.570312 0.898438
vt 0.570312 0.882812
vt 0.617188 0.898438
vt 0.601562 0.898438
vt 0.601562 0.882812
vt 0.648438 0.898438
vt 0.632812 0.898438
vt 0.632812 0.882812
vt 0.679688 0.898438
vt 0.664062 0.898438
vt 0.664062 0.882812
vt 0.710938 0.898438
vt 0.695312 0.898438
vt 0.695312 0.882812
vt 0.742188 0.898438
vt 0.726562 0.898438
vt 0.726562 0.882812
vt 0.773438 0.898438
vt 0.757812 0.898438
vt 0.757812 0.882812
vt 0.804688 0.898438
vt 0.789062 0.898438
vt 0.789062 0.882812
vt 0.835938 0.898438
vt 0.820312 0.898438
vt 0.820312 0.882812
vt 0.867188 0.898438
vt 0.851562 0.898438
vt 0.851562 0.882812
vt 0.898438 0.898438
vt 0.882812 0.898438
vt 0.882812 0.882812
vt 0.929688 0.898438
vt 0.914062 0.898438
vt 0.914062 0.882812
vt 0.960938 0.898438
vt 0.945312 0.898438
vt 0.945312 0.882812
vt 0.992188 0.898438
vt 0.976562 0.898438
vt 0.976562 0.882812
vt 0.023438 0.867188
vt 0.007812 0.867188
vt 0.007812 0.851562
vt 0.054688 0.867188
vt 0.039062 0.867188
vt 0.039062 0.851562
vt 0.085938 0.867188
vt 0.070312 0.867188
vt 0.070312 0.851562
vt 0.117188 0.867188
vt 0.101562 0.867188
vt 0.101562 0.851562
vt 0.148438 0.867188
vt 0.132812 0.867188
vt 0.132812 0.851562
vt 0.179688 0.867188
vt 0.164062 0.867188
vt 0.164062 0.851562
vt 0.210938 0.867188
vt 0.195312 0.867188
vt 0.195312 0.851562
vt 0.242188 0.867188
vt 0.226562 0.867188
vt 0.226562 0.851562
vt 0.273438 0.867188
vt 0.257812 0.867188
vt 0.257812 0.851562
vt 0.304688 0.867188
vt 0.289062 0.867188
vt 0.289062 0.851562
vt 0.335938 0.867188
vt 0.320312 0.867188
vt 0.320312 0.851562
vt 0.367188 0.867188
vt 0.351562 0.867188
vt 0.351562 0.851562
vt 0.398438 0.867188
vt 0.382812 0.867188
vt 0.382812 0.851562
vt 0.429688 0.867188
vt 0.414062 0.867188
vt 0.414062 0.851562
vt 0.460938 0.867188
vt 0.445312 0.867188
vt 0.445312 0.851562
vt 0.492188 0.867188
vt 0.476562 0.867188
vt 0.476562 0.851562
vt 0.523438 0.867188
vt 0.507812 0.867188
vt 0.507812 0.851562
vt 0.554688 0.867188
vt 0.539062 0.867188
vt 0.539062 0.851562
vt 0.585938 0.867188
vt 0.570312 0.867188
vt 0.570312 0.851562
vt 0.617188 0.867188
vt 0.601562 0.867188
vt 0.601562 0.851562
vt 0.648438 0.867188
vt 0.632812 0.867188
vt 0.632812 0.851562
vt 0.679688 0.867188
vt 0.664062 0.867188
vt 0.664062 0.851562
vt 0.710938 0.867188
vt 0.695312 0.867188
vt 0.695312 0.851562
vt 0.742188 0.867188
vt 0.726562 0.867188
vt 0.726562 0.851562
vt 0.773438 0.867188
vt 0.757812 0.867188
vt 0.757812 0.851562
vt 0.804688 0.867188
vt 0.789062 0.867188
vt 0.789062 0.851562
vt 0.835938 0.867188
vt 0.820312 0.867188
vt 0.820312 0.851562
vt 0.867188 0.867188
vt 0.851562 0.867188
vt 0.851562 0.851562
vt 0.898438 0.867188
vt 0.882812 0.867188
vt 0.882812 0.851562
vt 0.929688 0.867188
vt 0.914062 0.867188
vt 0.914062 0.851562
vt 0.960938 0.867188
vt 0.945312 0.867188
vt 0.945312 0.851562
vt 0.992188 0.867188
vt 0.976562 0.867188
vt 0.976562 0.851562
vt 0.023438 0.835938
vt 0.007812 0.835938
vt 0.007812 0.820312
vt 0.054688 0.835938
vt 0.039062 0.835938
vt 0.039062 0.820312
vt 0.085938 0.835938
vt 0.070312 0.835938
vt 0.070312 0.820312
vt 0.117188 0.835938
vt 0.101562 0.835938
vt 0.101562 0.820312
vt 0.148438 0.835938
vt 0.132812 0.835938
vt 0.132812 0.820312
vt 0.179688 0.835938
vt 0.164062 0.835938
vt 0.164062 0.820312
vt 0.210938 0.835938
vt 0.195312 0.835938
vt 0.195312 0.820312
vt 0.242188 0.835938
vt 0.226562 0.835938
vt 0.226562 0.820312
vt 0.273438 0.835938
vt 0.257812 0.835938
vt 0.257812 0.820312
vt 0.304688 0.835938
vt 0.289062 0.835938
vt 0.289062 0.820312
vt 0.335938 0.835938
vt 0.320312 0.835938
vt 0.320312 0.820312
vt 0.367188 0.835938
vt 0.351562 0.835938
vt 0.351562 0.820312
vt 0.398438 0.835938
vt 0.382812 0.835938
vt 0.382812 0.820312
vt 0.429688 0.835938
vt 0.414062 0.835938
vt 0.414062 0.820312
vt 0.460938 0.835938
vt 0.445312 0.835938
vt 0.445312 0.820312
vt 0.492188 0.835938
vt 0.476562 0.835938
vt 0.476562 0.820312
vt 0.523438 0.835938
vt 0.507812 0.835938
vt 0.507812 0.820312
vt 0.554688 0.835938
vt 0.539062 0.835938
vt 0.539062 0.820312
vt 0.585938 0.835938
vt 0.570312 0.835938
vt 0.570312 0.820312
vt 0.617188 0.835938
vt 0.601562 0.835938
vt 0.601562 0.820312
vt 0.648438 0.835938
vt 0.632812 0.835938
vt 0.632812 0.820312
vt 0.679688 0.835938
vt 0.664062 0.835938
vt 0.664062 0.820312
vt 0.710938 0.835938
vt 0.695312 0.835938
vt 0.695312 0.820312
vt 0.742188 0.835938
vt 0.726562 0.835938
vt 0.726562 0.820312
vt 0.773438 0.835938
vt 0.757812 0.835938
vt 0.757812 0.820312
vt 0.804688 0.835938
vt 0.789062 0.835938
vt 0.789062 0.820312
vt 0.835938 0.835938
vt 0.820312 0.835938
vt 0.820312 0.820312
vt 0.867188 0.835938
vt 0.851562 0.835938
vt 0.851562 0.820312
vt 0.898438 0.835938
vt 0.882812 0.835938
vt 0.882812 0.820312
vt 0.929688 0.835938
vt 0.914062 0.835938
vt 0.914062 0.820312
vt 0.960938 0.835938
vt 0.945312 0.835938
vt 0.945312 0.820312
vt 0.992188 0.835938
vt 0.976562 0.835938
vt 0.976562 0.820312
vt 0.023438 0.804688
vt 0.007812 0.804688
vt 0.007812 0.789062
vt 0.054688 0.804688
vt 0.039062 0.804688
vt 0.039062 0.789062
vt 0.085938 0.804688
vt 0.070312 0.804688
vt 0.070312 0.789062
vt 0.117188 0.804688
vt 0.101562 0.804688
vt 0.101562 0.789062
vt 0.148438 0.804688
vt 0.132812 0.804688
vt 0.132812 0.789062
vt 0.179688 0.804688
vt 0.164062 0.804688
vt 0.164062 0.789062
vt 0.210938 0.804688
vt 0.195312 0.804688
vt 0.195312 0.789062
vt 0.242188 0.804688
vt 0.226562 0.804688
vt 0.226562 0.789062
vt 0.273438 0.804688
vt 0.257812 0.804688
vt 0.257812 0.789062
vt 0.304688 0.804688
vt 0.289062 0.804688
vt 0.289062 0.789062
vt 0.335938 0.804688
vt 0.320312 0.804688
vt 0.320312 0.789062
vt 0.367188 0.804688
vt 0.351562 0.804688
vt 0.351562 0.789062
vt 0.398438 0.804688
vt 0.382812 0.804688
vt 0.382812 0.789062
vt 0.429688 0.804688
vt 0.414062 0.804688
vt 0.414062 0.789062
vt 0.460938 0.804688
vt 0.445312 0.804688
vt 0.445312 0.789062
vt 0.492188 0.804688
vt 0.476562 0.804688
vt 0.476562 0.789062
vt 0.523438 0.804688
vt 0.507812 0.804688
vt 0.507812 0.789062
vt 0.554688 0.804688
vt 0.539062 0.804688
vt 0.539062 0.789062
vt 0.585938 0.804688
vt 0.570312 0.804688
vt 0.570312 0.789062
vt 0.617188 0.804688
vt 0.601562 0.804688
vt 0.601562 0.789062
vt 0.648438 0.804688
vt 0.632812 0.804688
vt 0.632812 0.789062
vt 0.679688 0.804688
vt 0.664062 0.804688
vt 0.664062 0.789062
vt 0.710938 0.804688
vt 0.695312 0.804688
vt 0.695312 0.789062
vt 0.742188 0.804688
vt 0.726562 0.804688
vt 0.726562 0.789062
vt 0.773438 0.804688
vt 0.757812 0.804688
vt 0.757812 0.789062
vt 0.804688 0.804688
vt 0.789062 0.804688
vt 0.789062 0.789062
vt 0.835938 0.804688
vt 0.820312 0.804688
vt 0.820312 0.789062
vt 0.867188 0.804688
vt 0.851562 0.804688
vt 0.851562 0.789062
vt 0.898438 0.804688
vt 0.882812 0.804688
vt 0.882812 0.789062
vt 0.929688 0.804688
vt 0.914062 0.804688
vt 0.914062 0.789062
vt 0.960938 0.804688
vt 0.945312 0.804688
vt 0.945312 0.789062
vt 0.992188 0.804688
vt 0.976562 0.804688
vt 0.976562 0.789062
vt 0.023438 0.773438
vt 0.007812 0.773438
vt 0.007812 0.757812
vt 0.054688 0.773438
vt 0.039062 0.773438
vt 0.039062 0.757812
vt 0.085938 0.773438
vt 0.070312 0.773438
vt 0.070312 0.757812
vt 0.117188 0.773438
vt 0.101562 0.773438
vt 0.101562 0.757812
vt 0.148438 0.773438
vt 0.132812 0.773438
vt 0.132812 0.757812
vt 0.179688 0.773438
vt 0.164062 0.773438
vt 0.164062 0.757812
vt 0.210938 0.773438
vt 0.195312 0.773438
vt 0.195312 0.757812
vt 0.242188 0.773438
vt 0.226562 0.773438
vt 0.226562 0.757812
vt 0.273438 0.773438
vt 0.257812 0.773438
vt 0.257812 0.757812
vt 0.304688 0.773438
vt 0.289062 0.773438
vt 0.289062 0.757812
vt 0.335938 0.773438
vt 0.320312 0.773438
vt 0.320312 0.757812
vt 0.367188 0.773438
vt 0.351562 0.773438
vt 0.351562 0.757812
vt 0.398438 0.773438
vt 0.382812 0.773438
vt 0.382812 0.757812
vt 0.429688 0.773438
vt 0.414062 0.773438
vt 0.414062 0.757812
vt 0.460938 0.773438
vt 0.445312 0.773438
vt 0.445312 0.757812
vt 0.492188 0.773438
vt 0.476562 0.773438
vt 0.476562 0.757812
vt 0.523438 0.773438
vt 0.507812 0.773438
vt 0.507812 0.757812
vt 0.554688 0.773438
vt 0.539062 0.773438
vt 0.539062 0.757812
vt 0.585938 0.773438
vt 0.570312 0.773438
vt 0.570312 0.757812
vt 0.617188 0.773438
vt 0.601562 0.773438
vt 0.601562 0.757812
vt 0.648438 0.773438
vt 0.632812 0.773438
vt 0.632812 0.757812
vt 0.679688 0.773438
vt 0.664062 0.773438
vt 0.664062 0.757812
vt 0.710938 0.773438
vt 0.695312 0.773438
vt 0.695312 0.757812
vt 0.742188 0.773438
vt 0.726562 0.773438
vt 0.726562 0.757812
vt 0.773438 0.773438
vt 0.757812 0.773438
vt 0.757812 0.757812
vt 0.804688 0.773438
vt 0.789062 0.773438
vt 0.789062 0.757812
vt 0.835938 0.773438
vt 0.820312 0.773438
vt 0.820312 0.757812
vt 0.867188 0.773438
vt 0.851562 0.773438
vt 0.851562 0.757812
vt 0.898438 0.773438
vt 0.882812 0.773438
vt 0.882812 0.757812
vt 0.929688 0.773438
vt 0.914062 0.773438
vt 0.914062 0.757812
vt 0.960938 0.773438
vt 0.945312 0.773438
vt 0.945312 0.757812
vt 0.992188 0.773438
vt 0.976562 0.773438
vt 0.976562 0.757812
vt 0.023438 0.742188
vt 0.007812 0.742188
vt 0.007812 0.726562
vt 0.054688 0.742188
vt 0.039062 0.742188
vt 0.039062 0.726562
vt 0.085938 0.742188
vt 0.070312 0.742188
vt 0.070312 0.726562
vt 0.117188 0.742188
vt 0.101562 0.742188
vt 0.101562 0.726562
vt 0.148438 0.742188
vt 0.132812 0.742188
vt 0.132812 0.726562
vt 0.179688 0.742188
vt 0.164062 0.742188
vt 0.164062 0.726562
vt 0.210938 0.742188
vt 0.195312 0.742188
vt 0.195312 0.726562
vt 0.242188 0.742188
vt 0.226562 0.742188
vt 0.226562 0.726562
vt 0.273438 0.742188
vt 0.257812 0.742188
vt 0.257812 0.726562
vt 0.304688 0.742188
vt 0.289062 0.742188
vt 0.289062 0.726562
vt 0.335938 0.742188
vt 0.320312 0.742188
vt 0.320312 0.726562
vt 0.367188 0.742188
vt 0.351562 0.742188
vt 0.351562 0.726562
vt 0.398438 0.742188
vt 0.382812 0.742188
vt 0.382812 0.726562
vt 0.429688 0.742188
vt 0.414062 0.742188
vt 0.414062 0.726562
vt 0.460938 0.742188
vt 0.445312 0.742188
vt 0.445312 0.726562
vt 0.492188 0.742188
vt 0.476562 0.742188
vt 0.476562 0.726562
vt 0.523438 0.742188
vt 0.507812 0.742188
vt 0.507812 0.726562
vt 0.554688 0.742188
vt 0.539062 0.742188
vt 0.539062 0.726562
vt 0.585938 0.742188
vt 0.570312 0.742188
vt 0.570312 0.726562
vt 0.617188 0.742188
vt 0.601562 0.742188
vt 0.601562 0.726562
vt 0.648438 0.742188
vt 0.632812 0.742188
vt 0.632812 0.726562
vt 0.679688 0.742188
vt 0.664062 0.742188
vt 0.664062 0.726562
vt 0.710938 0.742188
vt 0.695312 0.742188
vt 0.695312 0.726562
vt 0.742188 0.742188
vt 0.726562 0.742188
vt 0.726562 0.726562
vt 0.773438 0.742188
vt 0.757812 0.742188
vt 0.757812 0.726562
vt 0.804688 0.742188
vt 0.789062 0.742188
vt 0.789062 0.726562
vt 0.835938 0.742188
vt 0.820312 0.742188
vt 0.820312 0.726562
vt 0.867188 0.742188
vt 0.851562 0.742188
vt 0.851562 0.726562
vt 0.898438 0.742188
vt 0.882812 0.742188
vt 0.882812 0.726562
vt 0.929688 0.742188
vt 0.914062 0.742188
vt 0.914062 0.726562
vt 0.960938 0.742188
vt 0.945312 0.742188
vt 0.945312 0.726562
vt 0.992188 0.742188
vt 0.976562 0.742188
vt 0.976562 0.726562
vt 0.023438 0.710938
vt 0.007812 0.710938
vt 0.007812 0.695312
vt 0.054688 0.710938
vt 0.039062 0.710938
vt 0.039062 0.695312
vt 0.085938 0.710938
vt 0.070312 0.710938
vt 0.070312 0.695312
vt 0.117188 0.710938
vt 0.101562 0.710938
vt 0.101562 0.695312
vt 0.148438 0.710938
vt 0.132812 0.710938
vt 0.132812 0.695312
vt 0.179688 0.710938
vt 0.164062 0.710938
vt 0.164062 0.695312
vt 0.210938 0.710938
vt 0.195312 0.710938
vt 0.195312 0.695312
vt 0.242188 0.710938
vt 0.226562 0.710938
vt 0.226562 0.695312
vt 0.273438 0.710938
vt 0.257812 0.710938
vt 0.257812 0.695312
vt 0.304688 0.710938
vt 0.289062 0.710938
vt 0.289062 0.695312
vt 0.335938 0.710938
vt 0.320312 0.710938
vt 0.320312 0.695312
vt 0.367188 0.710938
vt 0.351562 0.710938
vt 0.351562 0.695312
vt 0.398438 0.710938
vt 0.382812 0.710938
vt 0.382812 0.695312
vt 0.429688 0.710938
vt 0.414062 0.710938
vt 0.414062 0.695312
vt 0.460938 0.710938
vt 0.445312 0.710938
vt 0.445312 0.695312
vt 0.492188 0.710938
vt 0.476562 0.710938
vt 0.476562 0.695312
vt 0.523438 0.710938
vt 0.507812 0.710938
vt 0.507812 0.695312
vt 0.554688 0.710938
vt 0.539062 0.710938
vt 0.539062 0.695312
vt 0.585938 0.710938
vt 0.570312 0.710938
vt 0.570312 0.695312
vt 0.617188 0.710938
vt 0.601562 0.710938
vt 0.601562 0.695312
vt 0.648438 0.710938
vt 0.632812 0.710938
vt 0.632812 0.695312
vt 0.679688 0.710938
vt 0.664062 0.710938
vt 0.664062 0.695312
vt 0.710938 0.710938
vt 0.695312 0.710938
vt 0.695312 0.695312
vt 0.742188 0.710938
vt 0.726562 0.710938
vt 0.726562 0.695312
vt 0.773438 0.710938
vt 0.757812 0.710938
vt 0.757812 0.695312
vt 0.804688 0.710938
vt 0.789062 0.710938
vt 0.789062 0.695312
vt 0.835938 0.710938
vt 0.820312 0.710938
vt 0.820312 0.695312
vt 0.867188 0.710938
vt 0.851562 0.710938
vt 0.851562 0.695312
vt 0.898438 0.710938
vt 0.882812 0.710938
vt 0.882812 0.695312
vt 0.929688 0.710938
vt 0.914062 0.710938
vt 0.914062 0.695312
vt 0.960938 0.710938
vt 0.945312 0.710938
vt 0.945312 0.695312
vt 0.992188 0.710938
vt 0.976562 0.710938
vt 0.976562 0.695312
vt 0.023438 0.679688
vt 0.007812 0.679688
vt 0.007812 0.664062
vt 0.054688 0.679688
vt 0.039062 0.679688
vt 0.039062 0.664062
vt 0.085938 0.679688
vt 0.070312 0.679688
vt 0.070312 0.664062
vt 0.117188 0.679688
vt 0.101562 0.679688
vt 0.101562 0.664062
vt 0.148438 0.679688
vt 0.132812 0.679688
vt 0.132812 0.664062
vt 0.179688 0.679688
vt 0.164062 0.679688
vt 0.164062 0.664062
vt 0.210938 0.679688
vt 0.195312 0.679688
vt 0.195312 0.664062
vt 0.242188 0.679688
vt 0.226562 0.679688
vt 0.226562 0.664062
vt 0.273438 0.679688
vt 0.257812 0.679688
vt 0.257812 0.664062
vt 0.304688 0.679688
vt 0.289062 0.679688
vt 0.289062 0.664062
vt 0.335938 0.679688
vt 0.320312 0.679688
vt 0.320312 0.664062
vt 0.367188 0.679688
vt 0.351562 0.679688
vt 0.351562 0.664062
vt 0.398438 0.679688
vt 0.382812 0.679688
vt 0.382812 0.664062
vt 0.429688 0.679688
vt 0.414062 0.679688
vt 0.414062 0.664062
vt 0.460938 0.679688
vt 0.445312 0.679688
vt 0.445312 0.664062
vt 0.492188 0.679688
vt 0.476562 0.679688
vt 0.476562 0.664062
vt 0.523438 0.679688
vt 0.507812 0.679688
vt 0.507812 0.664062
vt 0.554688 0.679688
vt 0.539062 0.679688
vt 0.539062 0.664062
vt 0.585938 0.679688
vt 0.570312 0.679688
vt 0.570312 0.664062
vt 0.617188 0.679688
vt 0.601562 0.679688
vt 0.601562 0.664062
vt 0.648438 0.679688
vt 0.632812 0.679688
vt 0.632812 0.664062
vt 0.679688 0.679688
vt 0.664062 0.679688
vt 0.664062 0.664062
vt 0.710938 0.679688
vt 0.695312 0.679688
vt 0.695312 0.664062
vt 0.742188 0.679688
vt 0.726562 0.679688
vt 0.726562 0.664062
vt 0.773438 0.679688
vt 0.757812 0.679688
vt 0.757812 0.664062
vt 0.804688 0.679688
vt 0.789062 0.679688
vt 0.789062 0.664062
vt 0.835938 0.679688
vt 0.820312 0.679688
vt 0.820312 0.664062
vt 0.867188 0.679688
vt 0.851562 0.679688
vt 0.851562 0.664062
vt 0.898438 0.679688
vt 0.882812 0.679688
vt 0.882812 0.664062
vt 0.929688 0.679688
vt 0.914062 0.679688
vt 0.914062 0.664062
vt 0.960938 0.679688
vt 0.945312 0.679688
vt 0.945312 0.664062
vt 0.992188 0.679688
vt 0.976562 0.679688
vt 0.976562 0.664062
vt 0.023438 0.648438
vt 0.007812 0.648438
vt 0.007812 0.632812
vt 0.054688 0.648438
vt 0.039062 0.648438
vt 0.039062 0.632812
vt 0.085938 0.648438
vt 0.070312 0.648438
vt 0.070312 0.632812
vt 0.117188 0.648438
vt 0.101562 0.648438
vt 0.101562 0.632812
vt 0.148438 0.648438
vt 0.132812 0.648438
vt 0.132812 0.632812
vt 0.179688 0.648438
vt 0.164062 0.648438
vt 0.164062 0.632812
vt 0.210938 0.648438
vt 0.195312 0.648438
vt 0.195312 0.632812
vt 0.242188 0.648438
vt 0.226562 0.648438
vt 0.226562 0.632812
vt 0.273438 0.648438
vt 0.257812 0.648438
vt 0.257812 0.632812
vt 0.304688 0.648438
vt 0.289062 0.648438
vt 0.289062 0.632812
vt 0.335938 0.648438
vt 0.320312 0.648438
vt 0.320312 0.632812
vt 0.367188 0.648438
vt 0.351562 0.648438
vt 0.351562 0.632812
vt 0.398438 0.648438
vt 0.382812 0.648438
vt 0.382812 0.632812
vt 0.429688 0.648438
vt 0.414062 0.648438
vt 0.414062 0.632812
vt 0.460938 0.648438
vt 0.445312 0.648438
vt 0.445312 0.632812
vt 0.492188 0.648438
vt 0.476562 0.648438
vt 0.476562 0.632812
vt 0.523438 0.648438
vt 0.507812 0.648438
vt 0.507812 0.632812
vt 0.554688 0.648438
vt 0.539062 0.648438
vt 0.539062 0.632812
vt 0.585938 0.648438
vt 0.570312 0.648438
vt 0.570312 0.632812
vt 0.617188 0.648438
vt 0.601562 0.648438
vt 0.601562 0.632812
vt 0.648438 0.648438
vt 0.632812 0.648438
vt 0.632812 0.632812
vt 0.679688 0.648438
vt 0.664062 0.648438
vt 0.664062 0.632812
vt 0.710938 0.648438
vt 0.695312 0.648438
vt 0.695312 0.632812
vt 0.742188 0.648438
vt 0.726562 0.648438
vt 0.726562 0.632812
vt 0.773438 0.648438
vt 0.757812 0.648438
vt 0.757812 0.632812
vt 0.804688 0.648438
vt 0.789062 0.648438
vt 0.789062 0.632812
vt 0.835938 0.648438
vt 0.820312 0.648438
vt 0.820312 0.632812
vt 0.867188 0.648438
vt 0.851562 0.648438
vt 0.851562 0.632812
vt 0.898438 0.648438
vt 0.882812 0.648438
vt 0.882812 0.632812
vt 0.929688 0.648438
vt 0.914062 0.648438
vt 0.914062 0.632812
vt 0.960938 0.648438
vt 0.945312 0.648438
vt 0.945312 0.632812
vt 0.992188 0.648438
vt 0.976562 0.648438
vt 0.976562 0.632812
vt 0.023438 0.617188
vt 0.007812 0.617188
vt 0.007812 0.601562
vt 0.054688 0.617188
vt 0.039062 0.617188
vt 0.039062 0.601562
vt 0.085938 0.617188
vt 0.070312 0.617188
vt 0.070312 0.601562
vt 0.117188 0.617188
vt 0.101562 0.617188
vt 0.101562 0.601562
vt 0.148438 0.617188
vt 0.132812 0.617188
vt 0.132812 0.601562
vt 0.179688 0.617188
vt 0.164062 0.617188
vt 0.164062 0.601562
vt 0.210938 0.617188
vt 0.195312 0.617188
vt 0.195312 0.601562
vt 0.242188 0.617188
vt 0.226562 0.617188
vt 0.226562 0.601562
vt 0.273438 0.617188
vt 0.257812 0.617188
vt 0.257812 0.601562
vt 0.304688 0.617188
vt 0.289062 0.617188
vt 0.289062 0.601562
vt 0.335938 0.617188
vt 0.320312 0.617188
vt 0.320312 0.601562
vt 0.367188 0.617188
vt 0.351562 0.617188
vt 0.351562 0.601562
vt 0.398438 0.617188
vt 0.382812 0.617188
vt 0.382812 0.601562
vt 0.429688 0.617188
vt 0.414062 0.617188
vt 0.414062 0.601562
vt 0.460938 0.617188
vt 0.445312 0.617188
vt 0.445312 0.601562
vt 0.492188 0.617188
vt 0.476562 0.617188
vt 0.476562 0.601562
vt 0.523438 0.617188
vt 0.507812 0.617188
vt 0.507812 0.601562
vt 0.554688 0.617188
vt 0.539062 0.617188
vt 0.539062 0.601562
vt 0.585938 0.617188
vt 0.570312 0.617188
vt 0.570312 0.601562
vt 0.617188 0.617188
vt 0.601562 0.617188
vt 0.601562 0.601562
vt 0.648438 0.617188
vt 0.632812 0.617188
vt 0.632812 0.601562
vt 0.679688 0.617188
vt 0.664062 0.617188
vt 0.664062 0.601562
vt 0.710938 0.617188
vt 0.695312 0.617188
vt 0.695312 0.601562
vt 0.742188 0.617188
vt 0.726562 0.617188
vt 0.726562 0.601562
vt 0.773438 0.617188
vt 0.757812 0.617188
vt 0.757812 0.601562
vt 0.804688 0.617188
vt 0.789062 0.617188
vt 0.789062 0.601562
vt 0.835938 0.617188
vt 0.820312 0.617188
vt 0.820312 0.601562
vt 0.867188 0.617188
vt 0.851562 0.617188
vt 0.851562 0.601562
vt 0.898438 0.617188
vt 0.882812 0.617188
vt 0.882812 0.601562
vt 0.929688 0.617188
vt 0.914062 0.617188
vt 0.914062 0.601562
vt 0.960938 0.617188
vt 0.945312 0.617188
vt 0.945312 0.601562
vt 0.992188 0.617188
vt 0.976562 0.617188
vt 0.976562 0.601562
vt 0.023438 0.585938
vt 0.007812 0.585938
vt 0.007812 0.570312
vt 0.054688 0.585938
vt 0.039062 0.585938
vt 0.039062 0.570312
vt 0.085938 0.585938
vt 0.070312 0.585938
vt 0.070312 0.570312
vt 0.117188 0.585938
vt 0.101562 0.585938
vt 0.101562 0.570312
vt 0.148438 0.585938
vt 0.132812 0.585938
vt 0.132812 0.570312
vt 0.179688 0.585938
vt 0.164062 0.585938
vt 0.164062 0.570312
vt 0.210938 0.585938
vt 0.195312 0.585938
vt 0.195312 0.570312
vt 0.242188 0.585938
vt 0.226562 0.585938
vt 0.226562 0.570312
vt 0.273438 0.585938
vt 0.257812 0.585938
vt 0.257812 0.570312
vt 0.304688 0.585938
vt 0.289062 0.585938
vt 0.289062 0.570312
vt 0.335938 0.585938
vt 0.320312 0.585938
vt 0.320312 0.570312
vt 0.367188 0.585938
vt 0.351562 0.585938
vt 0.351562 0.570312
vt 0.398438 0.585938
vt 0.382812 0.585938
vt 0.382812 0.570312
vt 0.429688 0.585938
vt 0.414062 0.585938
vt 0.414062 0.570312
vt 0.460938 0.585938
vt 0.445312 0.585938
vt 0.445312 0.570312
vt 0.492188 0.585938
vt 0.476562 0.585938
vt 0.476562 0.570312
vt 0.523438 0.585938
vt 0.507812 0.585938
vt 0.507812 0.570312
vt 0.554688 0.585938
vt 0.539062 0.585938
vt 0.539062 0.570312
vt 0.585938 0.585938
vt 0.570312 0.585938
vt 0.570312 0.570312
vt 0.617188 0.585938
vt 0.601562 0.585938
vt 0.601562 0.570312
vt 0.648438 0.585938
vt 0.632812 0.585938
vt 0.632812 0.570312
vt 0.679688 0.585938
vt 0.664062 0.585938
vt 0.664062 0.570312
vt 0.710938 0.585938
vt 0.695312 0.585938
vt 0.695312 0.570312
vt 0.742188 0.585938
vt 0.726562 0.585938
vt 0.726562 0.570312
vt 0.773438 0.585938
vt 0.757812 0.585938
vt 0.757812 0.570312
vt 0.804688 0.585938
vt 0.789062 0.585938
vt 0.789062 0.570312
vt 0.835938 0.585938
vt 0.820312 0.585938
vt 0.820312 0.570312
vt 0.867188 0.585938
vt 0.851562 0.585938
vt 0.851562 0.570312
vt 0.898438 0.585938
vt 0.882812 0.585938
vt 0.882812 0.570312
vt 0.929688 0.585938
vt 0.914062 0.585938
vt 0.914062 0.570312
vt 0.960938 0.585938
vt 0.945312 0.585938
vt 0.945312 0.570312
vt 0.992188 0.585938
vt 0.976562 0.585938
vt 0.976562 0.570312
vt 0.023438 0.554688
vt 0.007812 0.554688
vt 0.007812 0.539062
vt 0.054688 0.554688
vt 0.039062 0.554688
vt 0.039062 0.539062
vt 0.085938 0.554688
vt 0.070312 0.554688
vt 0.070312 0.539062
vt 0.117188 0.554688
vt 0.101562 0.554688
vt 0.101562 0.539062
vt 0.148438 0.554688
vt 0.132812 0.554688
vt 0.132812 0.539062
vt 0.179688 0.554688
vt 0.164062 0.554688
vt 0.164062 0.539062
vt 0.210938 0.554688
vt 0.195312 0.554688
vt 0.195312 0.539062
vt 0.242188 0.554688
vt 0.226562 0.554688
vt 0.226562 0.539062
vt 0.273438 0.554688
vt 0.257812 0.554688
vt 0.257812 0.539062
vt 0.304688 0.554688
vt 0.289062 0.554688
vt 0.289062 0.539062
vt 0.335938 0.554688
vt 0.320312 0.554688
vt 0.320312 0.539062
vt 0.367188 0.554688
vt 0.351562 0.554688
vt 0.351562 0.539062
vt 0.398438 0.554688
vt 0.382812 0.554688
vt 0.382812 0.539062
vt 0.429688 0.554688
vt 0.414062 0.554688
vt 0.414062 0.539062
vt 0.460938 0.554688
vt 0.445312 0.554688
vt 0.445312 0.539062
vt 0.492188 0.554688
vt 0.476562 0.554688
vt 0.476562 0.539062
vt 0.523438 0.554688
vt 0.507812 0.554688
vt 0.507812 0.539062
vt 0.554688 0.554688
vt 0.539062 0.554688
vt 0.539062 0.539062
vt 0.585938 0.554688
vt 0.570312 0.554688
vt 0.570312 0.539062
vt 0.617188 0.554688
vt 0.601562 0.554688
vt 0.601562 0.539062
vt 0.648438 0.554688
vt 0.632812 0.554688
vt 0.632812 0.539062
vt 0.679688 0.554688
vt 0.664062 0.554688
vt 0.664062 0.539062
vt 0.710938 0.554688
vt 0.695312 0.554688
vt 0.695312 0.539062
vt 0.742188 0.554688
vt 0.726562 0.554688
vt 0.726562 0.539062
vt 0.773438 0.554688
vt 0.757812 0.554688
vt 0.757812 0.539062
vt 0.804688 0.554688
vt 0.789062 0.554688
vt 0.789062 0.539062
vt 0.835938 0.554688
vt 0.820312 0.554688
vt 0.820312 0.539062
vt 0.867188 0.554688
vt 0.851562 0.554688
vt 0.851562 0.539062
vt 0.898438 0.554688
vt 0.882812 0.554688
vt 0.882812 0.539062
vt 0.929688 0.554688
vt 0.914062 0.554688
vt 0.914062 0.539062
vt 0.960938 0.554688
vt 0.945312 0.554688
vt 0.945312 0.539062
vt 0.992188 0.554688
vt 0.976562 0.554688
vt 0.976562 0.539062
vt 0.023438 0.523438
vt 0.007812 0.523438
vt 0.007812 0.507812
vt 0.054688 0.523438
vt 0.039062 0.523438
vt 0.039062 0.507812
vt 0.085938 0.523438
vt 0.070312 0.523438
vt 0.070312 0.507812
vt 0.117188 0.523438
vt 0.101562 0.523438
vt 0.101562 0.507812
vt 0.148438 0.523438
vt 0.132812 0.523438
vt 0.132812 0.507812
vt 0.179688 0.523438
vt 0.164062 0.523438
vt 0.164062 0.507812
vt 0.210938 0.523438
vt 0.195312 0.523438
vt 0.195312 0.507812
vt 0.242188 0.523438
vt 0.226562 0.523438
vt 0.226562 0.507812
vt 0.273438 0.523438
vt 0.257812 0.523438
vt 0.257812 0.507812
vt 0.304688 0.523438
vt 0.289062 0.523438
vt 0.289062 0.507812
vt 0.335938 0.523438
vt 0.320312 0.523438
vt 0.320312 0.507812
vt 0.367188 0.523438
vt 0.351562 0.523438
vt 0.351562 0.507812
vt 0.398438 0.523438
vt 0.382812 0.523438
vt 0.382812 0.507812
vt 0.429688 0.523438
vt 0.414062 0.523438
vt 0.414062 0.507812
vt 0.460938 0.523438
vt 0.445312 0.523438
vt 0.445312 0.507812
vt 0.492188 0.523438
vt 0.476562 0.523438
vt 0.476562 0.507812
vt 0.523438 0.523438
vt 0.507812 0.523438
vt 0.507812 0.507812
vt 0.554688 0.523438
vt 0.539062 0.523438
vt 0.539062 0.507812
vt 0.585938 0.523438
vt 0.570312 0.523438
vt 0.570312 0.507812
vt 0.617188 0.523438
vt 0.601562 0.523438
vt 0.601562 0.507812
vt 0.648438 0.523438
vt 0.632812 0.523438
vt 0.632812 0.507812
vt 0.679688 0.523438
vt 0.664062 0.523438
vt 0.664062 0.507812
vt 0.710938 0.523438
vt 0.695312 0.523438
vt 0.695312 0.507812
vt 0.742188 0.523438
vt 0.726562 0.523438
vt 0.726562 0.507812
vt 0.773438 0.523438
vt 0.757812 0.523438
vt 0.757812 0.507812
vt 0.804688 0.523438
vt 0.789062 0.523438
vt 0.789062 0.507812
vt 0.835938 0.523438
vt 0.820312 0.523438
vt 0.820312 0.507812
vt 0.867188 0.523438
vt 0.851562 0.523438
vt 0.851562 0.507812
vt 0.898438 0.523438
vt 0.882812 0.523438
vt 0.882812 0.507812
vt 0.929688 0.523438
vt 0.914062 0.523438
vt 0.914062 0.507812
vt 0.960938 0.523438
vt 0.945312 0.523438
vt 0.945312 0.507812
vt 0.992188 0.523438
vt 0.976562 0.523438
vt 0.976562 0.507812
vt 0.023438 0.492188
vt 0.007812 0.492188
vt 0.007812 0.476562
vt 0.054688 0.492188
vt 0.039062 0.492188
vt 0.039062 0.476562
vt 0.085938 0.492188
vt 0.070312 0.492188
vt 0.070312 0.476562
vt 0.117188 0.492188
vt 0.101562 0.492188
vt 0.101562 0.476562
vt 0.148438 0.492188
vt 0.132812 0.492188
vt 0.132812 0.476562
vt 0.179688 0.492188
vt 0.164062 0.492188
vt 0.164062 0.476562
vt 0.210938 0.492188
vt 0.195312 0.492188
vt 0.195312 0.476562
vt 0.242188 0.492188
vt 0.226562 0.492188
vt 0.226562 0.476562
vt 0.273438 0.492188
vt 0.257812 0.492188
vt 0.257812 0.476562
vt 0.304688 0.492188
vt 0.289062 0.492188
vt 0.289062 0.476562
vt 0.335938 0.492188
vt 0.320312 0.492188
vt 0.320312 0.476562
vt 0.367188 0.492188
vt 0.351562 0.492188
vt 0.351562 0.476562
vt 0.398438 0.492188
vt 0.382812 0.492188
vt 0.382812 0.476562
vt 0.429688 0.492188
vt 0.414062 0.492188
vt 0.414062 0.476562
vt 0.460938 0.492188
vt 0.445312 0.492188
vt 0.445312 0.476562
vt 0.492188 0.492188
vt 0.476562 0.492188
vt 0.476562 0.476562
vt 0.523438 0.492188
vt 0.507812 0.492188
vt 0.507812 0.476562
vt 0.554688 0.492188
vt 0.539062 0.492188
vt 0.539062 0.476562
vt 0.585938 0.492188
vt 0.570312 0.492188
vt 0.570312 0.476562
vt 0.617188 0.492188
vt 0.601562 0.492188
vt 0.601562 0.476562
vt 0.648438 0.492188
vt 0.632812 0.492188
vt 0.632812 0.476562
vt 0.679688 0.492188
vt 0.664062 0.492188
vt 0.664062 0.476562
vt 0.710938 0.492188
vt 0.695312 0.492188
vt 0.695312 0.476562
vt 0.742188 0.492188
vt 0.726562 0.492188
vt 0.726562 0.476562
vt 0.773438 0.492188
vt 0.757812 0.492188
vt 0.757812 0.476562
vt 0.804688 0.492188
vt 0.789062 0.492188
vt 0.789062 0.476562
vt 0.835938 0.492188
vt 0.820312 0.492188
vt 0.820312 0.476562
vt 0.867188 0.492188
vt 0.851562 0.492188
vt 0.851562 0.476562
vt 0.898438 0.492188
vt 0.882812 0.492188
vt 0.882812 0.476562
vt 0.929688 0.492188
vt 0.914062 0.492188
vt 0.914062 0.476562
vt 0.960938 0.492188
vt 0.945312 0.492188
vt 0.945312 0.476562
vt 0.992188 0.492188
vt 0.976562 0.492188
vt 0.976562 0.476562
vt 0.023438 0.460938
vt 0.007812 0.460938
vt 0.007812 0.445312
vt 0.054688 0.460938
vt 0.039062 0.460938
vt 0.039062 0.445312
vt 0.085938 0.460938
vt 0.070312 0.460938
vt 0.070312 0.445312
vt 0.117188 0.460938
vt 0.101562 0.460938
vt 0.101562 0.445312
vt 0.148438 0.460938
vt 0.132812 0.460938
vt 0.132812 0.445312
vt 0.179688 0.460938
vt 0.164062 0.460938
vt 0.164062 0.445312
vt 0.210938 0.460938
vt 0.195312 0.460938
vt 0.195312 0.445312
vt 0.242188 0.460938
vt 0.226562 0.460938
vt 0.226562 0.445312
vt 0.273438 0.460938
vt 0.257812 0.460938
vt 0.257812 0.445312
vt 0.304688 0.460938
vt 0.289062 0.460938
vt 0.289062 0.445312
vt 0.335938 0.460938
vt 0.320312 0.460938
vt 0.320312 0.445312
vt 0.367188 0.460938
vt 0.351562 0.460938
vt 0.351562 0.445312
vt 0.398438 0.460938
vt 0.382812 0.460938
vt 0.382812 0.445312
vt 0.429688 0.460938
vt 0.414062 0.460938
vt 0.414062 0.445312
vt 0.460938 0.460938
vt 0.445312 0.460938
vt 0.445312 0.445312
vt 0.492188 0.460938
vt 0.476562 0.460938
vt 0.476562 0.445312
vt 0.523438 0.460938
vt 0.507812 0.460938
vt 0.507812 0.445312
vt 0.554688 0.460938
vt 0.539062 0.460938
vt 0.539062 0.445312
vt 0.585938 0.460938
vt 0.570312 0.460938
vt 0.570312 0.445312
vt 0.617188 0.460938
vt 0.601562 0.460938
vt 0.601562 0.445312
vt 0.648438 0.460938
vt 0.632812 0.460938
vt 0.632812 0.445312
vt 0.679688 0.460938
vt 0.664062 0.460938
vt 0.664062 0.445312
vt 0.710938 0.460938
vt 0.695312 0.460938
vt 0.695312 0.445312
vt 0.742188 0.460938
vt 0.726562 0.460938
vt 0.726562 0.445312
vt 0.773438 0.460938
vt 0.757812 0.460938
vt 0.757812 0.445312
vt 0.804688 0.460938
vt 0.789062 0.460938
vt 0.789062 0.445312
vt 0.835938 0.460938
vt 0.820312 0.460938
vt 0.820312 0.445312
vt 0.867188 0.460938
vt 0.851562 0.460938
vt 0.851562 0.445312
vt 0.898438 0.460938
vt 0.882812 0.460938
vt 0.882812 0.445312
vt 0.929688 0.460938
vt 0.914062 0.460938
vt 0.914062 0.445312
vt 0.960938 0.460938
vt 0.945312 0.460938
vt 0.945312 0.445312
vt 0.992188 0.460938
vt 0.976562 0.460938
vt 0.976562 0.445312
vt 0.023438 0.429688
vt 0.007812 0.429688
vt 0.007812 0.414062
vt 0.054688 0.429688
vt 0.039062 0.429688
vt 0.039062 0.414062
vt 0.085938 0.429688
vt 0.070312 0.429688
vt 0.070312 0.414062
vt 0.117188 0.429688
vt 0.101562 0.429688
vt 0.101562 0.414062
vt 0.148438 0.429688
vt 0.132812 0.429688
vt 0.132812 0.414062
vt 0.179688 0.429688
vt 0.164062 0.429688
vt 0.164062 0.414062
vt 0.210938 0.429688
vt 0.195312 0.429688
vt 0.195312 0.414062
vt 0.242188 0.429688
vt 0.226562 0.429688
vt 0.226562 0.414062
s 1
usemtl m_2eeef930-41f8-1c42-db46-b8a789b8b8f4
f 2010/2232/4922 2011/2233/4922 2012/2234/4922
f 2013/2235/4923 2014/2236/4923 2015/2237/4923
f 2014/2238/4924 2016/2239/4924 2017/2240/4924
f 2018/2241/4925 2017/2242/4925 2019/2243/4925
f 2020/2244/4926 2021/2245/4926 2022/2246/4926
f 2023/2247/4927 2024/2248/4927 2025/2249/4927
f 2026/2250/4928 2027/2251/4928 2024/2252/4928
f 2028/2253/4929 2029/2254/4929 2030/2255/4929
f 2031/2256/4930 2025/2257/4930 2032/2258/4930
f 2029/2259/4931 2033/2260/4931 2032/2261/4931
f 2034/2262/4932 2035/2263/4932 2036/2264/4932
f 2037/2265/4933 2038/2266/4933 2039/2267/4933
f 2035/2268/4934 2040/2269/4934 2041/2270/4934
f 2042/2271/4935 2043/2272/4935 2044/2273/4935
f 2045/2274/4936 2046/2275/4936 2047/2276/4936
f 2048/2277/4937 2045/2278/4937 2041/2279/4937
f 2049/2280/4938 2036/2281/4938 2041/2282/4938
f 2037/2283/4939 2044/2284/4939 2047/2285/4939
f 2050/2286/4940 2034/2287/4940 2049/2288/4940
f 2051/2289/4941 2038/2290/4942 2037/2291/4943
f 2052/2292/4944 2039/2293/4944 2011/2294/4944
f 2051/2295/4945 2046/2296/4945 2045/2297/4945
f 2044/2298/4946 2043/2299/4947 2050/2300/4948
f 2015/2301/4949 2053/2302/4949 2011/2303/4949
f 2034/2304/4936 2050/2305/4936 2051/2306/4936
f 2034/2307/4950 2048/2308/4950 2040/2309/4950
f 2038/2310/4951 2051/2311/4951 2050/2312/4951
f 2042/2313/4952 2039/2314/4952 2038/2315/4952
f 2012/2316/4953 2042/2317/4953 2054/2318/4953
f 2016/2319/4954 2055/2320/4954 2019/2321/4954
f 2056/2322/4955 2057/2323/4955 2058/2324/4955
f 2059/2325/4956 2060/2326/4956 2061/2327/4956
f 2062/2328/4957 2063/2329/4957 2064/2330/4957
f 2065/2331/4958 2066/2332/4958 2067/2333/4958
f 2068/2334/4959 2069/2335/4959 2070/2336/4959
f 2071/2337/4960 2072/2338/4960 2073/2339/4960
f 2074/2340/4961 2075/2341/4961 2076/2342/4961
f 2077/2343/4962 2078/2344/4962 2079/2345/4962
f 2080/2346/4963 2081/2347/4963 2082/2348/4963
f 2083/2349/4964 2084/2350/4964 2085/2351/4964
f 2086/2352/4965 2087/2353/4965 2088/2354/4965
f 2089/2355/4966 2090/2356/4966 2091/2357/4966
f 2092/2358/4967 2093/2359/4967 2094/2360/4967
f 2095/2361/4968 2096/2362/4968 2097/2363/4968
f 2098/2364/4969 2099/2365/4969 2100/2366/4969
f 2101/2367/4970 2102/2368/4970 2103/2369/4970
f 2104/2370/4971 2105/2371/4971 2106/2372/4971
f 2107/2373/4972 2108/2374/4972 2109/2375/4972
f 2110/2376/4973 2111/2377/4973 2112/2378/4973
f 2113/2379/4974 2114/2380/4974 2115/2381/4974
f 2116/2382/4975 2117/2383/4975 2118/2384/4975
f 2119/2385/4976 2120/2386/4976 2121/2387/4976
f 2122/2388/4977 2123/2389/4977 2124/2390/4977
f 2125/2391/4978 2126/2392/4978 2127/2393/4978
f 2128/2394/4979 2129/2395/4979 2130/2396/4979
f 2131/2397/4980 2132/2398/4980 2133/2399/4980
f 2134/2400/4981 2135/2401/4981 2136/2402/4981
f 2137/2403/4982 2138/2404/4982 2139/2405/4982
f 2140/2406/4983 2141/2407/4983 2142/2408/4983
f 2143/2409/4984 2144/2410/4984 2145/2411/4984
f 2146/2412/4985 2147/2413/4985 2148/2414/4985
f 2149/2415/4986 2150/2416/4986 2151/2417/4986
f 2152/2418/4987 2153/2419/4987 2154/2420/4987
f 2155/2421/4988 2156/2422/4988 2157/2423/4988
f 2014/2424/4989 2158/2425/4989 2055/2426/4989
f 2158/2427/4990 2159/2428/4990 2019/2429/4990
f 2158/2430/4991 2020/2431/4991 2160/2432/4991
f 2010/2433/4992 2161/2434/4992 2022/2435/4992
f 2010/2436/4993 2083/2437/4993 2162/2438/4993
f 2013/2439/4994 2163/2440/4994 2085/2441/4994
f 2013/2442/4995 2080/2443/4995 2164/2444/4995
f 2022/2445/4996 2161/2446/4996 2159/2447/4996
f 2161/2448/4997 2162/2449/4997 2085/2450/4997
f 2165/2451/4998 2166/2452/4999 2082/2453/4999
f 2165/2454/5000 2077/2455/5000 2167/2456/5000
f 2168/2457/5001 2169/2458/5001 2079/2459/5001
f 2168/2460/5002 2075/2461/5002 2074/2462/5002
f 2170/2463/5003 2171/2464/5003 2172/2465/5003
f 2170/2466/5004 2072/2467/5004 2071/2468/5004
f 2075/2469/5005 2168/2470/5005 2170/2471/5005
f 2165/2472/5006 2168/2473/5006 2078/2474/5006
f 2013/2475/5007 2165/2476/5007 2081/2477/5007
f 2010/2478/5008 2013/2479/5008 2084/2480/5008
f 2158/2481/5009 2010/2482/5009 2021/2483/5009
f 2120/2484/5010 2119/2485/5011 2159/2486/5012
f 2087/2487/5013 2086/2488/5014 2018/2489/5015
f 2117/2490/5016 2116/2491/5017 2161/2492/5018
f 2161/2493/5019 2116/2494/5019 2173/2495/5019
f 2121/2496/5020 2120/2497/5020 2161/2498/5020
f 2159/2499/5021 2119/2500/5021 2174/2501/5021
f 2088/2502/5022 2087/2503/5022 2159/2504/5022
f 2018/2505/5023 2086/2506/5023 2175/2507/5023
f 2176/2508/5024 2175/2509/5025 2088/2510/5026
f 2121/2511/5027 2177/2512/5028 2178/2513/5029
f 2118/2514/5030 2117/2515/5030 2163/2516/5030
f 2163/2517/5031 2113/2518/5031 2179/2519/5031
f 2114/2520/5032 2113/2521/5033 2163/2522/5034
f 2163/2523/5035 2164/2524/5035 2082/2525/5035
f 2166/2526/5036 2167/2527/5036 2079/2528/5036
f 2169/2529/5037 2074/2530/5037 2172/2531/5037
f 2180/2532/5038 2066/2533/5038 2065/2534/5038
f 2180/2535/5039 2181/2536/5039 2070/2537/5039
f 2182/2538/5040 2068/2539/5040 2183/2540/5040
f 2182/2541/5041 2184/2542/5041 2185/2543/5041
f 2184/2544/5042 2171/2545/5042 2071/2546/5042
f 2170/2547/5043 2182/2548/5043 2073/2549/5043
f 2182/2550/5044 2180/2551/5044 2069/2552/5044
f 2015/2553/5045 2186/2554/5045 2187/2555/5045
f 2015/2556/5046 2063/2557/5046 2062/2558/5046
f 2188/2559/5047 2189/2560/5047 2190/2561/5047
f 2188/2562/5048 2059/2563/5048 2191/2564/5048
f 2192/2565/5049 2193/2566/5049 2061/2567/5049
f 2192/2568/5050 2057/2569/5050 2056/2570/5050
f 2014/2571/5051 2018/2572/5051 2194/2573/5051
f 2014/2574/5052 2058/2575/5052 2057/2576/5052
f 2188/2577/5053 2192/2578/5053 2060/2579/5053
f 2015/2580/5054 2188/2581/5054 2064/2582/5054
f 2180/2583/5055 2015/2584/5055 2067/2585/5055
f 2184/2586/5056 2183/2587/5056 2070/2588/5056
f 2181/2589/5057 2065/2590/5057 2187/2591/5057
f 2189/2592/5058 2186/2593/5058 2062/2594/5058
f 2189/2595/5059 2191/2596/5059 2061/2597/5059
f 2193/2598/5060 2056/2599/5060 2194/2600/5060
f 2090/2601/5061 2089/2602/5062 2193/2603/5063
f 2091/2604/5064 2090/2605/5064 2018/2606/5064
f 2093/2607/5065 2092/2608/5066 2189/2609/5067
f 2096/2610/5068 2095/2611/5069 2186/2612/5070
f 2097/2613/5071 2096/2614/5071 2189/2615/5071
f 2189/2616/5072 2092/2617/5072 2195/2618/5072
f 2094/2619/5073 2093/2620/5073 2193/2621/5073
f 2193/2622/5074 2089/2623/5074 2196/2624/5074
f 2197/2625/5075 2196/2626/5076 2091/2627/5077
f 2198/2628/5078 2195/2629/5079 2094/2630/5080
f 2186/2631/5081 2095/2632/5081 2199/2633/5081
f 2200/2634/5082 2100/2635/5082 2186/2636/5082
f 2181/2637/5083 2099/2638/5083 2098/2639/5083
f 2103/2640/5084 2102/2641/5084 2181/2642/5084
f 2184/2643/5085 2101/2644/5085 2201/2645/5085
f 2106/2646/5086 2105/2647/5086 2184/2648/5086
f 2171/2649/5087 2104/2650/5087 2202/2651/5087
f 2109/2652/5088 2108/2653/5088 2171/2654/5088
f 2169/2655/5089 2107/2656/5089 2203/2657/5089
f 2112/2658/5090 2111/2659/5091 2169/2660/5091
f 2108/2661/5092 2107/2662/5093 2169/2663/5094
f 2105/2664/5095 2104/2665/5096 2171/2666/5097
f 2102/2667/5098 2101/2668/5099 2184/2669/5100
f 2100/2670/5101 2099/2671/5102 2181/2672/5103
f 2204/2673/5104 2199/2674/5105 2097/2675/5105
f 2205/2676/5106 2098/2677/5107 2200/2678/5108
f 2206/2679/5109 2201/2680/5110 2103/2681/5111
f 2207/2682/5112 2202/2683/5113 2106/2684/5114
f 2208/2685/5115 2203/2686/5116 2109/2687/5117
f 2166/2688/5118 2110/2689/5118 2209/2690/5118
f 2115/2691/5119 2114/2692/5119 2166/2693/5119
f 2111/2694/5120 2110/2695/5121 2166/2696/5122
f 2210/2697/5123 2209/2698/5124 2112/2699/5125
f 2211/2700/5126 2179/2701/5127 2115/2702/5128
f 2177/2703/5129 2173/2704/5130 2118/2705/5131
f 2212/2706/5132 2213/2707/5132 2214/2708/5132
f 2155/2709/5133 2178/2710/5133 2177/2711/5133
f 2212/2712/5134 2157/2713/5134 2156/2714/5134
f 2213/2715/5135 2178/2716/5135 2155/2717/5135
f 2176/2718/5136 2178/2719/5136 2153/2720/5136
f 2213/2721/5137 2215/2722/5137 2216/2723/5137
f 2215/2724/5138 2217/2725/5138 2149/2726/5138
f 2197/2727/5139 2176/2728/5139 2151/2729/5139
f 2217/2730/5140 2218/2731/5140 2219/2732/5140
f 2197/2733/5141 2147/2734/5141 2146/2735/5141
f 2217/2736/5142 2148/2737/5142 2147/2738/5142
f 2217/2739/5143 2197/2740/5143 2150/2741/5143
f 2215/2742/5144 2220/2743/5144 2151/2744/5144
f 2215/2745/5145 2176/2746/5145 2152/2747/5145
f 2218/2748/5146 2221/2749/5146 2222/2750/5146
f 2221/2751/5147 2223/2752/5147 2140/2753/5147
f 2205/2754/5148 2204/2755/5148 2142/2756/5148
f 2221/2757/5149 2224/2758/5149 2142/2759/5149
f 2198/2760/5150 2144/2761/5150 2143/2762/5150
f 2218/2763/5151 2145/2764/5151 2144/2765/5151
f 2218/2766/5152 2198/2767/5152 2146/2768/5152
f 2221/2769/5153 2204/2770/5153 2143/2771/5153
f 2205/2772/5154 2138/2773/5154 2137/2774/5154
f 2207/2775/5155 2206/2776/5155 2135/2777/5155
f 2208/2778/5156 2207/2779/5156 2133/2780/5156
f 2223/2781/5157 2225/2782/5157 2009/2783/5157
f 2225/2784/5158 2226/2785/5158 2227/2786/5158
f 2228/2787/5159 2131/2788/5159 2229/2789/5159
f 2226/2790/5160 2229/2791/5160 2133/2792/5160
f 2226/2793/5161 2207/2794/5161 2134/2795/5161
f 2225/2796/5162 2136/2797/5162 2135/2798/5163
f 2225/2799/5164 2206/2800/5164 2137/2801/5164
f 2223/2802/5165 2139/2803/5165 2138/2804/5165
f 2223/2805/5166 2205/2806/5166 2141/2807/5166
f 2210/2808/5167 2208/2809/5167 2130/2810/5167
f 2210/2811/5168 2126/2812/5168 2125/2813/5168
f 2230/2814/5169 2231/2815/5169 2232/2816/5169
f 2230/2817/5170 2128/2818/5170 2233/2819/5170
f 2228/2820/5171 2233/2821/5171 2130/2822/5171
f 2228/2823/5172 2208/2824/5172 2132/2825/5172
f 2230/2826/5173 2210/2827/5173 2129/2828/5173
f 2230/2829/5174 2127/2830/5174 2126/2831/5175
f 2177/2832/5176 2211/2833/5176 2124/2834/5176
f 2212/2835/5177 2122/2836/5177 2234/2837/5177
f 2231/2838/5178 2234/2839/5178 2124/2840/5178
f 2231/2841/5179 2211/2842/5179 2125/2843/5179
f 2212/2844/5180 2177/2845/5180 2123/2846/5180
f 2213/2847/5181 2154/2848/5181 2153/2849/5182
f 2012/2850/5183 2011/2851/4950 2039/2852/5183
f 2028/2853/5184 2235/2854/5184 2236/2855/5184
f 2237/2856/5185 2027/2857/5185 2026/2858/5185
f 2238/2859/5186 2180/2860/5186 2239/2861/5186
f 2236/2862/5187 2240/2863/5188 2053/2864/5189
f 2180/2865/5190 2013/2866/5191 2012/2867/5192
f 2044/2868/4952 2037/2869/4952 2052/2870/4952
f 2238/2871/5193 2236/2872/5193 2015/2873/5193
s 0
f 2236/2874/5194 2238/2875/5194 2241/2876/5194
s 1
f 2242/2877/5195 2243/2878/5195 2236/2879/5195
f 2244/2880/5196 2245/2881/5197 2238/2882/5198
f 2246/2883/5199 2247/2884/5199 2248/2885/5199
f 2013/2886/4922 2010/2887/4922 2012/2888/4922
f 2015/2889/4923 2180/2890/4923 2170/2891/4923
f 2182/2892/4923 2170/2893/4923 2180/2894/4923
f 2168/2895/4923 2165/2896/4923 2013/2897/4923
f 2013/2898/4923 2010/2899/4923 2014/2900/4923
f 2158/2901/4923 2014/2902/4923 2010/2903/4923
f 2192/2904/4923 2188/2905/4923 2015/2906/4923
f 2015/2907/4923 2170/2908/4923 2168/2909/4923
f 2168/2910/4923 2013/2911/4923 2015/2912/4923
f 2014/2913/4923 2192/2914/4923 2015/2915/4923
f 2018/2916/4924 2014/2917/4924 2017/2918/4924
f 2159/2919/4925 2018/2920/4925 2019/2921/4925
f 2160/2922/4926 2020/2923/4926 2022/2924/4926
f 2031/2925/4927 2023/2926/4927 2025/2927/4927
f 2023/2928/4928 2026/2929/4928 2024/2930/4928
f 2249/2931/4929 2028/2932/4929 2030/2933/4929
f 2033/2934/4930 2031/2935/4930 2032/2936/4930
f 2030/2937/4931 2029/2938/4931 2032/2939/4931
f 2049/2940/4932 2034/2941/4932 2036/2942/4932
f 2052/2943/5200 2037/2944/5200 2039/2945/5200
f 2036/2946/4934 2035/2947/4934 2041/2948/4934
f 2054/2949/5201 2042/2950/5201 2044/2951/5201
f 2049/2952/4936 2045/2953/4936 2047/2954/4936
f 2040/2955/4937 2048/2956/4937 2041/2957/4937
f 2045/2958/4938 2049/2959/4938 2041/2960/4938
f 2046/2961/4939 2037/2962/4939 2047/2963/4939
f 2047/2964/5202 2050/2965/5202 2049/2966/5202
f 2046/2967/5203 2051/2968/4941 2037/2969/4943
f 2053/2970/5189 2052/2971/4944 2011/2972/4944
f 2048/2973/5204 2051/2974/5204 2045/2975/5204
f 2047/2976/5205 2044/2977/4946 2050/2978/4948
f 2010/2979/5206 2015/2980/5206 2011/2981/5206
f 2048/2982/4936 2034/2983/4936 2051/2984/4936
f 2035/2985/4950 2034/2986/4950 2040/2987/4950
f 2043/2988/4951 2038/2989/4951 2050/2990/4951
f 2043/2991/4952 2042/2992/4952 2038/2993/4952
f 2239/2994/5207 2012/2995/4953 2054/2996/4953
f 2017/2997/4954 2016/2998/4954 2019/2999/4954
f 2194/3000/4955 2056/3001/4955 2058/3002/4955
f 2191/3003/4956 2059/3004/4956 2061/3005/4956
f 2190/3006/4957 2062/3007/4957 2064/3008/4957
f 2187/3009/4958 2065/3010/4958 2067/3011/4958
f 2183/3012/4959 2068/3013/4959 2070/3014/4959
f 2185/3015/4960 2071/3016/4960 2073/3017/4960
f 2172/3018/4961 2074/3019/4961 2076/3020/4961
f 2167/3021/4962 2077/3022/4962 2079/3023/4962
f 2164/3024/4963 2080/3025/4963 2082/3026/4963
f 2162/3027/4964 2083/3028/4964 2085/3029/4964
f 2175/3030/4965 2086/3031/4965 2088/3032/4965
f 2196/3033/4966 2089/3034/4966 2091/3035/4966
f 2195/3036/4967 2092/3037/4967 2094/3038/4967
f 2199/3039/4968 2095/3040/4968 2097/3041/4968
f 2200/3042/4969 2098/3043/4969 2100/3044/4969
f 2201/3045/4970 2101/3046/4970 2103/3047/4970
f 2202/3048/4971 2104/3049/4971 2106/3050/4971
f 2203/3051/4972 2107/3052/4972 2109/3053/4972
f 2209/3054/4973 2110/3055/4973 2112/3056/4973
f 2179/3057/4974 2113/3058/4974 2115/3059/4974
f 2173/3060/4975 2116/3061/4975 2118/3062/4975
f 2174/3063/4976 2119/3064/4976 2121/3065/4976
f 2234/3066/4977 2122/3067/4977 2124/3068/4977
f 2232/3069/4978 2125/3070/4978 2127/3071/4978
f 2233/3072/4979 2128/3073/4979 2130/3074/4979
f 2229/3075/4980 2131/3076/4980 2133/3077/4980
f 2227/3078/4981 2134/3079/4981 2136/3080/4981
f 2009/3081/4982 2137/3082/4982 2139/3083/4982
f 2224/3084/4983 2140/3085/4983 2142/3086/4983
f 2222/3087/4984 2143/3088/4984 2145/3089/4984
f 2219/3090/4985 2146/3091/4985 2148/3092/4985
f 2220/3093/4986 2149/3094/4986 2151/3095/4986
f 2216/3096/4987 2152/3097/4987 2154/3098/4987
f 2214/3099/4988 2155/3100/4988 2157/3101/4988
f 2016/3102/4989 2014/3103/4989 2055/3104/4989
f 2055/3105/4990 2158/3106/4990 2019/3107/4990
f 2159/3108/4991 2158/3109/4991 2160/3110/4991
f 2021/3111/4992 2010/3112/4992 2022/3113/4992
f 2161/3114/4993 2010/3115/4993 2162/3116/4993
f 2084/3117/4994 2013/3118/4994 2085/3119/4994
f 2163/3120/4995 2013/3121/4995 2164/3122/4995
f 2160/3123/4996 2022/3124/4996 2159/3125/4996
f 2163/3126/4997 2161/3127/4997 2085/3128/4997
f 2081/3129/4998 2165/3130/4998 2082/3131/4999
f 2166/3132/5000 2165/3133/5000 2167/3134/5000
f 2078/3135/5001 2168/3136/5001 2079/3137/5001
f 2169/3138/5002 2168/3139/5002 2074/3140/5002
f 2076/3141/5003 2170/3142/5003 2172/3143/5003
f 2171/3144/5004 2170/3145/5004 2071/3146/5004
f 2076/3147/5005 2075/3148/5005 2170/3149/5005
f 2077/3150/5006 2165/3151/5006 2078/3152/5006
f 2080/3153/5007 2013/3154/5007 2081/3155/5007
f 2083/3156/5008 2010/3157/5008 2084/3158/5008
f 2020/3159/5009 2158/3160/5009 2021/3161/5009
f 2161/3162/5208 2120/3163/5010 2159/3164/5012
f 2159/3165/5013 2087/3166/5013 2018/3167/5015
f 2163/3168/5209 2117/3169/5016 2161/3170/5018
f 2177/3171/5019 2161/3172/5019 2173/3173/5019
f 2177/3174/5020 2121/3175/5020 2161/3176/5020
f 2178/3177/5021 2159/3178/5021 2174/3179/5021
f 2178/3180/5022 2088/3181/5022 2159/3182/5022
f 2176/3183/5023 2018/3184/5023 2175/3185/5023
f 2178/3186/5026 2176/3187/5024 2088/3188/5026
f 2174/3189/5210 2121/3190/5027 2178/3191/5029
f 2211/3192/5030 2118/3193/5030 2163/3194/5030
f 2211/3195/5031 2163/3196/5031 2179/3197/5031
f 2166/3198/5211 2114/3199/5032 2163/3200/5034
f 2166/3201/5035 2163/3202/5035 2082/3203/5035
f 2169/3204/5036 2166/3205/5036 2079/3206/5036
f 2171/3207/5037 2169/3208/5037 2172/3209/5037
f 2181/3210/5038 2180/3211/5038 2065/3212/5038
f 2069/3213/5039 2180/3214/5039 2070/3215/5039
f 2184/3216/5040 2182/3217/5040 2183/3218/5040
f 2073/3219/5041 2182/3220/5041 2185/3221/5041
f 2185/3222/5042 2184/3223/5042 2071/3224/5042
f 2072/3225/5043 2170/3226/5043 2073/3227/5043
f 2068/3228/5044 2182/3229/5044 2069/3230/5044
f 2067/3231/5045 2015/3232/5045 2187/3233/5045
f 2186/3234/5046 2015/3235/5046 2062/3236/5046
f 2064/3237/5047 2188/3238/5047 2190/3239/5047
f 2189/3240/5048 2188/3241/5048 2191/3242/5048
f 2060/3243/5049 2192/3244/5049 2061/3245/5049
f 2193/3246/5050 2192/3247/5050 2056/3248/5050
f 2058/3249/5051 2014/3250/5051 2194/3251/5051
f 2192/3252/5052 2014/3253/5052 2057/3254/5052
f 2059/3255/5053 2188/3256/5053 2060/3257/5053
f 2063/3258/5054 2015/3259/5054 2064/3260/5054
f 2066/3261/5055 2180/3262/5055 2067/3263/5055
f 2181/3264/5056 2184/3265/5056 2070/3266/5056
f 2186/3267/5057 2181/3268/5057 2187/3269/5057
f 2190/3270/5058 2189/3271/5058 2062/3272/5058
f 2193/3273/5059 2189/3274/5059 2061/3275/5059
f 2018/3276/5060 2193/3277/5060 2194/3278/5060
f 2018/3279/5212 2090/3280/5061 2193/3281/5063
f 2176/3282/5064 2091/3283/5064 2018/3284/5064
f 2193/3285/5213 2093/3286/5065 2189/3287/5067
f 2189/3288/5214 2096/3289/5068 2186/3290/5070
f 2198/3291/5071 2097/3292/5071 2189/3293/5071
f 2198/3294/5072 2189/3295/5072 2195/3296/5072
f 2197/3297/5073 2094/3298/5073 2193/3299/5073
f 2197/3300/5074 2193/3301/5074 2196/3302/5074
f 2176/3303/5215 2197/3304/5075 2091/3305/5077
f 2197/3306/5216 2198/3307/5078 2094/3308/5080
f 2204/3309/5081 2186/3310/5081 2199/3311/5081
f 2204/3312/5082 2200/3313/5082 2186/3314/5082
f 2205/3315/5083 2181/3316/5083 2098/3317/5083
f 2205/3318/5084 2103/3319/5084 2181/3320/5084
f 2206/3321/5085 2184/3322/5085 2201/3323/5085
f 2206/3324/5086 2106/3325/5086 2184/3326/5086
f 2207/3327/5087 2171/3328/5087 2202/3329/5087
f 2207/3330/5088 2109/3331/5088 2171/3332/5088
f 2208/3333/5089 2169/3334/5089 2203/3335/5089
f 2208/3336/5090 2112/3337/5090 2169/3338/5091
f 2171/3339/5217 2108/3340/5092 2169/3341/5094
f 2184/3342/5218 2105/3343/5095 2171/3344/5097
f 2181/3345/5219 2102/3346/5098 2184/3347/5100
f 2186/3348/5220 2100/3349/5101 2181/3350/5103
f 2198/3351/5221 2204/3352/5104 2097/3353/5105
f 2204/3354/5222 2205/3355/5106 2200/3356/5108
f 2205/3357/5223 2206/3358/5109 2103/3359/5111
f 2206/3360/5224 2207/3361/5112 2106/3362/5114
f 2207/3363/5225 2208/3364/5115 2109/3365/5117
f 2210/3366/5118 2166/3367/5118 2209/3368/5118
f 2210/3369/5119 2115/3370/5119 2166/3371/5119
f 2169/3372/5226 2111/3373/5120 2166/3374/5122
f 2208/3375/5227 2210/3376/5123 2112/3377/5125
f 2210/3378/5228 2211/3379/5126 2115/3380/5128
f 2211/3381/5229 2177/3382/5129 2118/3383/5131
f 2157/3384/5132 2212/3385/5132 2214/3386/5132
f 2156/3387/5133 2155/3388/5133 2177/3389/5133
f 2177/3390/5134 2212/3391/5134 2156/3392/5134
f 2214/3393/5135 2213/3394/5135 2155/3395/5135
f 2152/3396/5136 2176/3397/5136 2153/3398/5136
f 2154/3399/5137 2213/3400/5137 2216/3401/5137
f 2220/3402/5138 2215/3403/5138 2149/3404/5138
f 2150/3405/5139 2197/3406/5139 2151/3407/5139
f 2148/3408/5140 2217/3409/5140 2219/3410/5140
f 2198/3411/5141 2197/3412/5141 2146/3413/5141
f 2197/3414/5142 2217/3415/5142 2147/3416/5142
f 2149/3417/5143 2217/3418/5143 2150/3419/5143
f 2176/3420/5144 2215/3421/5144 2151/3422/5144
f 2216/3423/5145 2215/3424/5145 2152/3425/5145
f 2145/3426/5146 2218/3427/5146 2222/3428/5146
f 2224/3429/5147 2221/3430/5147 2140/3431/5147
f 2141/3432/5148 2205/3433/5148 2142/3434/5148
f 2204/3435/5149 2221/3436/5149 2142/3437/5149
f 2204/3438/5150 2198/3439/5150 2143/3440/5150
f 2198/3441/5151 2218/3442/5151 2144/3443/5151
f 2219/3444/5152 2218/3445/5152 2146/3446/5152
f 2222/3447/5153 2221/3448/5153 2143/3449/5153
f 2206/3450/5154 2205/3451/5154 2137/3452/5154
f 2134/3453/5155 2207/3454/5155 2135/3455/5155
f 2132/3456/5156 2208/3457/5156 2133/3458/5156
f 2139/3459/5157 2223/3460/5157 2009/3461/5157
f 2136/3462/5158 2225/3463/5158 2227/3464/5158
f 2226/3465/5159 2228/3466/5159 2229/3467/5159
f 2207/3468/5160 2226/3469/5160 2133/3470/5160
f 2227/3471/5161 2226/3472/5161 2134/3473/5161
f 2206/3474/5163 2225/3475/5162 2135/3476/5163
f 2009/3477/5164 2225/3478/5164 2137/3479/5164
f 2205/3480/5165 2223/3481/5165 2138/3482/5165
f 2140/3483/5166 2223/3484/5166 2141/3485/5166
f 2129/3486/5167 2210/3487/5167 2130/3488/5167
f 2211/3489/5168 2210/3490/5168 2125/3491/5168
f 2127/3492/5169 2230/3493/5169 2232/3494/5169
f 2228/3495/5170 2230/3496/5170 2233/3497/5170
f 2208/3498/5171 2228/3499/5171 2130/3500/5171
f 2131/3501/5172 2228/3502/5172 2132/3503/5172
f 2128/3504/5173 2230/3505/5173 2129/3506/5173
f 2210/3507/5175 2230/3508/5174 2126/3509/5175
f 2123/3510/5176 2177/3511/5176 2124/3512/5176
f 2231/3513/5177 2212/3514/5177 2234/3515/5177
f 2211/3516/5178 2231/3517/5178 2124/3518/5178
f 2232/3519/5179 2231/3520/5179 2125/3521/5179
f 2122/3522/5180 2212/3523/5180 2123/3524/5180
f 2178/3525/5182 2213/3526/5181 2153/3527/5182
f 2042/3528/5183 2012/3529/5183 2039/3530/5183
s 0
f 2236/3531/5194 2243/3532/5194 2028/3533/5194
s 1
f 2028/3534/5230 2249/3535/5230 2235/3536/5230
s 0
f 2026/3537/5194 2242/3538/5194 2238/3539/5194
s 1
f 2238/3540/5231 2237/3541/5231 2026/3542/5231
f 2239/3543/5207 2054/3544/4953 2250/3545/5232
f 2250/3546/5232 2238/3547/5233 2239/3548/5207
f 2053/3549/5234 2015/3550/5234 2236/3551/5234
s 0
f 2236/3552/5194 2247/3553/5194 2240/3554/5194
s 1
f 2240/3555/5188 2052/3556/4944 2053/3557/5189
f 2239/3558/5235 2180/3559/5190 2012/3560/5192
f 2054/3561/4952 2044/3562/4952 2052/3563/4952
f 2180/3564/5193 2238/3565/5193 2015/3566/5193
s 0
f 2247/3567/5194 2236/3568/5194 2241/3569/5194
s 1
f 2238/3570/5195 2242/3571/5195 2236/3572/5195
f 2238/3573/5198 2250/3574/5236 2251/3575/5237
f 2251/3576/5237 2244/3577/5196 2238/3578/5198
f 2245/3579/5197 2252/3580/5238 2238/3581/5198
f 2237/3582/5239 2238/3583/5239 2252/3584/5239
f 2235/3585/5240 2253/3586/5240 2247/3587/5240
f 2254/3588/5241 2248/3589/5242 2247/3590/5243
f 2246/3591/5244 2240/3592/5244 2247/3593/5244
s 0
f 2247/3594/5194 2236/3595/5194 2235/3596/5194
s 1
f 2253/3597/5245 2254/3598/5241 2247/3599/5243
f 2255/3600/5246 2256/3601/5246 2257/3602/5246
f 2026/3603/5247 2023/3604/5247 2029/3605/5247
f 2237/3606/5248 2235/3607/5248 2249/3608/5248
f 2027/3609/5249 2249/3610/5249 2030/3611/5249
f 2030/3612/5250 2032/3613/5250 2025/3614/5250
f 2029/3615/5251 2023/3616/5251 2031/3617/5251
s 0
f 2243/3618/5194 2242/3619/5194 2026/3620/5194
s 1
f 2258/3621/5252 2259/3622/5252 2260/3623/5252
f 2260/3624/5253 2259/3625/5253 2261/3626/5253
f 2262/3627/5254 2261/3628/5254 2258/3629/5254
f 2258/3630/5255 2263/3631/5255 2264/3632/5255
f 2264/3633/5256 2265/3634/5256 2261/3635/5256
f 2261/3636/5257 2265/3637/5257 2263/3638/5257
f 2263/3639/5258 2266/3640/5259 2267/3641/5259
f 2267/3642/5260 2268/3643/5260 2265/3644/5260
f 2265/3645/5261 2268/3646/5262 2266/3647/5262
f 2266/3648/5263 2269/3649/5263 2270/3650/5263
f 2270/3651/5264 2271/3652/5264 2268/3653/5264
f 2268/3654/5265 2271/3655/5265 2269/3656/5265
f 2272/3657/5266 2260/3658/5266 2270/3659/5266
f 2270/3660/5267 2260/3661/5267 2262/3662/5267
f 2271/3663/5268 2262/3664/5268 2272/3665/5268
f 2244/3666/5269 2248/3667/5269 2254/3668/5269
f 2251/3669/5270 2246/3670/5270 2248/3671/5270
f 2250/3672/5271 2240/3673/5271 2246/3674/5271
f 2235/3675/5272 2237/3676/5272 2252/3677/5272
f 2253/3678/5273 2252/3679/5273 2245/3680/5273
f 2273/3681/5274 2274/3682/5274 2275/3683/5274
f 2276/3684/5275 2275/3685/5275 2277/3686/5275
f 2277/3687/5276 2275/3688/5276 2278/3689/5276
f 2274/3690/5277 2279/3691/5277 2278/3692/5277
f 2278/3693/5278 2280/3694/5278 2281/3695/5278
f 2279/3696/5279 2282/3697/5279 2280/3698/5279
f 2280/3699/5280 2283/3700/5280 2284/3701/5280
f 2282/3702/5281 2285/3703/5281 2283/3704/5281
f 2284/3705/5282 2283/3706/5282 2286/3707/5282
f 2285/3708/5283 2287/3709/5283 2286/3710/5283
f 2287/3711/5284 2288/3712/5284 2289/3713/5284
f 2286/3714/5285 2289/3715/5285 2290/3716/5285
f 2288/3717/5286 2291/3718/5286 2292/3719/5286
f 2289/3720/5287 2292/3721/5287 2293/3722/5287
f 2273/3723/5288 2294/3724/5288 2274/3725/5288
f 2274/3726/5289 2294/3727/5289 2279/3728/5289
f 2279/3729/5290 2294/3730/5290 2282/3731/5290
f 2282/3732/5291 2294/3733/5291 2285/3734/5291
f 2285/3735/5292 2294/3736/5292 2287/3737/5292
f 2287/3738/5293 2294/3739/5293 2288/3740/5293
f 2288/3741/5294 2294/3742/5294 2291/3743/5294
f 2291/3744/5295 2273/3745/5295 2276/3746/5295
f 2293/3747/5296 2292/3748/5296 2276/3749/5296
f 2291/3750/5297 2294/3751/5297 2273/3752/5297
f 2213/3753/5298 2295/3754/5298 2257/3755/5298
f 2296/3756/5299 2217/3757/5299 2215/3758/5299
f 2297/3759/5300 2218/3760/5300 2217/3761/5300
f 2218/3762/5301 2297/3763/5301 2256/3764/5301
f 2298/3765/5302 2223/3766/5302 2221/3767/5302
f 2223/3768/5303 2298/3769/5303 2299/3770/5303
f 2300/3771/5304 2226/3772/5304 2225/3773/5304
f 2226/3774/5305 2300/3775/5305 2301/3776/5305
f 2302/3777/5306 2230/3778/5306 2228/3779/5306
f 2230/3780/5307 2302/3781/5307 2255/3782/5307
f 2303/3783/5308 2212/3784/5308 2231/3785/5308
f 2295/3786/5309 2213/3787/5309 2212/3788/5309
f 2250/3789/5310 2054/3790/5310 2052/3791/5310
f 2297/3792/5246 2296/3793/5246 2257/3794/5246
f 2257/3795/5246 2295/3796/5246 2303/3797/5246
f 2303/3798/5246 2255/3799/5246 2257/3800/5246
f 2302/3801/5246 2301/3802/5246 2300/3803/5246
f 2300/3804/5246 2299/3805/5246 2256/3806/5246
f 2298/3807/5246 2256/3808/5246 2299/3809/5246
f 2297/3810/5246 2257/3811/5246 2256/3812/5246
f 2255/3813/5246 2302/3814/5246 2300/3815/5246
f 2300/3816/5246 2256/3817/5246 2255/3818/5246
f 2028/3819/5247 2026/3820/5247 2029/3821/5247
f 2027/3822/5248 2237/3823/5248 2249/3824/5248
f 2024/3825/5249 2027/3826/5249 2030/3827/5249
f 2024/3828/5250 2030/3829/5250 2025/3830/5250
f 2033/3831/5251 2029/3832/5251 2031/3833/5251
s 0
f 2028/3834/5194 2243/3835/5194 2026/3836/5194
s 1
f 2272/3837/5252 2258/3838/5252 2260/3839/5252
f 2262/3840/5253 2260/3841/5253 2261/3842/5253
f 2272/3843/5254 2262/3844/5254 2258/3845/5254
f 2259/3846/5255 2258/3847/5255 2264/3848/5255
f 2259/3849/5256 2264/3850/5256 2261/3851/5256
f 2258/3852/5257 2261/3853/5257 2263/3854/5257
f 2264/3855/5258 2263/3856/5258 2267/3857/5259
f 2264/3858/5260 2267/3859/5260 2265/3860/5260
f 2263/3861/5261 2265/3862/5261 2266/3863/5262
f 2267/3864/5263 2266/3865/5263 2270/3866/5263
f 2267/3867/5264 2270/3868/5264 2268/3869/5264
f 2266/3870/5265 2268/3871/5265 2269/3872/5265
f 2269/3873/5266 2272/3874/5266 2270/3875/5266
f 2271/3876/5267 2270/3877/5267 2262/3878/5267
f 2269/3879/5268 2271/3880/5268 2272/3881/5268
f 2245/3882/5269 2244/3883/5269 2254/3884/5269
f 2244/3885/5270 2251/3886/5270 2248/3887/5270
f 2251/3888/5271 2250/3889/5271 2246/3890/5271
f 2253/3891/5272 2235/3892/5272 2252/3893/5272
f 2254/3894/5273 2253/3895/5273 2245/3896/5273
f 2276/3897/5274 2273/3898/5274 2275/3899/5274
f 2304/3900/5275 2276/3901/5275 2277/3902/5275
f 2305/3903/5276 2277/3904/5276 2278/3905/5276
f 2275/3906/5277 2274/3907/5277 2278/3908/5277
f 2305/3909/5278 2278/3910/5278 2281/3911/5278
f 2278/3912/5279 2279/3913/5279 2280/3914/5279
f 2281/3915/5280 2280/3916/5280 2284/3917/5280
f 2280/3918/5281 2282/3919/5281 2283/3920/5281
f 2306/3921/5282 2284/3922/5282 2286/3923/5282
f 2283/3924/5283 2285/3925/5283 2286/3926/5283
f 2286/3927/5284 2287/3928/5284 2289/3929/5284
f 2306/3930/5285 2286/3931/5285 2290/3932/5285
f 2289/3933/5286 2288/3934/5286 2292/3935/5286
f 2290/3936/5287 2289/3937/5287 2293/3938/5287
f 2292/3939/5295 2291/3940/5295 2276/3941/5295
f 2304/3942/5296 2293/3943/5296 2276/3944/5296
f 2215/3945/5311 2213/3946/5311 2257/3947/5311
f 2257/3948/5312 2296/3949/5312 2215/3950/5312
f 2296/3951/5313 2297/3952/5313 2217/3953/5313
f 2221/3954/5314 2218/3955/5314 2256/3956/5314
f 2256/3957/5315 2298/3958/5315 2221/3959/5315
f 2225/3960/5316 2223/3961/5316 2299/3962/5316
f 2299/3963/5317 2300/3964/5317 2225/3965/5317
f 2228/3966/5318 2226/3967/5318 2301/3968/5318
f 2301/3969/5319 2302/3970/5319 2228/3971/5319
f 2231/3972/5320 2230/3973/5320 2255/3974/5320
f 2255/3975/5321 2303/3976/5321 2231/3977/5321
f 2303/3978/5322 2295/3979/5322 2212/3980/5322
f 2240/3981/5310 2250/3982/5310 2052/3983/5310
